movie_id_raw,title,movie_title,year,poster_url,source,source_id,matched_title,updated_at
1,Toy Story (1995),Toy Story,1995,https://en.wikipedia.org/wiki/Special:FilePath/Toy_Story.jpg,wikipedia-infobox,Q171048,Toy Story,2026-06-20T13:18:23+00:00
2,Jumanji (1995),Jumanji,1995,https://en.wikipedia.org/wiki/Special:FilePath/Jumanji_poster.jpg,wikipedia-infobox,Q222939,Jumanji,2026-06-20T13:18:23+00:00
3,Grumpier Old Men (1995),Grumpier Old Men,1995,https://en.wikipedia.org/wiki/Special:FilePath/Grumpier_old_menposter.jpg,wikipedia-infobox,Q782465,Grumpier Old Men,2026-06-20T13:18:23+00:00
4,Waiting to Exhale (1995),Waiting to Exhale,1995,https://en.wikipedia.org/wiki/Special:FilePath/WaitingExhale.jpg,wikipedia-infobox,Q736254,Waiting to Exhale,2026-06-20T13:18:23+00:00
5,Father of the Bride Part II (1995),Father of the Bride Part II,1995,https://en.wikipedia.org/wiki/Special:FilePath/Father_of_the_bride_part_ii.jpg,wikipedia-infobox,Q1304560,Father of the Bride Part II,2026-06-20T13:18:23+00:00
6,Heat (1995),Heat,1995,https://en.wikipedia.org/wiki/Special:FilePath/Heatposter.jpg,wikipedia-infobox,Q42198,Heat,2026-06-20T13:18:23+00:00
7,Sabrina (1995),Sabrina,1995,https://en.wikipedia.org/wiki/Special:FilePath/Sabrina_%281995_film%29.jpg,wikipedia-infobox,Q900708,Sabrina,2026-06-20T13:18:23+00:00
8,Tom and Huck (1995),Tom and Huck,1995,https://en.wikipedia.org/wiki/Special:FilePath/Tomandhuck_poster.jpg,wikipedia-infobox,Q1616185,Tom and Huck,2026-06-20T13:18:23+00:00
9,Sudden Death (1995),Sudden Death,1995,https://en.wikipedia.org/wiki/Special:FilePath/Sudden_Death_%281995_film_poster%29.jpg,wikipedia-infobox,Q241309,Sudden Death,2026-06-20T13:18:23+00:00
10,GoldenEye (1995),GoldenEye,1995,https://en.wikipedia.org/wiki/Special:FilePath/GoldenEye_-_UK_cinema_poster.jpg,wikipedia-infobox,Q19089,GoldenEye,2026-06-20T13:18:23+00:00
11,"American President, The (1995)","American President, The",1995,https://en.wikipedia.org/wiki/Special:FilePath/The_American_President_%28movie_poster%29.jpg,wikipedia-infobox,Q429311,The American President,2026-06-20T13:19:07+00:00
12,Dracula: Dead and Loving It (1995),Dracula: Dead and Loving It,1995,https://en.wikipedia.org/wiki/Special:FilePath/Drac_dead_and_loving_it.jpg,wikipedia-infobox,Q1254469,Dracula: Dead and Loving It,2026-06-20T13:19:07+00:00
13,Balto (1995),Balto,1995,https://en.wikipedia.org/wiki/Special:FilePath/Balto_movie_poster.jpg,wikipedia-infobox,Q764116,Balto,2026-06-20T13:19:07+00:00
14,Nixon (1995),Nixon,1995,https://en.wikipedia.org/wiki/Special:FilePath/Nixonmovieposter.jpg,wikipedia-infobox,Q839042,Nixon,2026-06-20T13:19:07+00:00
15,Cutthroat Island (1995),Cutthroat Island,1995,https://en.wikipedia.org/wiki/Special:FilePath/Cutthroat_island_ver2.jpg,wikipedia-infobox,Q1051496,Cutthroat Island,2026-06-20T13:19:07+00:00
16,Casino (1995),Casino,1995,https://en.wikipedia.org/wiki/Special:FilePath/Casino_%28Martins_Scorsese_film%29.png,wikipedia-infobox,Q220910,Casino,2026-06-20T13:19:07+00:00
17,Sense and Sensibility (1995),Sense and Sensibility,1995,https://en.wikipedia.org/wiki/Special:FilePath/Sense_and_sensibility.jpg,wikipedia-infobox,Q643263,Sense and Sensibility,2026-06-20T13:19:07+00:00
18,Four Rooms (1995),Four Rooms,1995,https://en.wikipedia.org/wiki/Special:FilePath/Four_rooms_ver2.jpg,wikipedia-infobox,Q1137372,Four Rooms,2026-06-20T13:19:07+00:00
19,Ace Ventura: When Nature Calls (1995),Ace Ventura: When Nature Calls,1995,https://en.wikipedia.org/wiki/Special:FilePath/AceVenturaWhenNatureCallsposter.jpg,wikipedia-infobox,Q340127,Ace Ventura: When Nature Calls,2026-06-20T13:19:07+00:00
20,Money Train (1995),Money Train,1995,https://en.wikipedia.org/wiki/Special:FilePath/Money_Train.jpg,wikipedia-infobox,Q1163081,Money Train,2026-06-20T13:19:07+00:00
21,Get Shorty (1995),Get Shorty,1995,https://en.wikipedia.org/wiki/Special:FilePath/Get_shorty.jpg,wikipedia-infobox,8549241,Get Shorty (film),2026-06-20T13:34:25+00:00
22,Copycat (1995),Copycat,1995,https://en.wikipedia.org/wiki/Special:FilePath/Copycat_ver1.jpg,wikipedia-infobox,3154773,Copycat (1995 film),2026-06-20T13:34:21+00:00
23,Assassins (1995),Assassins,1995,https://en.wikipedia.org/wiki/Special:FilePath/Assassins_ver1.jpg,wikipedia-infobox,3300211,Assassins (1995 film),2026-06-20T13:34:21+00:00
24,Powder (1995),Powder,1995,https://en.wikipedia.org/wiki/Special:FilePath/Powder_poster.jpg,wikipedia-infobox,2731003,Powder (1995 film),2026-06-20T13:34:21+00:00
25,Leaving Las Vegas (1995),Leaving Las Vegas,1995,https://en.wikipedia.org/wiki/Special:FilePath/Leaving_las_vegas_ver1.jpg,wikipedia-infobox,54160,Leaving Las Vegas,2026-06-20T13:34:23+00:00
26,Othello (1995),Othello,1995,https://en.wikipedia.org/wiki/Special:FilePath/Othelloposter.jpg,wikipedia-infobox,5920233,Othello (1995 film),2026-06-20T13:34:21+00:00
27,Now and Then (1995),Now and Then,1995,https://en.wikipedia.org/wiki/Special:FilePath/Now_and_Then_%281995_film%29_poster.jpg,wikipedia-infobox,2045991,Now and Then (film),2026-06-20T13:34:21+00:00
28,Persuasion (1995),Persuasion,1995,https://en.wikipedia.org/wiki/Special:FilePath/Persuasion_VHS_PAL_BBC_1995.png,wikipedia-infobox,3640544,Persuasion (1995 film),2026-06-20T13:34:21+00:00
29,"City of Lost Children, The (1995)","City of Lost Children, The",1995,https://en.wikipedia.org/wiki/Special:FilePath/City_of_lost_children_french_movie_poster.jpg,wikipedia-infobox,472652,The City of Lost Children,2026-06-20T13:34:23+00:00
30,Shanghai Triad (Yao a yao yao dao waipo qiao) (1995),Shanghai Triad (Yao a yao yao dao waipo qiao),1995,https://en.wikipedia.org/wiki/Special:FilePath/Shanghai_Triad_poster.jpg,wikipedia-infobox,894709,Shanghai Triad,2026-06-20T20:31:24+00:00
31,Dangerous Minds (1995),Dangerous Minds,1995,https://en.wikipedia.org/wiki/Special:FilePath/Dangerous_minds.jpg,wikipedia-infobox,1476567,Dangerous Minds,2026-06-20T13:34:23+00:00
32,Twelve Monkeys (1995),Twelve Monkeys,1995,https://en.wikipedia.org/wiki/Special:FilePath/Twelve_monkeysmp.jpg,wikipedia-infobox,30575,12 Monkeys,2026-06-20T13:34:23+00:00
33,Wings of Courage (1995),Wings of Courage,1995,https://en.wikipedia.org/wiki/Special:FilePath/Wings_of_Courage.jpg,wikipedia-infobox,2106930,Wings of Courage,2026-06-20T13:34:23+00:00
34,Babe (1995),Babe,1995,https://en.wikipedia.org/wiki/Special:FilePath/Babe_ver1.jpg,wikipedia-infobox,142421,Babe (film),2026-06-20T13:34:21+00:00
35,Carrington (1995),Carrington,1995,https://en.wikipedia.org/wiki/Special:FilePath/Carrington_ver1.jpg,wikipedia-infobox,3096943,Carrington (film),2026-06-20T13:34:25+00:00
36,Dead Man Walking (1995),Dead Man Walking,1995,https://en.wikipedia.org/wiki/Special:FilePath/Deadmanwalkingp.jpg,wikipedia-infobox,6707631,Dead Man Walking (film),2026-06-20T13:34:25+00:00
37,Across the Sea of Time (1995),Across the Sea of Time,1995,https://en.wikipedia.org/wiki/Special:FilePath/Across_the_Sea_of_Time_Poster.jpg,wikipedia-infobox,33836443,Across the Sea of Time,2026-06-20T13:34:23+00:00
38,It Takes Two (1995),It Takes Two,1995,https://en.wikipedia.org/wiki/Special:FilePath/It_Takes_Two_%281995_film%29.jpg,wikipedia-infobox,4446490,It Takes Two (1995 film),2026-06-20T13:34:21+00:00
39,Clueless (1995),Clueless,1995,https://en.wikipedia.org/wiki/Special:FilePath/Clueless_film_poster.png,wikipedia-infobox,105872,Clueless,2026-06-20T13:34:23+00:00
40,"Cry, the Beloved Country (1995)","Cry, the Beloved Country",1995,https://en.wikipedia.org/wiki/Special:FilePath/Cry_the_beloved_country_ver2.jpg,wikipedia-infobox,10475655,"Cry, the Beloved Country (1995 film)",2026-06-20T13:34:21+00:00
41,Richard III (1995),Richard III,1995,https://en.wikipedia.org/wiki/Special:FilePath/Richard_III_1995.png,wikipedia-infobox,230546,Richard III (1995 film),2026-06-20T13:34:21+00:00
42,Dead Presidents (1995),Dead Presidents,1995,https://en.wikipedia.org/wiki/Special:FilePath/Dead_presidents.jpg,wikipedia-infobox,692670,Dead Presidents,2026-06-20T13:34:23+00:00
43,Restoration (1995),Restoration,1995,https://en.wikipedia.org/wiki/Special:FilePath/Restauration1995.jpg,wikipedia-infobox,171047,Restoration (1995 film),2026-06-20T13:34:21+00:00
44,Mortal Kombat (1995),Mortal Kombat,1995,https://en.wikipedia.org/wiki/Special:FilePath/Mortal_Kombat_poster.jpg,wikipedia-infobox,983044,Mortal Kombat (1995 film),2026-06-20T13:34:21+00:00
45,To Die For (1995),To Die For,1995,https://en.wikipedia.org/wiki/Special:FilePath/To_Die_For_%281995%29.png,wikipedia-infobox,284619,To Die For,2026-06-20T13:34:23+00:00
46,How to Make an American Quilt (1995),How to Make an American Quilt,1995,https://en.wikipedia.org/wiki/Special:FilePath/How_to_make_an_american_quilt.jpeg,wikipedia-infobox,1732142,How to Make an American Quilt,2026-06-20T13:34:23+00:00
47,Seven (Se7en) (1995),Seven (Se7en),1995,https://en.wikipedia.org/wiki/Special:FilePath/Seven_%28movie%29_poster.jpg,wikipedia-infobox,206818,Seven (1995 film),2026-06-20T20:31:23+00:00
48,Pocahontas (1995),Pocahontas,1995,https://en.wikipedia.org/wiki/Special:FilePath/Pocahontasposter.jpg,wikipedia-infobox,399433,Pocahontas (1995 film),2026-06-20T13:34:21+00:00
49,When Night Is Falling (1995),When Night Is Falling,1995,https://en.wikipedia.org/wiki/Special:FilePath/When_Night_Is_Falling_poster.jpg,wikipedia-infobox,4936733,When Night Is Falling,2026-06-20T13:34:23+00:00
50,"Usual Suspects, The (1995)","Usual Suspects, The",1995,https://en.wikipedia.org/wiki/Special:FilePath/Usual_suspects_ver1.jpg,wikipedia-infobox,167857,The Usual Suspects,2026-06-20T13:34:23+00:00
52,Mighty Aphrodite (1995),Mighty Aphrodite,1995,https://en.wikipedia.org/wiki/Special:FilePath/Mighty_aphrodite_ver2.jpg,wikipedia-infobox,1330432,Mighty Aphrodite,2026-06-20T13:34:23+00:00
53,Lamerica (1994),Lamerica,1994,https://en.wikipedia.org/wiki/Special:FilePath/Lamerica_poster.jpg,wikipedia-infobox,1412856,Lamerica,2026-06-20T13:34:23+00:00
54,"Big Green, The (1995)","Big Green, The",1995,https://en.wikipedia.org/wiki/Special:FilePath/Big_green.jpg,wikipedia-infobox,4800257,The Big Green,2026-06-20T13:34:23+00:00
55,Georgia (1995),Georgia,1995,https://en.wikipedia.org/wiki/Special:FilePath/Georgia_film.jpg,wikipedia-infobox,1379878,Georgia (1995 film),2026-06-20T13:34:21+00:00
56,Kids of the Round Table (1995),Kids of the Round Table,1995,https://m.media-amazon.com/images/M/MV5BMTEwMTM0MzI3OTheQTJeQWpwZ15BbWU3MDQzNTQ2MTE@._V1_.jpg,imdb-suggest,tt0113541,Kids of the Round Table,2026-06-21T06:53:06+00:00
57,Home for the Holidays (1995),Home for the Holidays,1995,https://en.wikipedia.org/wiki/Special:FilePath/Home_for_the_Holidays_film.jpg,wikipedia-infobox,3077087,Home for the Holidays (1995 film),2026-06-20T13:34:21+00:00
58,"Postino, Il (The Postman) (1994)","Postino, Il (The Postman)",1994,https://en.wikipedia.org/wiki/Special:FilePath/Il_Postino_poster.jpg,wikipedia-search,142423,Il Postino: The Postman,2026-06-21T05:43:04+00:00
59,"Confessional, The (Le Confessionnal) (1995)","Confessional, The (Le Confessionnal)",1995,https://en.wikipedia.org/wiki/Special:FilePath/Le_Confessional.jpg,wikipedia-infobox,2455180,The Confessional (film),2026-06-20T20:31:24+00:00
60,"Indian in the Cupboard, The (1995)","Indian in the Cupboard, The",1995,https://en.wikipedia.org/wiki/Special:FilePath/The_Indian_in_the_Cupboard.jpg,wikipedia-infobox,725810,The Indian in the Cupboard,2026-06-20T13:34:23+00:00
61,Eye for an Eye (1996),Eye for an Eye,1996,https://en.wikipedia.org/wiki/Special:FilePath/Eye_for_an_Eye_%281996_film%29_poster.jpg,wikipedia-infobox,2192765,Eye for an Eye (1996 film),2026-06-20T13:34:21+00:00
62,Mr. Holland's Opus (1995),Mr. Holland's Opus,1995,https://en.wikipedia.org/wiki/Special:FilePath/Mr_Hollands_Opus.jpg,wikipedia-infobox,171076,Mr. Holland's Opus,2026-06-20T13:34:23+00:00
63,Don't Be a Menace to South Central While Drinking Your Juice in the Hood (1996),Don't Be a Menace to South Central While Drinking Your Juice in the Hood,1996,https://en.wikipedia.org/wiki/Special:FilePath/Dontbeamenace.jpg,wikipedia-infobox,2156510,Don't Be a Menace to South Central While Drinking Your Juice in the Hood,2026-06-20T13:34:23+00:00
64,Two if by Sea (1996),Two if by Sea,1996,https://en.wikipedia.org/wiki/Special:FilePath/Two_if_by_sea_poster.jpg,wikipedia-infobox,Q1519553,Two If by Sea,2026-06-20T13:35:20+00:00
65,Bio-Dome (1996),Bio-Dome,1996,https://en.wikipedia.org/wiki/Special:FilePath/BioDomeposter.jpg,wikipedia-infobox,2198940,Bio-Dome,2026-06-20T13:34:23+00:00
66,Lawnmower Man 2: Beyond Cyberspace (1996),Lawnmower Man 2: Beyond Cyberspace,1996,https://en.wikipedia.org/wiki/Special:FilePath/Lawnmower_Man_2.jpg,wikipedia-infobox,7596042,Lawnmower Man 2: Beyond Cyberspace,2026-06-20T13:34:23+00:00
67,Two Bits (1995),Two Bits,1995,https://en.wikipedia.org/wiki/Special:FilePath/Two_bits_poster.jpg,wikipedia-infobox,11958595,Two Bits,2026-06-20T13:34:23+00:00
68,French Twist (Gazon maudit) (1995),French Twist (Gazon maudit),1995,https://en.wikipedia.org/wiki/Special:FilePath/Gazon_Maudit_1995_poster.jpg,wikipedia-infobox,9524972,French Twist (film),2026-06-20T20:31:24+00:00
69,Friday (1995),Friday,1995,https://en.wikipedia.org/wiki/Special:FilePath/Fridayposter1995.jpg,wikipedia-infobox,169788,Friday (1995 film),2026-06-20T13:34:21+00:00
70,From Dusk Till Dawn (1996),From Dusk Till Dawn,1996,https://en.wikipedia.org/wiki/Special:FilePath/From_dusk_till_dawn_poster.jpg,wikipedia-infobox,447299,From Dusk till Dawn,2026-06-20T13:34:23+00:00
71,Fair Game (1995),Fair Game,1995,https://en.wikipedia.org/wiki/Special:FilePath/fair_game.jpg,wikipedia-infobox,1676282,Fair Game (1995 film),2026-06-20T13:34:21+00:00
72,Kicking and Screaming (1995),Kicking and Screaming,1995,https://en.wikipedia.org/wiki/Special:FilePath/Kicking_and_Screaming_%281995_film%29_poster.jpg,wikipedia-infobox,1745419,Kicking and Screaming (1995 film),2026-06-20T13:34:22+00:00
73,"Misérables, Les (1995)","Misérables, Les",1995,https://en.wikipedia.org/wiki/Special:FilePath/Les_Mis%C3%A9rables_%281995_film%29.jpg,wikipedia-search,1261542,Les Misérables (1995 film),2026-06-21T05:43:06+00:00
74,Bed of Roses (1996),Bed of Roses,1996,https://en.wikipedia.org/wiki/Special:FilePath/Bed_of_roses.jpg,wikipedia-infobox,3207603,Bed of Roses (1996 film),2026-06-20T13:34:22+00:00
75,Big Bully (1996),Big Bully,1996,https://en.wikipedia.org/wiki/Special:FilePath/Big_Bully.jpg,wikipedia-infobox,6590245,Big Bully (film),2026-06-20T13:34:25+00:00
76,Screamers (1995),Screamers,1995,https://en.wikipedia.org/wiki/Special:FilePath/Screamersposter.jpg,wikipedia-infobox,1011439,Screamers (1995 film),2026-06-20T13:34:22+00:00
77,Nico Icon (1995),Nico Icon,1995,https://m.media-amazon.com/images/M/MV5BNTY2MDM2NzcyM15BMl5BanBnXkFtZTcwMjk3MzcyMQ@@._V1_.jpg,imdb-suggest,tt0113973,Nico Icon,2026-06-21T06:53:07+00:00
78,"Crossing Guard, The (1995)","Crossing Guard, The",1995,https://en.wikipedia.org/wiki/Special:FilePath/Crossing_guard_ver1.jpg,wikipedia-infobox,2274585,The Crossing Guard,2026-06-20T13:34:23+00:00
79,"Juror, The (1996)","Juror, The",1996,https://en.wikipedia.org/wiki/Special:FilePath/The_Juror.jpg,wikipedia-infobox,2142721,The Juror,2026-06-20T13:34:23+00:00
80,"White Balloon, The (Badkonake Sefid ) (1995)","White Balloon, The (Badkonake Sefid )",1995,https://en.wikipedia.org/wiki/Special:FilePath/%D8%A8%D8%A7%D8%AF%DA%A9%D9%86%DA%A9_%D8%B3%D9%81%DB%8C%D8%AF_%28%D9%BE%D9%88%D8%B3%D8%AA%D8%B1_%DB%B1-%DB%B2%29.jpg,wikipedia-infobox,5012700,The White Balloon,2026-06-20T20:31:24+00:00
81,Things to Do in Denver when You're Dead (1995),Things to Do in Denver when You're Dead,1995,https://en.wikipedia.org/wiki/Special:FilePath/Denverdead.jpg,wikipedia-infobox,Q1169589,Things to Do in Denver When You're Dead,2026-06-20T13:35:20+00:00
82,Antonia's Line (Antonia) (1995),Antonia's Line (Antonia),1995,https://en.wikipedia.org/wiki/Special:FilePath/Antoniasline.jpg,wikipedia-infobox,10973612,Antonia's Line,2026-06-20T20:31:23+00:00
83,Once Upon a Time... When We Were Colored (1995),Once Upon a Time... When We Were Colored,1995,https://en.wikipedia.org/wiki/Special:FilePath/Once_Upon_a_Time...When_We_Were_Colored.jpg,wikipedia-infobox,30886462,Once Upon a Time... When We Were Colored,2026-06-20T13:34:23+00:00
84,Last Summer in the Hamptons (1995),Last Summer in the Hamptons,1995,https://en.wikipedia.org/wiki/Special:FilePath/Last_Summer_in_the_Hamptons.jpg,wikipedia-infobox,20603228,Last Summer in the Hamptons,2026-06-20T13:34:23+00:00
85,Angels and Insects (1995),Angels and Insects,1995,https://en.wikipedia.org/wiki/Special:FilePath/Angels_and_insects.jpg,wikipedia-infobox,2280521,Angels and Insects,2026-06-20T13:34:23+00:00
86,White Squall (1996),White Squall,1996,https://en.wikipedia.org/wiki/Special:FilePath/Whitesquall.jpg,wikipedia-infobox,2430261,White Squall (film),2026-06-20T13:34:25+00:00
87,Dunston Checks In (1996),Dunston Checks In,1996,https://en.wikipedia.org/wiki/Special:FilePath/Dunston_Checks_In.jpg,wikipedia-infobox,2541757,Dunston Checks In,2026-06-20T13:34:23+00:00
88,Black Sheep (1996),Black Sheep,1996,https://en.wikipedia.org/wiki/Special:FilePath/BlackSheep_Poster.jpg,wikipedia-infobox,1039322,Black Sheep (1996 film),2026-06-20T13:34:22+00:00
89,Nick of Time (1995),Nick of Time,1995,https://en.wikipedia.org/wiki/Special:FilePath/nick_of_time.jpg,wikipedia-infobox,1881878,Nick of Time (film),2026-06-20T13:34:25+00:00
90,"Journey of August King, The (1995)","Journey of August King, The",1995,https://m.media-amazon.com/images/M/MV5BYTVlZDBiMzQtZGU1Yy00YmFlLWFiNmUtZTZkZTRlNjM1NmUwXkEyXkFqcGc@._V1_.jpg,imdb-suggest,tt0113490,The Journey of August King,2026-06-21T06:53:07+00:00
92,Mary Reilly (1996),Mary Reilly,1996,https://en.wikipedia.org/wiki/Special:FilePath/Mary_Reilly.jpg,wikipedia-infobox,2102101,Mary Reilly (film),2026-06-20T13:34:25+00:00
93,Vampire in Brooklyn (1995),Vampire in Brooklyn,1995,https://en.wikipedia.org/wiki/Special:FilePath/Vampire_in_brooklyn.jpg,wikipedia-infobox,3056404,Vampire in Brooklyn,2026-06-20T13:34:23+00:00
94,Beautiful Girls (1996),Beautiful Girls,1996,https://en.wikipedia.org/wiki/Special:FilePath/Beautiful_girlsmovieposter.jpg,wikipedia-infobox,42222,Beautiful Girls (film),2026-06-20T13:34:25+00:00
95,Broken Arrow (1996),Broken Arrow,1996,https://en.wikipedia.org/wiki/Special:FilePath/Broken-Arrow-poster.jpg,wikipedia-infobox,524813,Broken Arrow (1996 film),2026-06-20T13:34:22+00:00
96,In the Bleak Midwinter (1995),In the Bleak Midwinter,1995,https://en.wikipedia.org/wiki/Special:FilePath/A_Midwinter%27s_Tale.jpg,wikipedia-infobox,803813,In the Bleak Midwinter (film),2026-06-20T13:34:25+00:00
97,"Hate (Haine, La) (1995)","Hate (Haine, La)",1995,https://en.wikipedia.org/wiki/Special:FilePath/Haine.jpg,wikipedia-infobox,497081,La Haine,2026-06-20T20:31:23+00:00
98,Shopping (1994),Shopping,1994,https://en.wikipedia.org/wiki/Special:FilePath/Shoppingdvd.jpg,wikipedia-infobox,4910616,Shopping (1994 film),2026-06-20T13:34:22+00:00
99,Heidi Fleiss: Hollywood Madam (1995),Heidi Fleiss: Hollywood Madam,1995,https://en.wikipedia.org/wiki/Special:FilePath/Heidi_Fleiss%2C_Hollywood_Madam.jpeg,wikipedia-infobox,1588008,Heidi Fleiss: Hollywood Madam,2026-06-20T13:34:24+00:00
100,City Hall (1996),City Hall,1996,https://en.wikipedia.org/wiki/Special:FilePath/City_hall_ver1.jpg,wikipedia-infobox,1031157,City Hall (1996 film),2026-06-20T13:34:22+00:00
101,Bottle Rocket (1996),Bottle Rocket,1996,https://en.wikipedia.org/wiki/Special:FilePath/Bottle_Rocket_%281996_film_poster%29.png,wikipedia-infobox,524139,Bottle Rocket,2026-06-20T13:34:24+00:00
102,Mr. Wrong (1996),Mr. Wrong,1996,https://en.wikipedia.org/wiki/Special:FilePath/Mr_wrong.jpg,wikipedia-infobox,7517898,Mr. Wrong,2026-06-20T13:34:24+00:00
103,Unforgettable (1996),Unforgettable,1996,https://en.wikipedia.org/wiki/Special:FilePath/Unforgettable_poster.jpg,wikipedia-infobox,3356006,Unforgettable (1996 film),2026-06-20T13:35:23+00:00
104,Happy Gilmore (1996),Happy Gilmore,1996,https://en.wikipedia.org/wiki/Special:FilePath/Happygilmoreposter.jpg,wikipedia-infobox,400797,Happy Gilmore,2026-06-20T13:35:25+00:00
105,"Bridges of Madison County, The (1995)","Bridges of Madison County, The",1995,https://en.wikipedia.org/wiki/Special:FilePath/BridgesOfMadisonCounty.jpg,wikipedia-infobox,781863,The Bridges of Madison County,2026-06-20T13:35:25+00:00
106,Nobody Loves Me (Keiner liebt mich) (1994),Nobody Loves Me (Keiner liebt mich),1994,https://en.wikipedia.org/wiki/Special:FilePath/Nobody_Loves_Me_Poster.jpg,wikipedia-infobox,76301362,Nobody Loves Me (film),2026-06-20T20:31:25+00:00
107,Muppet Treasure Island (1996),Muppet Treasure Island,1996,https://en.wikipedia.org/wiki/Special:FilePath/Muppettreasure.png,wikipedia-infobox,1458752,Muppet Treasure Island,2026-06-20T13:35:25+00:00
108,Catwalk (1995),Catwalk,1995,https://en.wikipedia.org/wiki/Special:FilePath/Catwalk_1995_poster.jpg,wikipedia-infobox,41722461,Catwalk (film),2026-06-20T13:35:23+00:00
110,Braveheart (1995),Braveheart,1995,https://en.wikipedia.org/wiki/Special:FilePath/Braveheart_s6bvs6wz.png,wikipedia-infobox,4560,Braveheart,2026-06-20T13:35:23+00:00
111,Taxi Driver (1976),Taxi Driver,1976,https://en.wikipedia.org/wiki/Special:FilePath/Taxi_Driver_%281976_film_poster%29.jpg,wikipedia-infobox,30000,Taxi Driver,2026-06-20T13:35:23+00:00
112,Rumble in the Bronx (1995),Rumble in the Bronx,1995,https://en.wikipedia.org/wiki/Special:FilePath/Rumble-in-the-Bronx-poster.jpg,wikipedia-infobox,165990,Rumble in the Bronx,2026-06-20T13:35:25+00:00
113,Before and After (1996),Before and After,1996,https://en.wikipedia.org/wiki/Special:FilePath/Before_and_after_poster.jpg,wikipedia-infobox,5455297,Before and After (film),2026-06-20T13:35:27+00:00
114,Margaret's Museum (1995),Margaret's Museum,1995,https://en.wikipedia.org/wiki/Special:FilePath/Margaret%27s_Museum.jpg,wikipedia-infobox,1744708,Margaret's Museum,2026-06-20T13:35:25+00:00
116,Anne Frank Remembered (1995),Anne Frank Remembered,1995,https://en.wikipedia.org/wiki/Special:FilePath/AnneFrankRememberedDVDCover.jpg,wikipedia-infobox,1447939,Anne Frank Remembered,2026-06-20T13:35:25+00:00
117,"Young Poisoner's Handbook, The (1995)","Young Poisoner's Handbook, The",1995,https://en.wikipedia.org/wiki/Special:FilePath/The_Young_Poisoner%27s_Handbook_FilmPoster.jpeg,wikipedia-infobox,1641666,The Young Poisoner's Handbook,2026-06-20T13:35:25+00:00
118,If Lucy Fell (1996),If Lucy Fell,1996,https://en.wikipedia.org/wiki/Special:FilePath/iflucyfell.jpg,wikipedia-infobox,5649318,If Lucy Fell,2026-06-20T13:35:25+00:00
119,"Steal Big, Steal Little (1995)","Steal Big, Steal Little",1995,https://en.wikipedia.org/wiki/Special:FilePath/Poster_of_the_movie_Steal_Big_Steal_Little.jpg,wikipedia-infobox,24158745,Steal Big Steal Little,2026-06-20T13:35:25+00:00
120,Race the Sun (1996),Race the Sun,1996,https://en.wikipedia.org/wiki/Special:FilePath/Race_the_Sun_film_poster.jpg,wikipedia-infobox,5079733,Race the Sun (film),2026-06-20T13:35:27+00:00
121,"Boys of St. Vincent, The (1993)","Boys of St. Vincent, The",1993,https://en.wikipedia.org/wiki/Special:FilePath/The_Boys_of_St._Vincent_1992.jpg,wikipedia-infobox,6724750,The Boys of St. Vincent,2026-06-20T13:35:25+00:00
122,Boomerang (1992),Boomerang,1992,https://en.wikipedia.org/wiki/Special:FilePath/Boomerang-Posters.jpg,wikipedia-infobox,1961084,Boomerang (1992 film),2026-06-20T13:35:23+00:00
123,Chungking Express (1994),Chungking Express,1994,https://en.wikipedia.org/wiki/Special:FilePath/Chungking_Express.jpg,wikipedia-infobox,213471,Chungking Express,2026-06-20T13:35:25+00:00
124,"Star Maker, The (Uomo delle stelle, L') (1995)","Star Maker, The (Uomo delle stelle, L')",1995,https://en.wikipedia.org/wiki/Special:FilePath/The_Star_Maker_FilmPoster.jpeg,wikipedia-infobox,1902589,The Star Maker (1995 film),2026-06-20T20:31:23+00:00
125,Flirting With Disaster (1996),Flirting With Disaster,1996,https://en.wikipedia.org/wiki/Special:FilePath/Flirting_with_Disaster_Poster.jpg,wikipedia-infobox,90039,Flirting with Disaster (film),2026-06-20T13:35:27+00:00
126,"NeverEnding Story III, The (1994)","NeverEnding Story III, The",1994,https://en.wikipedia.org/wiki/Special:FilePath/Tnes3.jpg,wikipedia-infobox,2994014,The NeverEnding Story III,2026-06-20T13:35:25+00:00
127,"Silence of the Palace, The (Saimt el Qusur) (1994)","Silence of the Palace, The (Saimt el Qusur)",1994,https://en.wikipedia.org/wiki/Special:FilePath/Poster_samt_alqusur.jpg,wikipedia-search,21536300,The Silences of the Palace,2026-06-21T05:44:07+00:00
128,Jupiter's Wife (1994),Jupiter's Wife,1994,https://m.media-amazon.com/images/M/MV5BMTI3ODIyODY4N15BMl5BanBnXkFtZTcwNjE3MjUyMQ@@._V1_.jpg,imdb-suggest,tt0110217,Jupiter's Wife,2026-06-21T07:25:16+00:00
129,Pie in the Sky (1995),Pie in the Sky,1995,https://en.wikipedia.org/wiki/Special:FilePath/Pieintheskyposter.jpg,wikipedia-infobox,16488851,Pie in the Sky (1995 film),2026-06-20T13:35:23+00:00
130,Angela (1995),Angela,1995,https://en.wikipedia.org/wiki/Special:FilePath/Angela_poster.jpg,wikipedia-infobox,4954419,Angela (1995 film),2026-06-20T13:35:23+00:00
131,Frankie Starlight (1995),Frankie Starlight,1995,https://en.wikipedia.org/wiki/Special:FilePath/Frankie_Starlight.jpg,wikipedia-infobox,30523669,Frankie Starlight,2026-06-20T13:35:25+00:00
132,Jade (1995),Jade,1995,https://en.wikipedia.org/wiki/Special:FilePath/Jade_1995_movie_poster.jpg,wikipedia-infobox,4032134,Jade (1995 film),2026-06-20T13:35:23+00:00
133,Nueba Yol (1995),Nueba Yol,1995,https://en.wikipedia.org/wiki/Special:FilePath/Nueba_Yol_poster.jpg,wikipedia-infobox,48044541,Nueba Yol,2026-06-20T13:35:25+00:00
134,Sonic Outlaws (1995),Sonic Outlaws,1995,https://m.media-amazon.com/images/M/MV5BMTk5OTU5MTgxM15BMl5BanBnXkFtZTcwNTMwMDgyMQ@@._V1_.jpg,imdb-suggest,tt0114500,Sonic Outlaws,2026-06-21T06:53:09+00:00
135,Down Periscope (1996),Down Periscope,1996,https://en.wikipedia.org/wiki/Special:FilePath/Down_periscope.jpg,wikipedia-infobox,643850,Down Periscope,2026-06-20T13:35:25+00:00
136,From the Journals of Jean Seberg (1995),From the Journals of Jean Seberg,1995,https://m.media-amazon.com/images/M/MV5BMTk5ODgzNDE1NV5BMl5BanBnXkFtZTcwMTY4MDMyMQ@@._V1_.jpg,imdb-suggest,tt0113125,From the Journals of Jean Seberg,2026-06-21T06:53:09+00:00
137,Man of the Year (1995),Man of the Year,1995,https://en.wikipedia.org/wiki/Special:FilePath/MOTYfoto.jpg,wikipedia-infobox,6911265,Man of the Year (1995 film),2026-06-20T13:35:23+00:00
138,"Neon Bible, The (1995)","Neon Bible, The",1995,https://en.wikipedia.org/wiki/Special:FilePath/JohnKennedyToole_TheNeonBible.jpg,wikipedia-infobox,666734,The Neon Bible,2026-06-20T13:35:25+00:00
139,Target (1995),Target,1995,https://m.media-amazon.com/images/M/MV5BOTcxZGUyMDgtOThkNy00NDJkLWJiMWItNjZmODhlNTg4ZmI5XkEyXkFqcGc@._V1_.jpg,imdb-suggest,tt0114618,Target,2026-06-21T07:11:43+00:00
140,Up Close and Personal (1996),Up Close and Personal,1996,https://en.wikipedia.org/wiki/Special:FilePath/Up_Close_%26_Personal.jpg,wikipedia-infobox,2012442,Up Close & Personal (film),2026-06-20T13:35:27+00:00
141,"Birdcage, The (1996)","Birdcage, The",1996,https://en.wikipedia.org/wiki/Special:FilePath/Birdcage_imp.jpg,wikipedia-infobox,239589,The Birdcage,2026-06-20T13:35:25+00:00
142,Shadows (Cienie) (1988),Shadows (Cienie),1988,https://m.media-amazon.com/images/M/MV5BZTBjODc0MmItZmI3ZS00YWRhLTlhN2EtZDhiYzIwMmM1MWYwXkEyXkFqcGc@._V1_.jpg,imdb-suggest,tt0094878,The Road Home,2026-06-21T06:53:12+00:00
144,"Brothers McMullen, The (1995)","Brothers McMullen, The",1995,https://en.wikipedia.org/wiki/Special:FilePath/Brothers_mcmullen_poster.jpg,wikipedia-infobox,1934127,The Brothers McMullen,2026-06-20T13:35:25+00:00
145,Bad Boys (1995),Bad Boys,1995,https://en.wikipedia.org/wiki/Special:FilePath/Bad_Boys.jpg,wikipedia-infobox,673613,Bad Boys (1995 film),2026-06-20T13:35:23+00:00
146,"Amazing Panda Adventure, The (1995)","Amazing Panda Adventure, The",1995,https://en.wikipedia.org/wiki/Special:FilePath/The_Amazing_Panda_Adventure.jpg,wikipedia-infobox,13581120,The Amazing Panda Adventure,2026-06-20T13:35:25+00:00
147,"Basketball Diaries, The (1995)","Basketball Diaries, The",1995,https://en.wikipedia.org/wiki/Special:FilePath/The_Basketball_Diaries_Poster.jpg,wikipedia-infobox,3182907,The Basketball Diaries (film),2026-06-20T13:35:27+00:00
148,"Awfully Big Adventure, An (1995)","Awfully Big Adventure, An",1995,https://en.wikipedia.org/wiki/Special:FilePath/An_Awfully_Big_Adventure_%28poster%29.jpg,wikipedia-infobox,17324736,An Awfully Big Adventure,2026-06-20T13:35:25+00:00
149,Amateur (1994),Amateur,1994,https://en.wikipedia.org/wiki/Special:FilePath/Amateur_ver1.jpg,wikipedia-infobox,2827852,Amateur (1994 film),2026-06-20T13:35:23+00:00
150,Apollo 13 (1995),Apollo 13,1995,https://en.wikipedia.org/wiki/Special:FilePath/Apollo_13_Service_Module_%28lossless_crop%29.jpg,wikipedia-infobox,1770,Apollo 13,2026-06-20T13:35:25+00:00
151,Rob Roy (1995),Rob Roy,1995,https://en.wikipedia.org/wiki/Special:FilePath/Rob_roy_poster.jpg,wikipedia-infobox,701781,Rob Roy (1995 film),2026-06-20T13:35:23+00:00
152,"Addiction, The (1995)","Addiction, The",1995,https://en.wikipedia.org/wiki/Special:FilePath/Addictionposter.jpg,wikipedia-infobox,3370462,The Addiction,2026-06-20T13:35:25+00:00
153,Batman Forever (1995),Batman Forever,1995,https://en.wikipedia.org/wiki/Special:FilePath/Batman_Forever_poster.png,wikipedia-infobox,4730,Batman Forever,2026-06-20T13:35:25+00:00
154,Belle de jour (1967),Belle de jour,1967,https://en.wikipedia.org/wiki/Special:FilePath/Belle_de_jour_poster.jpg,wikipedia-infobox,844315,Belle de Jour (film),2026-06-20T13:35:27+00:00
155,Beyond Rangoon (1995),Beyond Rangoon,1995,https://en.wikipedia.org/wiki/Special:FilePath/Beyond_Rangoon.jpg,wikipedia-infobox,5253337,Beyond Rangoon,2026-06-20T13:35:25+00:00
156,Blue in the Face (1995),Blue in the Face,1995,https://en.wikipedia.org/wiki/Special:FilePath/Blue_in_the_face_ver1.jpg,wikipedia-infobox,706378,Blue in the Face,2026-06-20T13:35:25+00:00
157,Canadian Bacon (1994),Canadian Bacon,1994,https://en.wikipedia.org/wiki/Special:FilePath/Canadian_Bacon_%28movie_poster%29.jpg,wikipedia-infobox,679577,Canadian Bacon,2026-06-20T13:35:25+00:00
158,Casper (1995),Casper,1995,https://en.wikipedia.org/wiki/Special:FilePath/Casper_poster.jpg,wikipedia-infobox,21132353,Casper (film),2026-06-20T13:35:23+00:00
159,Clockers (1995),Clockers,1995,https://en.wikipedia.org/wiki/Special:FilePath/Clockers_film_poster.jpg,wikipedia-infobox,4403560,Clockers (film),2026-06-20T13:35:27+00:00
160,Congo (1995),Congo,1995,https://en.wikipedia.org/wiki/Special:FilePath/Congo_movie_poster.jpg,wikipedia-infobox,961437,Congo (film),2026-06-20T13:35:27+00:00
161,Crimson Tide (1995),Crimson Tide,1995,https://en.wikipedia.org/wiki/Special:FilePath/Crimson_tide_movie_poster.jpg,wikipedia-infobox,1317604,Crimson Tide (film),2026-06-20T13:35:27+00:00
162,Crumb (1994),Crumb,1994,https://en.wikipedia.org/wiki/Special:FilePath/Crumb_Movie_Poster.jpg,wikipedia-infobox,863087,Crumb (film),2026-06-20T13:35:27+00:00
163,Desperado (1995),Desperado,1995,https://en.wikipedia.org/wiki/Special:FilePath/Desperado1.jpg,wikipedia-infobox,639796,Desperado (film),2026-06-20T13:35:23+00:00
164,Devil in a Blue Dress (1995),Devil in a Blue Dress,1995,https://en.wikipedia.org/wiki/Special:FilePath/Devil_in_a_Blue_Dress_%28Walter_Mosley_novel%29.jpg,wikipedia-infobox,2430354,Devil in a Blue Dress,2026-06-20T13:35:25+00:00
165,Die Hard: With a Vengeance (1995),Die Hard: With a Vengeance,1995,https://en.wikipedia.org/wiki/Special:FilePath/Die_Hard_With_A_Vengance.jpg,wikipedia-infobox,357473,Die Hard with a Vengeance,2026-06-20T13:35:25+00:00
166,"Doom Generation, The (1995)","Doom Generation, The",1995,https://en.wikipedia.org/wiki/Special:FilePath/Doom_generation.jpg,wikipedia-infobox,976989,The Doom Generation,2026-06-20T13:35:25+00:00
167,Feast of July (1995),Feast of July,1995,https://en.wikipedia.org/wiki/Special:FilePath/Feast_of_july.jpg,wikipedia-infobox,6081230,Feast of July,2026-06-20T13:35:25+00:00
168,First Knight (1995),First Knight,1995,https://en.wikipedia.org/wiki/Special:FilePath/First_Knight_Poster.jpg,wikipedia-infobox,1179416,First Knight,2026-06-20T13:35:25+00:00
169,Free Willy 2: The Adventure Home (1995),Free Willy 2: The Adventure Home,1995,https://en.wikipedia.org/wiki/Special:FilePath/Free_willy_two_the_adventure_home.jpg,wikipedia-infobox,702632,Free Willy 2: The Adventure Home,2026-06-20T13:35:25+00:00
170,Hackers (1995),Hackers,1995,https://en.wikipedia.org/wiki/Special:FilePath/Hackersposter.jpg,wikipedia-infobox,40852758,Hackers (film),2026-06-20T13:35:23+00:00
171,Jeffrey (1995),Jeffrey,1995,https://en.wikipedia.org/wiki/Special:FilePath/Jeffreyposter.jpg,wikipedia-infobox,1856185,Jeffrey (1995 film),2026-06-20T13:35:23+00:00
172,Johnny Mnemonic (1995),Johnny Mnemonic,1995,https://en.wikipedia.org/wiki/Special:FilePath/Johnny_mnemonic_short_story.jpg,wikipedia-infobox,893924,Johnny Mnemonic,2026-06-20T13:35:26+00:00
173,Judge Dredd (1995),Judge Dredd,1995,https://en.wikipedia.org/wiki/Special:FilePath/Judge_Dredd_promo_poster.jpg,wikipedia-infobox,2408918,Judge Dredd (film),2026-06-20T13:35:23+00:00
174,Jury Duty (1995),Jury Duty,1995,https://en.wikipedia.org/wiki/Special:FilePath/Jury_dutyposter.jpg,wikipedia-infobox,2292864,Jury Duty (film),2026-06-20T13:35:27+00:00
175,Kids (1995),Kids,1995,https://en.wikipedia.org/wiki/Special:FilePath/Kids_film.jpg,wikipedia-infobox,615418,Kids (film),2026-06-20T13:35:27+00:00
176,Living in Oblivion (1995),Living in Oblivion,1995,https://en.wikipedia.org/wiki/Special:FilePath/Living_in_oblivion.jpg,wikipedia-infobox,1937542,Living in Oblivion,2026-06-20T13:35:26+00:00
177,Lord of Illusions (1995),Lord of Illusions,1995,https://en.wikipedia.org/wiki/Special:FilePath/Lordillusionsposter.jpg,wikipedia-infobox,1370478,Lord of Illusions,2026-06-20T13:35:26+00:00
178,Love & Human Remains (1993),Love & Human Remains,1993,https://en.wikipedia.org/wiki/Special:FilePath/Love_and_human_remains.jpg,wikipedia-infobox,1217278,Love and Human Remains,2026-06-20T13:35:26+00:00
179,Mad Love (1995),Mad Love,1995,https://en.wikipedia.org/wiki/Special:FilePath/Mad_Love_%281995%29_film_poster.jpg,wikipedia-infobox,4731904,Mad Love (1995 film),2026-06-20T13:35:23+00:00
180,Mallrats (1995),Mallrats,1995,https://en.wikipedia.org/wiki/Special:FilePath/Mallrats.jpg,wikipedia-infobox,236651,Mallrats,2026-06-20T13:35:26+00:00
181,Mighty Morphin Power Rangers: The Movie (1995),Mighty Morphin Power Rangers: The Movie,1995,https://en.wikipedia.org/wiki/Special:FilePath/Power_rangers_movie_poster.jpg,wikipedia-infobox,703807,Mighty Morphin Power Rangers: The Movie,2026-06-20T13:35:26+00:00
182,Moonlight and Valentino (1995),Moonlight and Valentino,1995,https://en.wikipedia.org/wiki/Special:FilePath/MoonlightAndValentino.jpg,wikipedia-infobox,15721024,Moonlight and Valentino,2026-06-20T13:35:26+00:00
183,Mute Witness (1994),Mute Witness,1994,https://en.wikipedia.org/wiki/Special:FilePath/Mute_Witness_poster.jpg,wikipedia-infobox,15797817,Mute Witness,2026-06-20T13:35:26+00:00
184,Nadja (1994),Nadja,1994,https://en.wikipedia.org/wiki/Special:FilePath/Nadjaposter.jpg,wikipedia-infobox,2812082,Nadja (film),2026-06-20T13:35:27+00:00
185,"Net, The (1995)","Net, The",1995,https://en.wikipedia.org/wiki/Special:FilePath/Netposter1995.jpg,wikipedia-infobox,306195,The Net (1995 film),2026-06-20T13:35:23+00:00
186,Nine Months (1995),Nine Months,1995,https://en.wikipedia.org/wiki/Special:FilePath/Nine_months.jpg,wikipedia-infobox,699336,Nine Months,2026-06-20T13:36:04+00:00
187,Party Girl (1995),Party Girl,1995,https://en.wikipedia.org/wiki/Special:FilePath/Pgirlposter.gif,wikipedia-infobox,101384,Party Girl (1995 film),2026-06-20T13:36:02+00:00
188,"Prophecy, The (1995)","Prophecy, The",1995,https://en.wikipedia.org/wiki/Special:FilePath/Prophecyposter.jpg,wikipedia-infobox,2282187,The Prophecy,2026-06-20T13:36:02+00:00
189,Reckless (1995),Reckless,1995,https://en.wikipedia.org/wiki/Special:FilePath/RecklessPoster.jpg,wikipedia-infobox,16639443,Reckless (1995 film),2026-06-20T13:36:02+00:00
190,Safe (1995),Safe,1995,https://en.wikipedia.org/wiki/Special:FilePath/Safe_ver1.jpg,wikipedia-infobox,2021218,Safe (1995 film),2026-06-20T13:36:02+00:00
191,"Scarlet Letter, The (1995)","Scarlet Letter, The",1995,https://en.wikipedia.org/wiki/Special:FilePath/Scarletlettermovieposter.jpg,wikipedia-infobox,3030582,The Scarlet Letter (1995 film),2026-06-20T13:36:02+00:00
192,"Show, The (1995)","Show, The",1995,https://en.wikipedia.org/wiki/Special:FilePath/The_Show_%281995_film%29_poster.jpg,wikipedia-infobox,25319130,The Show (1995 film),2026-06-20T13:36:02+00:00
193,Showgirls (1995),Showgirls,1995,https://en.wikipedia.org/wiki/Special:FilePath/Showgirls_%281995_film_poster%29.jpg,wikipedia-infobox,93760,Showgirls,2026-06-20T13:36:04+00:00
194,Smoke (1995),Smoke,1995,https://en.wikipedia.org/wiki/Special:FilePath/Smoke_%28movie_poster%29.jpg,wikipedia-infobox,1786421,Smoke (film),2026-06-20T13:36:06+00:00
195,Something to Talk About (1995),Something to Talk About,1995,https://en.wikipedia.org/wiki/Special:FilePath/Something_to_talk_about_poster.jpg,wikipedia-infobox,6257968,Something to Talk About (film),2026-06-20T13:36:06+00:00
196,Species (1995),Species,1995,https://en.wikipedia.org/wiki/Special:FilePath/Species_1995_poster.jpg,wikipedia-infobox,689763,Species (film),2026-06-20T13:36:06+00:00
197,"Stars Fell on Henrietta, The (1995)","Stars Fell on Henrietta, The",1995,https://en.wikipedia.org/wiki/Special:FilePath/The_Stars_Fell_on_Henrietta_Poster.jpg,wikipedia-infobox,10696616,The Stars Fell on Henrietta,2026-06-20T13:36:04+00:00
198,Strange Days (1995),Strange Days,1995,https://en.wikipedia.org/wiki/Special:FilePath/Strangedays.jpeg,wikipedia-infobox,1339563,Strange Days (film),2026-06-20T13:36:06+00:00
199,"Umbrellas of Cherbourg, The (Parapluies de Cherbourg, Les) (1964)","Umbrellas of Cherbourg, The (Parapluies de Cherbourg, Les)",1964,https://en.wikipedia.org/wiki/Special:FilePath/The_Umbrellas_of_Cherbourg_%281964_film%29_poster.jpg,wikipedia-infobox,145445,The Umbrellas of Cherbourg,2026-06-20T20:31:29+00:00
200,"Tie That Binds, The (1995)","Tie That Binds, The",1995,https://en.wikipedia.org/wiki/Special:FilePath/The_Tie_That_Binds_FilmPoster.jpeg,wikipedia-infobox,23805085,The Tie That Binds (1995 film),2026-06-20T13:36:02+00:00
201,Three Wishes (1995),Three Wishes,1995,https://en.wikipedia.org/wiki/Special:FilePath/Three_Wishes_FilmPoster.jpeg,wikipedia-infobox,15314660,Three Wishes (film),2026-06-20T13:36:06+00:00
202,Total Eclipse (1995),Total Eclipse,1995,https://en.wikipedia.org/wiki/Special:FilePath/Total_eclipse_poster.jpg,wikipedia-infobox,803786,Total Eclipse (film),2026-06-20T13:36:06+00:00
203,"To Wong Foo, Thanks for Everything! Julie Newmar (1995)","To Wong Foo, Thanks for Everything! Julie Newmar",1995,https://en.wikipedia.org/wiki/Special:FilePath/towongfoo.jpg,wikipedia-infobox,873029,"To Wong Foo, Thanks for Everything! Julie Newmar",2026-06-20T13:36:04+00:00
204,Under Siege 2: Dark Territory (1995),Under Siege 2: Dark Territory,1995,https://en.wikipedia.org/wiki/Special:FilePath/UnderSiege2.jpg,wikipedia-infobox,67423,Under Siege 2: Dark Territory,2026-06-20T13:36:04+00:00
205,Unstrung Heroes (1995),Unstrung Heroes,1995,https://en.wikipedia.org/wiki/Special:FilePath/Unstrung_Heroes_poster.jpg,wikipedia-infobox,15828660,Unstrung Heroes,2026-06-20T13:36:04+00:00
206,Unzipped (1995),Unzipped,1995,https://en.wikipedia.org/wiki/Special:FilePath/Unzipped_poster.jpg,wikipedia-infobox,8964541,Unzipped (film),2026-06-20T13:36:06+00:00
207,"Walk in the Clouds, A (1995)","Walk in the Clouds, A",1995,https://en.wikipedia.org/wiki/Special:FilePath/A_Walk_in_the_Clouds.jpg,wikipedia-infobox,2122517,A Walk in the Clouds,2026-06-20T13:36:04+00:00
208,Waterworld (1995),Waterworld,1995,https://en.wikipedia.org/wiki/Special:FilePath/Waterworld.jpg,wikipedia-infobox,637256,Waterworld,2026-06-20T13:36:04+00:00
209,White Man's Burden (1995),White Man's Burden,1995,https://en.wikipedia.org/wiki/Special:FilePath/White_Mans_Burden.jpg,wikipedia-infobox,2154438,White Man's Burden (film),2026-06-20T13:36:06+00:00
210,Wild Bill (1995),Wild Bill,1995,https://en.wikipedia.org/wiki/Special:FilePath/Wild_Bill_%28film_poster%29.jpg,wikipedia-infobox,18163109,Wild Bill (1995 film),2026-06-20T13:36:02+00:00
211,"Browning Version, The (1994)","Browning Version, The",1994,https://en.wikipedia.org/wiki/Special:FilePath/Browning_version.jpg,wikipedia-infobox,9718353,The Browning Version (1994 film),2026-06-20T13:36:02+00:00
212,Bushwhacked (1995),Bushwhacked,1995,https://en.wikipedia.org/wiki/Special:FilePath/Bushwhacked.jpg,wikipedia-infobox,1619410,Bushwhacked (film),2026-06-20T13:36:06+00:00
213,Burnt By the Sun (Utomlyonnye solntsem) (1994),Burnt By the Sun (Utomlyonnye solntsem),1994,https://en.wikipedia.org/wiki/Special:FilePath/Burnt_by_the_Sun_Poster.jpg,wikipedia-infobox,3132962,Burnt by the Sun,2026-06-20T20:31:29+00:00
214,Before the Rain (Pred dozhdot) (1994),Before the Rain (Pred dozhdot),1994,https://en.wikipedia.org/wiki/Special:FilePath/Beforetherain.jpg,wikipedia-infobox,30864723,Before the Rain (1994 film),2026-06-20T20:31:27+00:00
215,Before Sunrise (1995),Before Sunrise,1995,https://en.wikipedia.org/wiki/Special:FilePath/Before_Sunrise_poster.jpg,wikipedia-infobox,805053,Before Sunrise,2026-06-20T13:36:04+00:00
216,Billy Madison (1995),Billy Madison,1995,https://en.wikipedia.org/wiki/Special:FilePath/billy_madison_poster.jpg,wikipedia-infobox,736222,Billy Madison,2026-06-20T13:36:04+00:00
217,"Babysitter, The (1995)","Babysitter, The",1995,https://en.wikipedia.org/wiki/Special:FilePath/Babysitterposter.jpg,wikipedia-infobox,16368684,The Babysitter (1995 film),2026-06-20T13:36:02+00:00
218,Boys on the Side (1995),Boys on the Side,1995,https://en.wikipedia.org/wiki/Special:FilePath/Boys_on_the_Side_poster.jpg,wikipedia-infobox,806082,Boys on the Side,2026-06-20T13:36:04+00:00
219,"Cure, The (1995)","Cure, The",1995,https://en.wikipedia.org/wiki/Special:FilePath/The_Cure_1995.jpg,wikipedia-infobox,1756460,The Cure (1995 film),2026-06-20T13:36:02+00:00
220,Castle Freak (1995),Castle Freak,1995,https://en.wikipedia.org/wiki/Special:FilePath/CastleFreakposter.jpg,wikipedia-infobox,6248065,Castle Freak,2026-06-20T13:36:04+00:00
222,Circle of Friends (1995),Circle of Friends,1995,https://en.wikipedia.org/wiki/Special:FilePath/Circle_of_friends_film.jpg,wikipedia-infobox,17998525,Circle of Friends (1995 film),2026-06-20T13:36:02+00:00
223,Clerks (1994),Clerks,1994,https://en.wikipedia.org/wiki/Special:FilePath/Clerks_movie_poster%3B_Just_because_they_serve_you_---_.jpg,wikipedia-infobox,200694,Clerks (film),2026-06-20T13:36:02+00:00
224,Don Juan DeMarco (1995),Don Juan DeMarco,1995,https://en.wikipedia.org/wiki/Special:FilePath/Don_juan_demarco.jpg,wikipedia-infobox,708870,Don Juan DeMarco,2026-06-20T13:36:04+00:00
225,Disclosure (1994),Disclosure,1994,https://en.wikipedia.org/wiki/Special:FilePath/Disclosure_%281994_film%29_poster.jpg,wikipedia-infobox,2636682,Disclosure (1994 film),2026-06-20T13:36:02+00:00
226,Dream Man (1995),Dream Man,1995,https://m.media-amazon.com/images/M/MV5BYWU1MGVhZTItM2VmNC00NmFhLWIxNDQtMDU3OTY2NzA4MGRhXkEyXkFqcGc@._V1_.jpg,imdb-suggest,tt0101770,Dream Man,2026-06-21T07:25:16+00:00
227,Drop Zone (1994),Drop Zone,1994,https://en.wikipedia.org/wiki/Special:FilePath/Drop_zone_ver2.jpg,wikipedia-infobox,2080306,Drop Zone (film),2026-06-20T13:36:06+00:00
228,Destiny Turns on the Radio (1995),Destiny Turns on the Radio,1995,https://en.wikipedia.org/wiki/Special:FilePath/Destiny_Turns_on_the_Radio.jpg,wikipedia-infobox,25913431,Destiny Turns on the Radio,2026-06-20T13:36:04+00:00
229,Death and the Maiden (1994),Death and the Maiden,1994,https://en.wikipedia.org/wiki/Special:FilePath/Death_and_the_Maiden_%28film%29.jpg,wikipedia-infobox,8615612,Death and the Maiden (film),2026-06-20T13:36:02+00:00
230,Dolores Claiborne (1994),Dolores Claiborne,1994,https://en.wikipedia.org/wiki/Special:FilePath/DoloresClaiborneNovel.jpg,wikipedia-infobox,64024,Dolores Claiborne,2026-06-20T13:36:04+00:00
231,Dumb & Dumber (1994),Dumb & Dumber,1994,https://en.wikipedia.org/wiki/Special:FilePath/dumbanddumber.jpg,wikipedia-infobox,737803,Dumb and Dumber,2026-06-20T13:36:04+00:00
232,Eat Drink Man Woman (1994),Eat Drink Man Woman,1994,https://en.wikipedia.org/wiki/Special:FilePath/Eat_Drink_Man_Woman.jpg,wikipedia-infobox,881249,Eat Drink Man Woman,2026-06-20T13:36:04+00:00
233,Exotica (1994),Exotica,1994,https://en.wikipedia.org/wiki/Special:FilePath/Exoticaposter.jpg,wikipedia-infobox,444906,Exotica (film),2026-06-20T13:36:06+00:00
234,Exit to Eden (1994),Exit to Eden,1994,https://en.wikipedia.org/wiki/Special:FilePath/ExitToEden.jpg,wikipedia-infobox,1407191,Exit to Eden,2026-06-20T13:36:04+00:00
235,Ed Wood (1994),Ed Wood,1994,https://en.wikipedia.org/wiki/Special:FilePath/Ed_Wood_service_%28cropped%29.jpg,wikipedia-infobox,10520,Ed Wood,2026-06-20T13:36:04+00:00
236,French Kiss (1995),French Kiss,1995,https://en.wikipedia.org/wiki/Special:FilePath/French_Kiss_film.jpg,wikipedia-infobox,50486,French Kiss (1995 film),2026-06-20T13:36:02+00:00
237,Forget Paris (1995),Forget Paris,1995,https://en.wikipedia.org/wiki/Special:FilePath/Forget_paris.jpg,wikipedia-infobox,8276181,Forget Paris,2026-06-20T13:36:04+00:00
238,Far From Home: The Adventures of Yellow Dog (1995),Far From Home: The Adventures of Yellow Dog,1995,https://en.wikipedia.org/wiki/Special:FilePath/Far_from_Home_poster.jpg,wikipedia-infobox,7421446,Far from Home: The Adventures of Yellow Dog,2026-06-20T13:36:04+00:00
239,"Goofy Movie, A (1995)","Goofy Movie, A",1995,https://en.wikipedia.org/wiki/Special:FilePath/A_Goofy_Movie_poster.jpg,wikipedia-infobox,155785,A Goofy Movie,2026-06-20T13:36:04+00:00
240,Hideaway (1995),Hideaway,1995,https://en.wikipedia.org/wiki/Special:FilePath/Hideaway_film.jpg,wikipedia-infobox,10193848,Hideaway (1995 film),2026-06-20T13:36:02+00:00
241,Fluke (1995),Fluke,1995,https://en.wikipedia.org/wiki/Special:FilePath/Fluke_poster.jpg,wikipedia-infobox,701775,Fluke (film),2026-06-20T13:36:06+00:00
242,Farinelli: il castrato (1994),Farinelli: il castrato,1994,https://en.wikipedia.org/wiki/Special:FilePath/Farinelli.jpg,wikipedia-infobox,Q1341293,Farinelli,2026-06-20T13:36:32+00:00
243,Gordy (1995),Gordy,1995,https://en.wikipedia.org/wiki/Special:FilePath/Gordy_poster.jpg,wikipedia-infobox,2589373,Gordy,2026-06-20T13:36:04+00:00
244,Gumby: The Movie (1995),Gumby: The Movie,1995,https://en.wikipedia.org/wiki/Special:FilePath/Gumby_the_movie.jpg,wikipedia-infobox,5374465,Gumby: The Movie,2026-06-20T13:36:04+00:00
245,"Glass Shield, The (1994)","Glass Shield, The",1994,https://en.wikipedia.org/wiki/Special:FilePath/Glass_shield_movie_poster.jpg,wikipedia-infobox,5726392,The Glass Shield,2026-06-20T13:36:04+00:00
246,Hoop Dreams (1994),Hoop Dreams,1994,https://en.wikipedia.org/wiki/Special:FilePath/Hoop_dreamsposter.jpg,wikipedia-infobox,351266,Hoop Dreams,2026-06-20T13:36:04+00:00
247,Heavenly Creatures (1994),Heavenly Creatures,1994,https://en.wikipedia.org/wiki/Special:FilePath/Heavenly_Creatures_Poster.jpg,wikipedia-infobox,163894,Heavenly Creatures,2026-06-20T13:36:04+00:00
248,Houseguest (1994),Houseguest,1994,https://en.wikipedia.org/wiki/Special:FilePath/Houseguestposter.jpg,wikipedia-infobox,1357152,Houseguest,2026-06-20T13:36:04+00:00
249,Immortal Beloved (1994),Immortal Beloved,1994,https://en.wikipedia.org/wiki/Special:FilePath/Immortal_beloved_film.jpg,wikipedia-infobox,431251,Immortal Beloved (1994 film),2026-06-20T13:36:02+00:00
250,Heavyweights (1994),Heavyweights,1994,https://en.wikipedia.org/wiki/Special:FilePath/Heavyweights-theatrical.jpg,wikipedia-infobox,1039561,Heavyweights,2026-06-20T13:36:04+00:00
251,"Hunted, The (1995)","Hunted, The",1995,https://en.wikipedia.org/wiki/Special:FilePath/Hunted1995post.jpg,wikipedia-infobox,8997652,The Hunted (1995 film),2026-06-20T13:36:02+00:00
252,I.Q. (1994),I.Q.,1994,https://en.wikipedia.org/wiki/Special:FilePath/Iq_film_poster.jpg,wikipedia-infobox,2332911,I.Q. (film),2026-06-20T13:36:02+00:00
253,Interview with the Vampire (1994),Interview with the Vampire,1994,https://en.wikipedia.org/wiki/Special:FilePath/InterviewWithTheVampire.jpg,wikipedia-infobox,79120,Interview with the Vampire,2026-06-20T13:36:04+00:00
254,Jefferson in Paris (1995),Jefferson in Paris,1995,https://en.wikipedia.org/wiki/Special:FilePath/Jefferson_in_paris_ver2.jpg,wikipedia-infobox,2216254,Jefferson in Paris,2026-06-20T13:36:04+00:00
255,"Jerky Boys, The (1994)","Jerky Boys, The",1994,https://en.wikipedia.org/wiki/Special:FilePath/The_Jerky_Boys_The_Movie_poster.jpg,wikipedia-infobox,162386,The Jerky Boys: The Movie,2026-06-20T13:36:06+00:00
256,Junior (1994),Junior,1994,https://en.wikipedia.org/wiki/Special:FilePath/Juniorposter.jpg,wikipedia-infobox,1221565,Junior (1994 film),2026-06-20T13:36:02+00:00
257,Just Cause (1995),Just Cause,1995,https://en.wikipedia.org/wiki/Special:FilePath/Just_cause_ver1.jpg,wikipedia-infobox,2529009,Just Cause (film),2026-06-20T13:36:06+00:00
258,"Kid in King Arthur's Court, A (1995)","Kid in King Arthur's Court, A",1995,https://en.wikipedia.org/wiki/Special:FilePath/Kid_in_king_arthurs_court_poster.jpg,wikipedia-infobox,286852,A Kid in King Arthur's Court,2026-06-20T13:36:05+00:00
259,Kiss of Death (1995),Kiss of Death,1995,https://en.wikipedia.org/wiki/Special:FilePath/Kiss_of_death_ver2.jpg,wikipedia-infobox,616786,Kiss of Death (1995 film),2026-06-20T13:36:02+00:00
260,Star Wars: Episode IV - A New Hope (1977),Star Wars: Episode IV - A New Hope,1977,https://en.wikipedia.org/wiki/Special:FilePath/StarWarsMoviePoster1977.jpg,wikipedia-infobox,52549,Star Wars (film),2026-06-20T13:36:05+00:00
261,Little Women (1994),Little Women,1994,https://en.wikipedia.org/wiki/Special:FilePath/Little_Women_%281994%29_poster.jpg,wikipedia-infobox,781758,Little Women (1994 film),2026-06-20T13:36:02+00:00
262,"Little Princess, A (1995)","Little Princess, A",1995,https://en.wikipedia.org/wiki/Special:FilePath/Alittleprincessposter.jpg,wikipedia-infobox,3343617,A Little Princess (1995 film),2026-06-20T13:36:02+00:00
263,Ladybird Ladybird (1994),Ladybird Ladybird,1994,https://en.wikipedia.org/wiki/Special:FilePath/09._Ladybug%2C_Ladybug_-_panoramio.jpg,wikipedia-infobox,384366,"Ladybird, Ladybird",2026-06-20T13:36:05+00:00
264,"Enfer, L' (1994)","Enfer, L'",1994,https://en.wikipedia.org/wiki/Special:FilePath/L%27enfer-poster.jpg,wikipedia-infobox,19699054,Hell (1994 film),2026-06-21T06:46:26+00:00
265,Like Water for Chocolate (Como agua para chocolate) (1992),Like Water for Chocolate (Como agua para chocolate),1992,https://en.wikipedia.org/wiki/Special:FilePath/Likewaterforchocolate.PNG,wikipedia-infobox,15142854,Like Water for Chocolate (film),2026-06-20T20:32:02+00:00
266,Legends of the Fall (1994),Legends of the Fall,1994,https://en.wikipedia.org/wiki/Special:FilePath/Legendsoffallposter.jpg,wikipedia-infobox,654530,Legends of the Fall,2026-06-20T13:36:05+00:00
267,Major Payne (1994),Major Payne,1994,https://en.wikipedia.org/wiki/Special:FilePath/Major_Payne.jpg,wikipedia-infobox,1553207,Major Payne,2026-06-20T13:36:37+00:00
268,Little Odessa (1994),Little Odessa,1994,https://en.wikipedia.org/wiki/Special:FilePath/Little_Odessa.jpg,wikipedia-infobox,909664,Little Odessa (film),2026-06-20T13:37:01+00:00
269,My Crazy Life (Mi vida loca) (1993),My Crazy Life (Mi vida loca),1993,https://en.wikipedia.org/wiki/Special:FilePath/Mi_Vida_Loca.jpg,wikipedia-search,8554522,Mi Vida Loca,2026-06-21T05:48:05+00:00
270,Love Affair (1994),Love Affair,1994,https://en.wikipedia.org/wiki/Special:FilePath/Loveaffairposter.jpg,wikipedia-infobox,7006903,Love Affair (1994 film),2026-06-20T13:36:35+00:00
271,Losing Isaiah (1995),Losing Isaiah,1995,https://en.wikipedia.org/wiki/Special:FilePath/Losing_isaiah.jpg,wikipedia-infobox,924857,Losing Isaiah,2026-06-20T13:36:37+00:00
272,"Madness of King George, The (1994)","Madness of King George, The",1994,https://en.wikipedia.org/wiki/Special:FilePath/Madness_of_king_george-715444.jpeg,wikipedia-infobox,171068,The Madness of King George,2026-06-20T13:36:37+00:00
273,Mary Shelley's Frankenstein (1994),Mary Shelley's Frankenstein,1994,https://en.wikipedia.org/wiki/Special:FilePath/Mary_shelleys_frankenstein_ver2.jpg,wikipedia-infobox,1246394,Mary Shelley's Frankenstein (film),2026-06-20T13:36:35+00:00
274,Man of the House (1995),Man of the House,1995,https://en.wikipedia.org/wiki/Special:FilePath/Man_Of_The_House_1995.jpg,wikipedia-infobox,3767190,Man of the House (1995 film),2026-06-20T13:36:35+00:00
275,Mixed Nuts (1994),Mixed Nuts,1994,https://en.wikipedia.org/wiki/Special:FilePath/Mixednutsposter.jpg,wikipedia-infobox,5057034,Mixed Nuts,2026-06-20T13:36:37+00:00
276,Milk Money (1994),Milk Money,1994,https://en.wikipedia.org/wiki/Special:FilePath/Milk_Money_Poster.jpg,wikipedia-infobox,4032170,Milk Money (film),2026-06-20T13:37:01+00:00
277,Miracle on 34th Street (1994),Miracle on 34th Street,1994,https://en.wikipedia.org/wiki/Special:FilePath/Miracle_on_34th_Street_poster.jpg,wikipedia-infobox,20700559,Miracle on 34th Street (1994 film),2026-06-20T13:36:35+00:00
278,Miami Rhapsody (1995),Miami Rhapsody,1995,https://en.wikipedia.org/wiki/Special:FilePath/Miami_rhapsody.jpg,wikipedia-infobox,8055976,Miami Rhapsody,2026-06-20T13:36:37+00:00
279,My Family (1995),My Family,1995,https://en.wikipedia.org/wiki/Special:FilePath/My_family_poster.jpg,wikipedia-infobox,1373876,My Family (1995 film),2026-06-20T13:36:35+00:00
280,Murder in the First (1995),Murder in the First,1995,https://en.wikipedia.org/wiki/Special:FilePath/Murder_in_the_first_ver1.jpg,wikipedia-infobox,1528272,Murder in the First (film),2026-06-20T13:37:01+00:00
281,Nobody's Fool (1994),Nobody's Fool,1994,https://en.wikipedia.org/wiki/Special:FilePath/Nobodysfool.jpg,wikipedia-infobox,171070,Nobody's Fool (1994 film),2026-06-20T13:36:35+00:00
282,Nell (1994),Nell,1994,https://en.wikipedia.org/wiki/Special:FilePath/Nell_%281994_film_poster%29.jpg,wikipedia-infobox,207680,Nell (film),2026-06-20T13:37:01+00:00
283,New Jersey Drive (1995),New Jersey Drive,1995,https://en.wikipedia.org/wiki/Special:FilePath/New_Jersey_Drive.jpg,wikipedia-infobox,14311655,New Jersey Drive,2026-06-20T13:36:37+00:00
286,Nemesis 2: Nebula (1995),Nemesis 2: Nebula,1995,https://en.wikipedia.org/wiki/Special:FilePath/Nemesis_2_Poster.jpg,wikipedia-infobox,24936868,Nemesis 2: Nebula,2026-06-20T13:36:37+00:00
287,Nina Takes a Lover (1994),Nina Takes a Lover,1994,https://en.wikipedia.org/wiki/Special:FilePath/Nina_Takes_a_Lover_poster.jpg,wikipedia-infobox,57639200,Nina Takes a Lover,2026-06-20T13:36:37+00:00
288,Natural Born Killers (1994),Natural Born Killers,1994,https://en.wikipedia.org/wiki/Special:FilePath/Natural_Born_Killers.jpg,wikipedia-infobox,21180,Natural Born Killers,2026-06-20T13:36:37+00:00
289,Only You (1994),Only You,1994,https://en.wikipedia.org/wiki/Special:FilePath/Only_you_poster.jpg,wikipedia-infobox,9216379,Only You (1994 film),2026-06-20T13:36:35+00:00
290,Once Were Warriors (1994),Once Were Warriors,1994,https://en.wikipedia.org/wiki/Special:FilePath/Alan_Duff_-_Once_Were_Warriors.jpeg,wikipedia-infobox,759873,Once Were Warriors,2026-06-20T13:36:37+00:00
291,Poison Ivy II (1995),Poison Ivy II,1995,https://en.wikipedia.org/wiki/Special:FilePath/Poisonivy2dvd.jpg,wikipedia-infobox,2810331,Poison Ivy II: Lily,2026-06-20T13:36:37+00:00
292,Outbreak (1995),Outbreak,1995,https://en.wikipedia.org/wiki/Special:FilePath/Outbreak_movie.JPG,wikipedia-infobox,733927,Outbreak (1995 film),2026-06-20T13:36:35+00:00
293,"Professional, The (a.k.a. Leon: The Professional) (1994)","Professional, The (a.k.a. Leon: The Professional)",1994,https://en.wikipedia.org/wiki/Special:FilePath/Leon-poster.jpg,wikipedia-infobox,40672,Léon: The Professional,2026-06-20T20:31:27+00:00
294,"Perez Family, The (1995)","Perez Family, The",1995,https://en.wikipedia.org/wiki/Special:FilePath/Perez_family.jpg,wikipedia-infobox,35568338,The Perez Family,2026-06-20T13:36:37+00:00
295,"Pyromaniac's Love Story, A (1995)","Pyromaniac's Love Story, A",1995,https://en.wikipedia.org/wiki/Special:FilePath/A_Pyromaniac%27s_Love_Story.jpg,wikipedia-infobox,15969057,A Pyromaniac's Love Story,2026-06-20T13:36:37+00:00
296,Pulp Fiction (1994),Pulp Fiction,1994,https://en.wikipedia.org/wiki/Special:FilePath/Pulp_Fiction_%281994%29_poster.jpg,wikipedia-infobox,54173,Pulp Fiction,2026-06-20T13:36:37+00:00
297,Panther (1995),Panther,1995,https://en.wikipedia.org/wiki/Special:FilePath/Panther1995_movie_poster.JPG,wikipedia-infobox,5393250,Panther (film),2026-06-20T13:36:35+00:00
298,Pushing Hands (1992),Pushing Hands,1992,https://en.wikipedia.org/wiki/Special:FilePath/Pushing_hand.JPG,wikipedia-infobox,939750,Pushing Hands (film),2026-06-20T13:37:01+00:00
299,Priest (1994),Priest,1994,https://en.wikipedia.org/wiki/Special:FilePath/Priest_ver1.jpg,wikipedia-infobox,1856550,Priest (1994 film),2026-06-20T13:36:35+00:00
300,Quiz Show (1994),Quiz Show,1994,https://en.wikipedia.org/wiki/Special:FilePath/QuizShowPoster.jpg,wikipedia-infobox,142412,Quiz Show (film),2026-06-20T13:36:35+00:00
301,Picture Bride (1995),Picture Bride,1995,https://en.wikipedia.org/wiki/Special:FilePath/Picture_Bride_1995_poster.jpg,wikipedia-infobox,9105523,Picture Bride (film),2026-06-20T13:37:01+00:00
302,Queen Margot (La Reine Margot) (1994),Queen Margot (La Reine Margot),1994,https://en.wikipedia.org/wiki/Special:FilePath/La_Reine_Margot_1994_film_poster.png,wikipedia-infobox,1797028,La Reine Margot (1994 film),2026-06-20T20:31:27+00:00
303,"Quick and the Dead, The (1995)","Quick and the Dead, The",1995,https://en.wikipedia.org/wiki/Special:FilePath/The-Quick-And-The-Dead-Poster.jpg,wikipedia-infobox,740824,The Quick and the Dead (1995 film),2026-06-20T13:36:35+00:00
304,Roommates (1995),Roommates,1995,https://en.wikipedia.org/wiki/Special:FilePath/Roommates.jpg,wikipedia-infobox,4195529,Roommates (1995 film),2026-06-20T13:36:35+00:00
305,Ready to Wear (Pret-A-Porter) (1994),Ready to Wear (Pret-A-Porter),1994,https://en.wikipedia.org/wiki/Special:FilePath/Ready_to_wear_pret_a_porter_american_poster.jpg,wikipedia-infobox,6257683,Prêt-à-Porter (film),2026-06-20T20:31:29+00:00
306,Three Colors: Red (1994),Three Colors: Red,1994,https://en.wikipedia.org/wiki/Special:FilePath/Three_Colors-Red.jpg,wikipedia-infobox,23777614,Three Colours: Red,2026-06-20T13:36:37+00:00
307,Three Colors: Blue (1993),Three Colors: Blue,1993,https://en.wikipedia.org/wiki/Special:FilePath/Three_Colours_Blue_%28film_poster%29.jpg,wikipedia-infobox,154635,Three Colours: Blue,2026-06-20T13:36:37+00:00
308,Three Colors: White (1994),Three Colors: White,1994,https://en.wikipedia.org/wiki/Special:FilePath/Three_Colours_White_%28film_poster%29.jpg,wikipedia-infobox,155271,Three Colours: White,2026-06-20T13:36:37+00:00
309,"Red Firecracker, Green Firecracker (1994)","Red Firecracker, Green Firecracker",1994,https://en.wikipedia.org/wiki/Special:FilePath/Red_Firecracker_Green_Firecracker.jpg,wikipedia-infobox,2534248,"Red Firecracker, Green Firecracker",2026-06-20T13:36:37+00:00
310,Rent-a-Kid (1995),Rent-a-Kid,1995,https://en.wikipedia.org/wiki/Special:FilePath/RentAKidDVD.jpg,wikipedia-infobox,29836913,Rent-a-Kid,2026-06-20T13:36:37+00:00
311,Relative Fear (1994),Relative Fear,1994,https://en.wikipedia.org/wiki/Special:FilePath/Relative_Fear.jpg,wikipedia-infobox,14616387,Relative Fear,2026-06-20T13:36:37+00:00
312,Stuart Saves His Family (1995),Stuart Saves His Family,1995,https://en.wikipedia.org/wiki/Special:FilePath/Stuartsaveshisfamily.jpg,wikipedia-infobox,1717500,Stuart Saves His Family,2026-06-20T13:36:37+00:00
313,"Swan Princess, The (1994)","Swan Princess, The",1994,https://en.wikipedia.org/wiki/Special:FilePath/Swanprincessposter.jpg,wikipedia-infobox,3956788,The Swan Princess,2026-06-20T13:36:37+00:00
314,"Secret of Roan Inish, The (1994)","Secret of Roan Inish, The",1994,https://en.wikipedia.org/wiki/Special:FilePath/Secretinishposter.jpg,wikipedia-infobox,858597,The Secret of Roan Inish,2026-06-20T13:36:37+00:00
315,"Specialist, The (1994)","Specialist, The",1994,https://en.wikipedia.org/wiki/Special:FilePath/Specialist.jpg,wikipedia-infobox,2337370,The Specialist,2026-06-20T13:36:37+00:00
316,Stargate (1994),Stargate,1994,https://en.wikipedia.org/wiki/Special:FilePath/Stargateposter.jpg,wikipedia-infobox,28327,Stargate (film),2026-06-20T13:37:01+00:00
317,"Santa Clause, The (1994)","Santa Clause, The",1994,https://en.wikipedia.org/wiki/Special:FilePath/The_Santa_Clause.jpg,wikipedia-infobox,144415,The Santa Clause,2026-06-20T13:36:37+00:00
318,"Shawshank Redemption, The (1994)","Shawshank Redemption, The",1994,https://en.wikipedia.org/wiki/Special:FilePath/ShawshankRedemptionMoviePoster.jpg,wikipedia-infobox,30625,The Shawshank Redemption,2026-06-20T13:36:35+00:00
319,Shallow Grave (1994),Shallow Grave,1994,https://en.wikipedia.org/wiki/Special:FilePath/Shallow_Grave_1994_film_poster.png,wikipedia-infobox,883437,Shallow Grave (1994 film),2026-06-20T13:36:36+00:00
320,Suture (1993),Suture,1993,https://en.wikipedia.org/wiki/Special:FilePath/Sutureposter.jpg,wikipedia-infobox,9331521,Suture (film),2026-06-20T13:37:01+00:00
321,Strawberry and Chocolate (Fresa y chocolate) (1993),Strawberry and Chocolate (Fresa y chocolate),1993,https://en.wikipedia.org/wiki/Special:FilePath/Fresa_y_Chocolate_%28US_cover%29.jpg,wikipedia-infobox,32329400,Strawberry and Chocolate,2026-06-20T20:31:29+00:00
322,Swimming with Sharks (1995),Swimming with Sharks,1995,https://en.wikipedia.org/wiki/Special:FilePath/Swimming_with_Sharks_poster.jpg,wikipedia-infobox,1670736,Swimming with Sharks,2026-06-20T13:36:37+00:00
324,"Sum of Us, The (1994)","Sum of Us, The",1994,https://en.wikipedia.org/wiki/Special:FilePath/The_Sum_of_Us_FilmPoster.jpeg,wikipedia-infobox,23732448,The Sum of Us (film),2026-06-20T13:37:01+00:00
325,National Lampoon's Senior Trip (1995),National Lampoon's Senior Trip,1995,https://en.wikipedia.org/wiki/Special:FilePath/National_Lampoon%27s_Senior_Trip_Poster.jpg,wikipedia-infobox,4148551,National Lampoon's Senior Trip,2026-06-20T13:36:37+00:00
326,To Live (Huozhe) (1994),To Live (Huozhe),1994,https://en.wikipedia.org/wiki/Special:FilePath/To_Live_Poster.jpg,wikipedia-infobox,1374349,To Live (1994 film),2026-06-20T20:31:27+00:00
327,Tank Girl (1995),Tank Girl,1995,https://en.wikipedia.org/wiki/Special:FilePath/Tank_Girl_logo.png,wikipedia-infobox,392792,Tank Girl,2026-06-20T13:36:37+00:00
328,Tales From the Crypt Presents: Demon Knight (1995),Tales From the Crypt Presents: Demon Knight,1995,https://en.wikipedia.org/wiki/Special:FilePath/Tales_from_the_crypt_presents_demon_knight.jpg,wikipedia-search,706861,Demon Knight,2026-06-21T05:48:08+00:00
329,Star Trek: Generations (1994),Star Trek: Generations,1994,https://en.wikipedia.org/wiki/Special:FilePath/S07-Star_Trek_Generations-poster_art.png,wikipedia-infobox,27079,Star Trek Generations,2026-06-20T13:36:37+00:00
330,Tales from the Hood (1995),Tales from the Hood,1995,https://en.wikipedia.org/wiki/Special:FilePath/Tales_from_the_Hood_%281995%29_poster.jpg,wikipedia-infobox,2883615,Tales from the Hood,2026-06-20T13:36:37+00:00
331,Tom & Viv (1994),Tom & Viv,1994,https://en.wikipedia.org/wiki/Special:FilePath/Tomandviv.jpg,wikipedia-infobox,781724,Tom & Viv,2026-06-20T13:36:37+00:00
332,Village of the Damned (1995),Village of the Damned,1995,https://en.wikipedia.org/wiki/Special:FilePath/Village_of_the_Damned_%281995_film%29.jpg,wikipedia-infobox,1721255,Village of the Damned (1995 film),2026-06-20T13:36:36+00:00
333,Tommy Boy (1995),Tommy Boy,1995,https://en.wikipedia.org/wiki/Special:FilePath/Tommy_Boy.jpg,wikipedia-infobox,817516,Tommy Boy,2026-06-20T13:36:37+00:00
334,Vanya on 42nd Street (1994),Vanya on 42nd Street,1994,https://en.wikipedia.org/wiki/Special:FilePath/Vanya_On_42nd_Street.jpg,wikipedia-infobox,1236170,Vanya on 42nd Street,2026-06-20T13:36:37+00:00
335,"Underneath, The (1995)","Underneath, The",1995,https://en.wikipedia.org/wiki/Special:FilePath/UnderneathPoster.jpg,wikipedia-infobox,8931289,The Underneath (film),2026-06-20T13:37:01+00:00
336,"Walking Dead, The (1995)","Walking Dead, The",1995,https://en.wikipedia.org/wiki/Special:FilePath/Walking_Dead_OST.jpg,wikipedia-infobox,9105327,The Walking Dead (1995 film),2026-06-20T13:36:36+00:00
337,What's Eating Gilbert Grape (1993),What's Eating Gilbert Grape,1993,https://en.wikipedia.org/wiki/Special:FilePath/What%27s_Eating_Gilbert_Grape_poster.png,wikipedia-infobox,656608,What's Eating Gilbert Grape,2026-06-20T13:36:38+00:00
338,Virtuosity (1995),Virtuosity,1995,https://en.wikipedia.org/wiki/Special:FilePath/Virtuosity_ver2.jpg,wikipedia-infobox,234731,Virtuosity,2026-06-20T13:36:38+00:00
339,While You Were Sleeping (1995),While You Were Sleeping,1995,https://en.wikipedia.org/wiki/Special:FilePath/Whilesleepingposter.jpg,wikipedia-infobox,226202,While You Were Sleeping (film),2026-06-20T13:37:01+00:00
340,"War, The (1994)","War, The",1994,https://en.wikipedia.org/wiki/Special:FilePath/The_war%2C_film_poster.jpg,wikipedia-infobox,1851374,The War (film),2026-06-20T13:36:36+00:00
341,Double Happiness (1994),Double Happiness,1994,https://en.wikipedia.org/wiki/Special:FilePath/Double_happiness_ver1.jpg,wikipedia-infobox,5890466,Double Happiness (film),2026-06-20T13:37:01+00:00
342,Muriel's Wedding (1994),Muriel's Wedding,1994,https://en.wikipedia.org/wiki/Special:FilePath/Muriels_wedding_poster.jpg,wikipedia-infobox,363255,Muriel's Wedding,2026-06-20T13:36:38+00:00
343,"Baby-Sitters Club, The (1995)","Baby-Sitters Club, The",1995,https://en.wikipedia.org/wiki/Special:FilePath/Babysitters_club_film.jpg,wikipedia-infobox,768526,The Baby-Sitters Club (film),2026-06-20T13:37:01+00:00
344,Ace Ventura: Pet Detective (1994),Ace Ventura: Pet Detective,1994,https://en.wikipedia.org/wiki/Special:FilePath/ace_ventura_pet_detective.jpg,wikipedia-infobox,336808,Ace Ventura: Pet Detective,2026-06-20T13:36:38+00:00
345,"Adventures of Priscilla, Queen of the Desert, The (1994)","Adventures of Priscilla, Queen of the Desert, The",1994,https://en.wikipedia.org/wiki/Special:FilePath/Priscilla_the_Queen.jpg,wikipedia-infobox,482882,"The Adventures of Priscilla, Queen of the Desert",2026-06-20T13:36:38+00:00
346,Backbeat (1993),Backbeat,1993,https://en.wikipedia.org/wiki/Special:FilePath/BackbeatPoster.jpg,wikipedia-infobox,2297198,Backbeat (film),2026-06-20T13:37:01+00:00
347,Bitter Moon (1992),Bitter Moon,1992,https://en.wikipedia.org/wiki/Special:FilePath/Bitter-Moon-Poster.jpg,wikipedia-infobox,846354,Bitter Moon,2026-06-20T13:36:38+00:00
348,Bullets Over Broadway (1994),Bullets Over Broadway,1994,https://en.wikipedia.org/wiki/Special:FilePath/Bullets_over_Broadway_movie_poster.jpg,wikipedia-infobox,1055089,Bullets Over Broadway,2026-06-20T13:36:38+00:00
349,Clear and Present Danger (1994),Clear and Present Danger,1994,https://en.wikipedia.org/wiki/Special:FilePath/Clear_And_Present_Danger_cover.jpg,wikipedia-infobox,55737,Clear and Present Danger,2026-06-20T13:36:38+00:00
350,"Client, The (1994)","Client, The",1994,https://en.wikipedia.org/wiki/Special:FilePath/Clientfilmposter.jpg,wikipedia-infobox,13087370,The Client (1994 film),2026-06-20T13:37:28+00:00
351,"Corrina, Corrina (1994)","Corrina, Corrina",1994,https://en.wikipedia.org/wiki/Special:FilePath/Corrina_Corrina_-poster.jpg,wikipedia-infobox,19337214,"Corrina, Corrina (film)",2026-06-20T13:37:32+00:00
352,Crooklyn (1994),Crooklyn,1994,https://en.wikipedia.org/wiki/Special:FilePath/Crooklyn_poster.jpg,wikipedia-infobox,2084045,Crooklyn,2026-06-20T13:37:31+00:00
353,"Crow, The (1994)","Crow, The",1994,https://en.wikipedia.org/wiki/Special:FilePath/Crow_ver2.jpg,wikipedia-infobox,406339,The Crow (1994 film),2026-06-20T13:37:28+00:00
354,Cobb (1994),Cobb,1994,https://en.wikipedia.org/wiki/Special:FilePath/Cobbposter.jpg,wikipedia-infobox,798426,Cobb (film),2026-06-20T13:37:32+00:00
355,"Flintstones, The (1994)","Flintstones, The",1994,https://en.wikipedia.org/wiki/Special:FilePath/Flintstones_ver2.jpg,wikipedia-infobox,194664,The Flintstones (film),2026-06-20T13:37:28+00:00
356,Forrest Gump (1994),Forrest Gump,1994,https://en.wikipedia.org/wiki/Special:FilePath/Forrest_Gump_poster.jpg,wikipedia-infobox,41528,Forrest Gump,2026-06-20T13:37:28+00:00
357,Four Weddings and a Funeral (1994),Four Weddings and a Funeral,1994,https://en.wikipedia.org/wiki/Special:FilePath/Four_weddings_poster.jpg,wikipedia-infobox,11223,Four Weddings and a Funeral,2026-06-20T13:37:31+00:00
358,Higher Learning (1995),Higher Learning,1995,https://en.wikipedia.org/wiki/Special:FilePath/Higher_Learning_%28movie%29.jpg,wikipedia-infobox,695435,Higher Learning,2026-06-20T13:37:31+00:00
359,I Like It Like That (1994),I Like It Like That,1994,https://en.wikipedia.org/wiki/Special:FilePath/Ilikeitlikethatposter.jpg,wikipedia-infobox,6439404,I Like It Like That (film),2026-06-20T13:37:32+00:00
360,I Love Trouble (1994),I Love Trouble,1994,https://en.wikipedia.org/wiki/Special:FilePath/I_love_trouble.jpg,wikipedia-infobox,2584474,I Love Trouble (1994 film),2026-06-20T13:37:28+00:00
361,It Could Happen to You (1994),It Could Happen to You,1994,https://en.wikipedia.org/wiki/Special:FilePath/It_could_happen_to_you_ver2.jpg,wikipedia-infobox,2997355,It Could Happen to You (1994 film),2026-06-20T13:37:28+00:00
362,"Jungle Book, The (1994)","Jungle Book, The",1994,https://en.wikipedia.org/wiki/Special:FilePath/Rudyard_Kipling%27s_The_Jungle_Book_film_poster.jpg,wikipedia-infobox,726161,The Jungle Book (1994 film),2026-06-20T13:37:28+00:00
363,"Wonderful, Horrible Life of Leni Riefenstahl, The (Die Macht der Bilder) (1993)","Wonderful, Horrible Life of Leni Riefenstahl, The (Die Macht der Bilder)",1993,https://en.wikipedia.org/wiki/Special:FilePath/Wonder%2C_horr_life_leni_cover.jpg,wikipedia-infobox,3588667,The Wonderful Horrible Life of Leni Riefenstahl,2026-06-20T20:32:01+00:00
364,"Lion King, The (1994)","Lion King, The",1994,https://en.wikipedia.org/wiki/Special:FilePath/The_Lion_King_poster.jpg,wikipedia-infobox,88678,The Lion King,2026-06-20T13:37:28+00:00
365,Little Buddha (1993),Little Buddha,1993,https://en.wikipedia.org/wiki/Special:FilePath/Little_buddha_imp.jpg,wikipedia-infobox,1682871,Little Buddha,2026-06-20T13:37:31+00:00
366,Wes Craven's New Nightmare (1994),Wes Craven's New Nightmare,1994,https://en.wikipedia.org/wiki/Special:FilePath/Wes_Craven%27s_New_Nightmare_US_poster.jpg,wikipedia-infobox,347235,Wes Craven's New Nightmare,2026-06-20T13:37:31+00:00
367,"Mask, The (1994)","Mask, The",1994,https://en.wikipedia.org/wiki/Special:FilePath/The_Mask_%28film%29_poster.jpg,wikipedia-infobox,1485962,The Mask (1994 film),2026-06-20T13:37:28+00:00
368,Maverick (1994),Maverick,1994,https://en.wikipedia.org/wiki/Special:FilePath/Maverick_movie.jpg,wikipedia-infobox,380517,Maverick (film),2026-06-20T13:37:28+00:00
369,Mrs. Parker and the Vicious Circle (1994),Mrs. Parker and the Vicious Circle,1994,https://en.wikipedia.org/wiki/Special:FilePath/Mrs._Parker_and_the_Vicious_Circle.jpg,wikipedia-infobox,975995,Mrs. Parker and the Vicious Circle,2026-06-20T13:37:31+00:00
370,Naked Gun 33 1/3: The Final Insult (1994),Naked Gun 33 1/3: The Final Insult,1994,https://en.wikipedia.org/wiki/Special:FilePath/Naked_Gun_3_poster.jpg,wikipedia-infobox,1867173,Naked Gun 33 1/3: The Final Insult,2026-06-20T13:37:31+00:00
371,"Paper, The (1994)","Paper, The",1994,https://en.wikipedia.org/wiki/Special:FilePath/The_Paper_movie_poster.jpg,wikipedia-infobox,2233095,The Paper (film),2026-06-20T13:37:32+00:00
372,Reality Bites (1994),Reality Bites,1994,https://en.wikipedia.org/wiki/Special:FilePath/Realitybitesposter.jpg,wikipedia-infobox,350847,Reality Bites,2026-06-20T13:37:31+00:00
373,Red Rock West (1992),Red Rock West,1992,https://en.wikipedia.org/wiki/Special:FilePath/Redrockmovieposter.jpg,wikipedia-infobox,2541685,Red Rock West,2026-06-20T13:37:31+00:00
374,Richie Rich (1994),Richie Rich,1994,https://en.wikipedia.org/wiki/Special:FilePath/Richierichposter.jpg,wikipedia-infobox,1486573,Richie Rich (film),2026-06-20T13:37:28+00:00
375,Safe Passage (1994),Safe Passage,1994,https://en.wikipedia.org/wiki/Special:FilePath/Safe_Passage_film_poster.jpg,wikipedia-infobox,12665133,Safe Passage (film),2026-06-20T13:37:32+00:00
376,"River Wild, The (1994)","River Wild, The",1994,https://en.wikipedia.org/wiki/Special:FilePath/River_wild_movie_poster.jpg,wikipedia-infobox,4189858,The River Wild,2026-06-20T13:37:28+00:00
377,Speed (1994),Speed,1994,https://en.wikipedia.org/wiki/Special:FilePath/Speed_movie_poster.jpg,wikipedia-infobox,99123,Speed (1994 film),2026-06-20T13:37:28+00:00
378,Speechless (1994),Speechless,1994,https://en.wikipedia.org/wiki/Special:FilePath/Speechless_movie.jpg,wikipedia-infobox,4681500,Speechless (1994 film),2026-06-20T13:37:28+00:00
379,Timecop (1994),Timecop,1994,https://en.wikipedia.org/wiki/Special:FilePath/Timecopposter.jpg,wikipedia-infobox,1493527,Timecop,2026-06-20T13:37:31+00:00
380,True Lies (1994),True Lies,1994,https://en.wikipedia.org/wiki/Special:FilePath/True_Lies_poster.png,wikipedia-infobox,68374,True Lies,2026-06-20T13:37:31+00:00
381,When a Man Loves a Woman (1994),When a Man Loves a Woman,1994,https://en.wikipedia.org/wiki/Special:FilePath/When_a_man_loves_a_woman.jpg,wikipedia-infobox,728946,When a Man Loves a Woman (film),2026-06-20T13:37:32+00:00
382,Wolf (1994),Wolf,1994,https://en.wikipedia.org/wiki/Special:FilePath/Wolf_movie_poster.jpg,wikipedia-infobox,686022,Wolf (1994 film),2026-06-20T13:37:28+00:00
383,Wyatt Earp (1994),Wyatt Earp,1994,https://en.wikipedia.org/wiki/Special:FilePath/Wyatt_Earp_portrait.png,wikipedia-infobox,400247,Wyatt Earp,2026-06-20T13:37:31+00:00
384,Bad Company (1995),Bad Company,1995,https://en.wikipedia.org/wiki/Special:FilePath/Bad_companyposter.jpg,wikipedia-infobox,5579814,Bad Company (1995 film),2026-06-20T13:37:28+00:00
385,"Man of No Importance, A (1994)","Man of No Importance, A",1994,https://en.wikipedia.org/wiki/Special:FilePath/AManOfNoImportnace.jpg,wikipedia-infobox,10783682,A Man of No Importance (film),2026-06-20T13:37:32+00:00
386,S.F.W. (1994),S.F.W.,1994,https://en.wikipedia.org/wiki/Special:FilePath/S.f.w.cover.jpg,wikipedia-infobox,2769852,S.F.W.,2026-06-20T13:37:31+00:00
387,"Low Down Dirty Shame, A (1994)","Low Down Dirty Shame, A",1994,https://en.wikipedia.org/wiki/Special:FilePath/Low_down_dirty_shame.jpg,wikipedia-infobox,2797150,A Low Down Dirty Shame,2026-06-20T13:37:31+00:00
388,Boys Life (1995),Boys Life,1995,https://en.wikipedia.org/wiki/Special:FilePath/Boys_Life_poster.jpg,wikipedia-infobox,1496790,Boys Life (film),2026-06-20T13:37:32+00:00
389,"Colonel Chabert, Le (1994)","Colonel Chabert, Le",1994,https://en.wikipedia.org/wiki/Special:FilePath/Colonel_Chabert-1994.jpg,wikipedia-search,15111478,Colonel Chabert (1994 film),2026-06-21T05:49:03+00:00
390,Faster Pussycat! Kill! Kill! (1965),Faster Pussycat! Kill! Kill!,1965,https://en.wikipedia.org/wiki/Special:FilePath/Faster_pussycat_kill_kill_poster_%281%29.jpg,wikipedia-infobox,773501,"Faster, Pussycat! Kill! Kill!",2026-06-20T13:37:31+00:00
391,Jason's Lyric (1994),Jason's Lyric,1994,https://en.wikipedia.org/wiki/Special:FilePath/Jasonslyricposter.jpg,wikipedia-infobox,1587823,Jason's Lyric,2026-06-20T13:37:31+00:00
392,"Secret Adventures of Tom Thumb, The (1993)","Secret Adventures of Tom Thumb, The",1993,https://en.wikipedia.org/wiki/Special:FilePath/The_Secret_Adventures_of_Tom_Thumb_DVD.jpg,wikipedia-infobox,9678825,The Secret Adventures of Tom Thumb,2026-06-20T13:37:31+00:00
393,Street Fighter (1994),Street Fighter,1994,https://en.wikipedia.org/wiki/Special:FilePath/StreetFighterMoviePoster.jpg,wikipedia-infobox,1269138,Street Fighter (1994 film),2026-06-20T13:37:28+00:00
394,Coldblooded (1995),Coldblooded,1995,https://en.wikipedia.org/wiki/Special:FilePath/Coldblooded_film.jpg,wikipedia-infobox,5242749,Coldblooded (film),2026-06-20T13:37:32+00:00
396,Fall Time (1995),Fall Time,1995,https://en.wikipedia.org/wiki/Special:FilePath/Fall_Time_Movie_Poster.jpg,wikipedia-infobox,24703055,Fall Time,2026-06-20T13:37:31+00:00
397,"Fear, The (1995)","Fear, The",1995,https://en.wikipedia.org/wiki/Special:FilePath/The_Fear_%281995%29_DVD_cover.jpg,wikipedia-infobox,64706034,The Fear (1995 film),2026-06-20T13:37:28+00:00
398,Frank and Ollie (1995),Frank and Ollie,1995,https://en.wikipedia.org/wiki/Special:FilePath/Frank_and_Ollie_%281995%29_Film_Poster.jpg,wikipedia-infobox,17123981,Frank and Ollie,2026-06-20T13:37:31+00:00
401,Mirage (1995),Mirage,1995,https://en.wikipedia.org/wiki/Special:FilePath/Mirage_%281995_film%29.jpg,wikipedia-infobox,46936009,Mirage (1995 film),2026-06-20T13:37:28+00:00
402,Open Season (1996),Open Season,1996,https://media.themoviedb.org/t/p/original/kZW1DSY4w31ZNndhTQYVCVW0eL6.jpg,manual-curated,tmdb-web:open-season,Open Season,2026-06-21T07:45:33+00:00
404,Brother Minister: The Assassination of Malcolm X (1994),Brother Minister: The Assassination of Malcolm X,1994,https://m.media-amazon.com/images/M/MV5BNDA2MTYyNDE4NV5BMl5BanBnXkFtZTcwOTY5ODA3NA@@._V1_.jpg,imdb-suggest,tt0109339,Brother Minister: The Assassination of Malcolm X,2026-06-21T06:53:15+00:00
405,Highlander III: The Sorcerer (1994),Highlander III: The Sorcerer,1994,https://en.wikipedia.org/wiki/Special:FilePath/Highlander_3_poster.jpg,wikipedia-infobox,4440320,Highlander III: The Sorcerer,2026-06-20T13:37:31+00:00
406,Federal Hill (1994),Federal Hill,1994,https://m.media-amazon.com/images/M/MV5BNmVmNjZhYWQtNDM0OC00YjQ0LTgzY2YtM2ExZGE1OGEzZTM5XkEyXkFqcGc@._V1_.jpg,imdb-suggest,tt0109785,Federal Hill,2026-06-21T06:53:16+00:00
407,In the Mouth of Madness (1995),In the Mouth of Madness,1995,https://en.wikipedia.org/wiki/Special:FilePath/Mouthmadnessposter.jpg,wikipedia-infobox,343684,In the Mouth of Madness,2026-06-20T13:37:31+00:00
408,8 Seconds (1994),8 Seconds,1994,https://en.wikipedia.org/wiki/Special:FilePath/8secondsposter.jpg,wikipedia-infobox,4633684,8 Seconds,2026-06-20T13:37:31+00:00
409,Above the Rim (1994),Above the Rim,1994,https://en.wikipedia.org/wiki/Special:FilePath/Above_the_rim_poster.jpg,wikipedia-infobox,2932836,Above the Rim,2026-06-20T13:37:31+00:00
410,Addams Family Values (1993),Addams Family Values,1993,https://en.wikipedia.org/wiki/Special:FilePath/Addams_family_values.jpg,wikipedia-infobox,876872,Addams Family Values,2026-06-20T13:37:31+00:00
411,You So Crazy (1994),You So Crazy,1994,https://en.wikipedia.org/wiki/Special:FilePath/You_so_crazy_ver2.jpg,wikipedia-infobox,3532296,You So Crazy,2026-06-20T13:37:31+00:00
412,"Age of Innocence, The (1993)","Age of Innocence, The",1993,https://en.wikipedia.org/wiki/Special:FilePath/The_Age_Of_Innocence.jpg,wikipedia-infobox,5836236,The Age of Innocence (1993 film),2026-06-20T13:37:29+00:00
413,Airheads (1994),Airheads,1994,https://en.wikipedia.org/wiki/Special:FilePath/airheads_film_poster.jpg,wikipedia-infobox,924835,Airheads,2026-06-20T13:37:31+00:00
414,"Air Up There, The (1994)","Air Up There, The",1994,https://en.wikipedia.org/wiki/Special:FilePath/Air_up_there.jpg,wikipedia-infobox,2649791,The Air Up There,2026-06-20T13:37:31+00:00
415,Another Stakeout (1993),Another Stakeout,1993,https://en.wikipedia.org/wiki/Special:FilePath/Another_stakeout.jpg,wikipedia-infobox,733910,Another Stakeout,2026-06-20T13:37:31+00:00
416,Bad Girls (1994),Bad Girls,1994,https://en.wikipedia.org/wiki/Special:FilePath/Bad_girls.jpg,wikipedia-infobox,690131,Bad Girls (1994 film),2026-06-20T13:37:29+00:00
417,Barcelona (1994),Barcelona,1994,https://en.wikipedia.org/wiki/Special:FilePath/Barcelona-movie.jpg,wikipedia-infobox,657824,Barcelona (film),2026-06-20T13:37:32+00:00
418,Being Human (1993),Being Human,1993,https://m.media-amazon.com/images/M/MV5BMmFkY2NiMGMtZTI0OC00ODM3LWExNTQtM2RmMzdiYjc1Nzg4XkEyXkFqcGc@._V1_.jpg,imdb-suggest,tt0106379,Being Human,2026-06-21T07:25:16+00:00
419,"Beverly Hillbillies, The (1993)","Beverly Hillbillies, The",1993,https://en.wikipedia.org/wiki/Special:FilePath/beverly_hillbillies.jpg,wikipedia-infobox,1853921,The Beverly Hillbillies (film),2026-06-20T13:37:29+00:00
420,Beverly Hills Cop III (1994),Beverly Hills Cop III,1994,https://en.wikipedia.org/wiki/Special:FilePath/Beverly_Hills_Cop_III.jpg,wikipedia-infobox,1138104,Beverly Hills Cop III,2026-06-20T13:37:31+00:00
421,Black Beauty (1994),Black Beauty,1994,https://en.wikipedia.org/wiki/Special:FilePath/Black_Beauty%2C_a_1994_film.jpg,wikipedia-infobox,7764230,Black Beauty (1994 film),2026-06-20T13:37:29+00:00
422,Blink (1994),Blink,1994,https://en.wikipedia.org/wiki/Special:FilePath/Blink1.jpg,wikipedia-infobox,Q604155,Blink,2026-06-20T13:37:58+00:00
423,Blown Away (1994),Blown Away,1994,https://en.wikipedia.org/wiki/Special:FilePath/Blow_Away_1994_Film_Poster.jpg,wikipedia-infobox,3027347,Blown Away (1994 film),2026-06-20T13:37:29+00:00
424,Blue Chips (1994),Blue Chips,1994,https://en.wikipedia.org/wiki/Special:FilePath/Blue_Chips_Movie_Poster.jpg,wikipedia-infobox,1512830,Blue Chips,2026-06-20T13:37:31+00:00
425,Blue Sky (1994),Blue Sky,1994,https://en.wikipedia.org/wiki/Special:FilePath/Blue_Sky_film.JPG,wikipedia-infobox,770348,Blue Sky (1994 film),2026-06-20T13:37:29+00:00
426,Body Snatchers (1993),Body Snatchers,1993,https://en.wikipedia.org/wiki/Special:FilePath/Body_snatchers_1993.jpg,wikipedia-infobox,5735467,Body Snatchers (1993 film),2026-06-20T13:37:29+00:00
427,Boxing Helena (1993),Boxing Helena,1993,https://en.wikipedia.org/wiki/Special:FilePath/FennBoxingHelena.jpg,wikipedia-infobox,77460,Boxing Helena,2026-06-20T13:37:31+00:00
428,"Bronx Tale, A (1993)","Bronx Tale, A",1993,https://en.wikipedia.org/wiki/Special:FilePath/A_Bronx_Tale.jpg,wikipedia-infobox,591309,A Bronx Tale,2026-06-20T13:37:31+00:00
429,Cabin Boy (1994),Cabin Boy,1994,https://en.wikipedia.org/wiki/Special:FilePath/Cabinboyposter.jpg,wikipedia-infobox,99948,Cabin Boy,2026-06-20T13:37:31+00:00
430,Calendar Girl (1993),Calendar Girl,1993,https://en.wikipedia.org/wiki/Special:FilePath/Calendar_Girl_FILm1993.jpg,wikipedia-infobox,4021666,Calendar Girl (1993 film),2026-06-20T13:37:29+00:00
431,Carlito's Way (1993),Carlito's Way,1993,https://en.wikipedia.org/wiki/Special:FilePath/Carlito%27s_Way.jpg,wikipedia-infobox,692661,Carlito's Way,2026-06-20T13:37:31+00:00
432,City Slickers II: The Legend of Curly's Gold (1994),City Slickers II: The Legend of Curly's Gold,1994,https://en.wikipedia.org/wiki/Special:FilePath/Legend_of_curlys_gold_ver2.jpg,wikipedia-infobox,3084955,City Slickers II: The Legend of Curly's Gold,2026-06-20T13:37:31+00:00
433,Clean Slate (1994),Clean Slate,1994,https://en.wikipedia.org/wiki/Special:FilePath/Cleanslateposter.jpg,wikipedia-infobox,4743333,Clean Slate (1994 film),2026-06-20T13:37:29+00:00
434,Cliffhanger (1993),Cliffhanger,1993,https://en.wikipedia.org/wiki/Special:FilePath/Cliffhanger_Poster.jpg,wikipedia-infobox,746845,Cliffhanger (1993 film),2026-06-20T13:38:01+00:00
435,Coneheads (1993),Coneheads,1993,https://en.wikipedia.org/wiki/Special:FilePath/Coneheads_Poster.jpg,wikipedia-infobox,1812216,Coneheads (film),2026-06-20T13:38:01+00:00
436,Color of Night (1994),Color of Night,1994,https://en.wikipedia.org/wiki/Special:FilePath/Color_of_Night_poster.jpg,wikipedia-infobox,2569417,Color of Night,2026-06-20T13:38:03+00:00
437,Cops and Robbersons (1994),Cops and Robbersons,1994,https://en.wikipedia.org/wiki/Special:FilePath/copsrobbersons.jpg,wikipedia-infobox,5392223,Cops & Robbersons,2026-06-20T13:38:03+00:00
438,"Cowboy Way, The (1994)","Cowboy Way, The",1994,https://en.wikipedia.org/wiki/Special:FilePath/Cowboy_way_ver2.jpg,wikipedia-infobox,4148842,The Cowboy Way (film),2026-06-20T13:38:05+00:00
439,Dangerous Game (1993),Dangerous Game,1993,https://en.wikipedia.org/wiki/Special:FilePath/Dangerous_gamemp.jpg,wikipedia-infobox,8777894,Dangerous Game (1993 film),2026-06-20T13:38:01+00:00
440,Dave (1993),Dave,1993,https://en.wikipedia.org/wiki/Special:FilePath/Dave_poster.jpg,wikipedia-infobox,693325,Dave (film),2026-06-20T13:38:05+00:00
441,Dazed and Confused (1993),Dazed and Confused,1993,https://en.wikipedia.org/wiki/Special:FilePath/Dazed_and_Confused_%281993%29_poster.jpg,wikipedia-infobox,503573,Dazed and Confused (film),2026-06-20T13:38:01+00:00
442,Demolition Man (1993),Demolition Man,1993,https://en.wikipedia.org/wiki/Special:FilePath/Demolition_man.jpg,wikipedia-infobox,548669,Demolition Man (film),2026-06-20T13:38:05+00:00
443,"Endless Summer 2, The (1994)","Endless Summer 2, The",1994,https://en.wikipedia.org/wiki/Special:FilePath/Endlesssummertwo.jpg,wikipedia-infobox,7888997,The Endless Summer II,2026-06-20T13:38:03+00:00
444,Even Cowgirls Get the Blues (1993),Even Cowgirls Get the Blues,1993,https://en.wikipedia.org/wiki/Special:FilePath/Even_Cowgirls_Get_the_Blues_%281993_film%29_poster.jpg,wikipedia-infobox,7766704,Even Cowgirls Get the Blues (film),2026-06-20T13:38:05+00:00
445,Fatal Instinct (1993),Fatal Instinct,1993,https://en.wikipedia.org/wiki/Special:FilePath/Fatal_instinct.jpg,wikipedia-infobox,2046735,Fatal Instinct,2026-06-20T13:38:03+00:00
446,Farewell My Concubine (1993),Farewell My Concubine,1993,https://en.wikipedia.org/wiki/Special:FilePath/Farewell_My_Concubine_poster.jpg,wikipedia-infobox,204774,Farewell My Concubine (film),2026-06-20T13:38:05+00:00
447,"Favor, The (1994)","Favor, The",1994,https://en.wikipedia.org/wiki/Special:FilePath/Favorposter.jpg,wikipedia-infobox,4343386,The Favor (1994 film),2026-06-20T13:38:01+00:00
448,Fearless (1993),Fearless,1993,https://en.wikipedia.org/wiki/Special:FilePath/Fearless_ver1.jpg,wikipedia-infobox,10977,Fearless (1993 film),2026-06-20T13:38:01+00:00
449,Fear of a Black Hat (1993),Fear of a Black Hat,1993,https://en.wikipedia.org/wiki/Special:FilePath/Fear_of_a_black_hat.jpg,wikipedia-infobox,1032688,Fear of a Black Hat,2026-06-20T13:38:03+00:00
450,With Honors (1994),With Honors,1994,https://en.wikipedia.org/wiki/Special:FilePath/With_honors_poster.jpg,wikipedia-infobox,733901,With Honors (film),2026-06-20T13:38:05+00:00
451,Flesh and Bone (1993),Flesh and Bone,1993,https://en.wikipedia.org/wiki/Special:FilePath/Flesh_and_Bone_%28movie_poster%29.jpg,wikipedia-infobox,2216208,Flesh and Bone (film),2026-06-20T13:38:05+00:00
452,Widows' Peak (1994),Widows' Peak,1994,https://en.wikipedia.org/wiki/Special:FilePath/Widowspeakposter.jpg,wikipedia-infobox,5830543,Widows' Peak,2026-06-20T13:38:03+00:00
453,For Love or Money (1993),For Love or Money,1993,https://en.wikipedia.org/wiki/Special:FilePath/ForLoveorMoney1993.jpg,wikipedia-infobox,2590780,For Love or Money (1993 film),2026-06-20T13:38:01+00:00
454,"Firm, The (1993)","Firm, The",1993,https://en.wikipedia.org/wiki/Special:FilePath/Firm_ver2.jpg,wikipedia-infobox,39826036,The Firm (1993 film),2026-06-20T13:38:01+00:00
455,Free Willy (1993),Free Willy,1993,https://en.wikipedia.org/wiki/Special:FilePath/Free_willy.jpg,wikipedia-infobox,568034,Free Willy,2026-06-20T13:38:03+00:00
456,Fresh (1994),Fresh,1994,https://en.wikipedia.org/wiki/Special:FilePath/Fresh_movie_90s.jpg,wikipedia-infobox,1610563,Fresh (1994 film),2026-06-20T13:38:01+00:00
457,"Fugitive, The (1993)","Fugitive, The",1993,https://en.wikipedia.org/wiki/Special:FilePath/The_Fugitive_movie.jpg,wikipedia-infobox,1822067,The Fugitive (1993 film),2026-06-20T13:38:01+00:00
458,Geronimo: An American Legend (1993),Geronimo: An American Legend,1993,https://en.wikipedia.org/wiki/Special:FilePath/Geronimo_film.jpg,wikipedia-infobox,5019937,Geronimo: An American Legend,2026-06-20T13:38:03+00:00
459,"Getaway, The (1994)","Getaway, The",1994,https://en.wikipedia.org/wiki/Special:FilePath/Getawayposter1994.jpg,wikipedia-infobox,2641298,The Getaway (1994 film),2026-06-20T13:38:01+00:00
460,Getting Even with Dad (1994),Getting Even with Dad,1994,https://en.wikipedia.org/wiki/Special:FilePath/Getting_even_with_dad.jpg,wikipedia-infobox,1235504,Getting Even with Dad,2026-06-20T13:38:03+00:00
461,Go Fish (1994),Go Fish,1994,https://en.wikipedia.org/wiki/Special:FilePath/Playing_Cards_-_number_fives.jpg,wikipedia-infobox,23307107,Go Fish,2026-06-20T13:38:03+00:00
462,"Good Man in Africa, A (1994)","Good Man in Africa, A",1994,https://en.wikipedia.org/wiki/Special:FilePath/A_Good_Man_In_Africa.jpg,wikipedia-infobox,15172134,A Good Man in Africa,2026-06-20T13:38:03+00:00
463,Guilty as Sin (1993),Guilty as Sin,1993,https://en.wikipedia.org/wiki/Special:FilePath/Guilty_as_sin_poster.jpg,wikipedia-infobox,664006,Guilty as Sin,2026-06-20T13:38:03+00:00
464,Hard Target (1993),Hard Target,1993,https://en.wikipedia.org/wiki/Special:FilePath/HardTarget_1993_poster.jpg,wikipedia-infobox,1631497,Hard Target,2026-06-20T13:38:03+00:00
465,Heaven & Earth (1993),Heaven & Earth,1993,https://en.wikipedia.org/wiki/Special:FilePath/Heaven_%26_Earth.jpg,wikipedia-infobox,1546168,Heaven & Earth (1993 film),2026-06-20T13:38:01+00:00
466,Hot Shots! Part Deux (1993),Hot Shots! Part Deux,1993,https://en.wikipedia.org/wiki/Special:FilePath/Hot_Shots_part_deux.jpg,wikipedia-infobox,1416397,Hot Shots! Part Deux,2026-06-20T13:38:03+00:00
467,Live Nude Girls (1995),Live Nude Girls,1995,https://en.wikipedia.org/wiki/Special:FilePath/Live_nude_girls.jpg,wikipedia-infobox,3673030,Live Nude Girls,2026-06-20T13:38:03+00:00
468,"Englishman Who Went Up a Hill, But Came Down a Mountain, The (1995)","Englishman Who Went Up a Hill, But Came Down a Mountain, The",1995,https://en.wikipedia.org/wiki/Special:FilePath/Englishman_who_went_up_a_hill_but_came_down_a_mountain.jpg,wikipedia-search,1076211,The Englishman Who Went up a Hill but Came down a Mountain,2026-06-21T05:50:10+00:00
469,"House of the Spirits, The (1993)","House of the Spirits, The",1993,https://en.wikipedia.org/wiki/Special:FilePath/Houseofthesprirts.jpg,wikipedia-infobox,1195051,The House of the Spirits,2026-06-20T13:38:03+00:00
470,House Party 3 (1994),House Party 3,1994,https://en.wikipedia.org/wiki/Special:FilePath/Houseparty3poster.jpg,wikipedia-infobox,1480748,House Party 3,2026-06-20T13:38:03+00:00
471,"Hudsucker Proxy, The (1994)","Hudsucker Proxy, The",1994,https://en.wikipedia.org/wiki/Special:FilePath/The_Hudsucker_Proxy_Movie.jpg,wikipedia-infobox,170858,The Hudsucker Proxy,2026-06-20T13:38:03+00:00
472,I'll Do Anything (1994),I'll Do Anything,1994,https://en.wikipedia.org/wiki/Special:FilePath/Illdoanythingposter.jpg,wikipedia-infobox,4143719,I'll Do Anything,2026-06-20T13:38:03+00:00
473,In the Army Now (1994),In the Army Now,1994,https://en.wikipedia.org/wiki/Special:FilePath/Inthearmynowposter.jpg,wikipedia-infobox,2470135,In the Army Now (film),2026-06-20T13:38:05+00:00
474,In the Line of Fire (1993),In the Line of Fire,1993,https://en.wikipedia.org/wiki/Special:FilePath/In_the_line_of_fireposter.jpg,wikipedia-infobox,676054,In the Line of Fire,2026-06-20T13:38:03+00:00
475,In the Name of the Father (1993),In the Name of the Father,1993,https://en.wikipedia.org/wiki/Special:FilePath/In_the_name_of_the_father_ver1.jpg,wikipedia-infobox,133671,In the Name of the Father,2026-06-20T13:38:01+00:00
476,"Inkwell, The (1994)","Inkwell, The",1994,https://en.wikipedia.org/wiki/Special:FilePath/InwellFilmPoster.jpg,wikipedia-infobox,2965435,The Inkwell,2026-06-20T13:38:03+00:00
477,What's Love Got to Do with It? (1993),What's Love Got to Do with It?,1993,https://en.wikipedia.org/wiki/Special:FilePath/Whats_love_got_to_do_with_it_poster.jpg,wikipedia-infobox,171066,What's Love Got to Do with It (1993 film),2026-06-20T13:38:01+00:00
478,Jimmy Hollywood (1994),Jimmy Hollywood,1994,https://en.wikipedia.org/wiki/Special:FilePath/Jimmy_hollywood.jpg,wikipedia-infobox,1252685,Jimmy Hollywood,2026-06-20T13:38:03+00:00
479,Judgment Night (1993),Judgment Night,1993,https://en.wikipedia.org/wiki/Special:FilePath/Judgment_night_poster.jpg,wikipedia-infobox,818234,Judgment Night (film),2026-06-20T13:38:05+00:00
480,Jurassic Park (1993),Jurassic Park,1993,https://en.wikipedia.org/wiki/Special:FilePath/Jurassic_Park_poster.jpg,wikipedia-infobox,68485,Jurassic Park,2026-06-20T13:38:03+00:00
481,Kalifornia (1993),Kalifornia,1993,https://en.wikipedia.org/wiki/Special:FilePath/Kaliforniaposter.jpg,wikipedia-infobox,600209,Kalifornia,2026-06-20T13:38:03+00:00
482,Killing Zoe (1994),Killing Zoe,1994,https://en.wikipedia.org/wiki/Special:FilePath/Killing_Zoe_1994_film_poster.jpg,wikipedia-infobox,663968,Killing Zoe,2026-06-20T13:38:03+00:00
483,King of the Hill (1993),King of the Hill,1993,https://en.wikipedia.org/wiki/Special:FilePath/King_of_the_Hill_1993_Poster.jpg,wikipedia-infobox,1158236,King of the Hill (1993 film),2026-06-20T13:38:01+00:00
484,Lassie (1994),Lassie,1994,https://en.wikipedia.org/wiki/Special:FilePath/Lassie_1994_movie_poster.jpg,wikipedia-infobox,9263475,Lassie (1994 film),2026-06-20T13:38:02+00:00
485,Last Action Hero (1993),Last Action Hero,1993,https://en.wikipedia.org/wiki/Special:FilePath/Last_action_hero_ver2.jpg,wikipedia-infobox,675832,Last Action Hero,2026-06-20T13:38:03+00:00
486,Life with Mikey (1993),Life with Mikey,1993,https://en.wikipedia.org/wiki/Special:FilePath/Life_with_mikey_poster.jpg,wikipedia-infobox,4211962,Life with Mikey,2026-06-20T13:38:03+00:00
487,Lightning Jack (1994),Lightning Jack,1994,https://en.wikipedia.org/wiki/Special:FilePath/Lightning_Jack.jpg,wikipedia-infobox,12685218,Lightning Jack,2026-06-20T13:38:03+00:00
488,M. Butterfly (1993),M. Butterfly,1993,https://en.wikipedia.org/wiki/Special:FilePath/M_Butterfly_poster.jpg,wikipedia-infobox,452211,M. Butterfly (film),2026-06-20T13:38:05+00:00
489,Made in America (1993),Made in America,1993,https://en.wikipedia.org/wiki/Special:FilePath/Made_in_America_%281993_film%29_poster.jpg,wikipedia-infobox,3412440,Made in America (1993 film),2026-06-20T13:38:02+00:00
490,Malice (1993),Malice,1993,https://en.wikipedia.org/wiki/Special:FilePath/Malice.jpg,wikipedia-infobox,2216055,Malice (1993 film),2026-06-20T13:38:02+00:00
491,"Man Without a Face, The (1993)","Man Without a Face, The",1993,https://en.wikipedia.org/wiki/Special:FilePath/Man_without_a_face_movie_poster.jpg,wikipedia-infobox,2682100,The Man Without a Face,2026-06-20T13:38:03+00:00
492,Manhattan Murder Mystery (1993),Manhattan Murder Mystery,1993,https://en.wikipedia.org/wiki/Special:FilePath/Manhattan_Murder_Mystery.png,wikipedia-infobox,1228941,Manhattan Murder Mystery,2026-06-20T13:38:03+00:00
493,Menace II Society (1993),Menace II Society,1993,https://en.wikipedia.org/wiki/Special:FilePath/Menace_II_Society.JPG,wikipedia-infobox,682393,Menace II Society,2026-06-20T13:38:03+00:00
494,Executive Decision (1996),Executive Decision,1996,https://en.wikipedia.org/wiki/Special:FilePath/Executive_decision_ver1.jpg,wikipedia-infobox,67422,Executive Decision,2026-06-20T13:38:03+00:00
495,In the Realm of the Senses (Ai no corrida) (1976),In the Realm of the Senses (Ai no corrida),1976,https://en.wikipedia.org/wiki/Special:FilePath/In_the_Realm_of_the_Senses.jpg,wikipedia-infobox,1134154,In the Realm of the Senses,2026-06-20T20:32:05+00:00
496,What Happened Was... (1994),What Happened Was...,1994,https://en.wikipedia.org/wiki/Special:FilePath/What_Happened_Was.jpg,wikipedia-infobox,12481201,What Happened Was,2026-06-20T13:38:03+00:00
497,Much Ado About Nothing (1993),Much Ado About Nothing,1993,https://en.wikipedia.org/wiki/Special:FilePath/Much_ado_about_nothing_movie_poster.jpg,wikipedia-infobox,1615355,Much Ado About Nothing (1993 film),2026-06-20T13:38:02+00:00
498,Mr. Jones (1993),Mr. Jones,1993,https://en.wikipedia.org/wiki/Special:FilePath/Mr_jones_poster.jpg,wikipedia-infobox,4464025,Mr. Jones (1993 film),2026-06-20T13:38:02+00:00
499,Mr. Wonderful (1993),Mr. Wonderful,1993,https://en.wikipedia.org/wiki/Special:FilePath/Mr._Wonderful_Poster.jpg,wikipedia-infobox,10844001,Mr. Wonderful (film),2026-06-20T13:38:05+00:00
500,Mrs. Doubtfire (1993),Mrs. Doubtfire,1993,https://en.wikipedia.org/wiki/Special:FilePath/Mrs_Doubtfire.jpg,wikipedia-infobox,348737,Mrs. Doubtfire,2026-06-20T13:38:03+00:00
501,Naked (1993),Naked,1993,https://en.wikipedia.org/wiki/Special:FilePath/Naked_poster.jpg,wikipedia-infobox,1705391,Naked (1993 film),2026-06-20T13:38:02+00:00
502,"Next Karate Kid, The (1994)","Next Karate Kid, The",1994,https://en.wikipedia.org/wiki/Special:FilePath/the_next_karate_kid.jpg,wikipedia-infobox,657809,The Next Karate Kid,2026-06-20T13:38:03+00:00
503,"New Age, The (1994)","New Age, The",1994,https://en.wikipedia.org/wiki/Special:FilePath/The_New_Age.jpg,wikipedia-infobox,3371158,The New Age,2026-06-20T13:38:03+00:00
504,No Escape (1994),No Escape,1994,https://en.wikipedia.org/wiki/Special:FilePath/No_escape_poster.jpg,wikipedia-infobox,2430462,No Escape (1994 film),2026-06-20T13:38:02+00:00
505,North (1994),North,1994,https://en.wikipedia.org/wiki/Special:FilePath/Northposter.jpg,wikipedia-infobox,939203,North (1994 film),2026-06-20T13:38:02+00:00
506,Orlando (1993),Orlando,1993,https://en.wikipedia.org/wiki/Special:FilePath/Orlando_film_poster.jpg,wikipedia-infobox,917665,Orlando (film),2026-06-20T13:38:05+00:00
507,"Perfect World, A (1993)","Perfect World, A",1993,https://en.wikipedia.org/wiki/Special:FilePath/A_Perfect_World.jpg,wikipedia-infobox,3555900,A Perfect World,2026-06-20T13:38:04+00:00
508,Philadelphia (1993),Philadelphia,1993,https://en.wikipedia.org/wiki/Special:FilePath/Philadelphia_imp.jpg,wikipedia-infobox,468293,Philadelphia (film),2026-06-20T13:38:05+00:00
509,"Piano, The (1993)","Piano, The",1993,https://en.wikipedia.org/wiki/Special:FilePath/The-piano-poster.jpg,wikipedia-infobox,133688,The Piano,2026-06-20T13:38:04+00:00
510,Poetic Justice (1993),Poetic Justice,1993,https://en.wikipedia.org/wiki/Special:FilePath/Poetic_Justice_%281993_movie_poster%29.jpg,wikipedia-infobox,1962192,Poetic Justice (film),2026-06-20T13:38:02+00:00
511,"Program, The (1993)","Program, The",1993,https://en.wikipedia.org/wiki/Special:FilePath/The_program_movie.jpg,wikipedia-infobox,3475071,The Program (1993 film),2026-06-20T13:38:02+00:00
512,Robert A. Heinlein's The Puppet Masters (1994),Robert A. Heinlein's The Puppet Masters,1994,https://en.wikipedia.org/wiki/Special:FilePath/Thepuppetmastersposter.jpg,wikipedia-search,6135549,The Puppet Masters (film),2026-06-21T05:51:03+00:00
513,Radioland Murders (1994),Radioland Murders,1994,https://en.wikipedia.org/wiki/Special:FilePath/Radiolandposter.jpg,wikipedia-infobox,3017440,Radioland Murders,2026-06-20T13:38:04+00:00
514,"Ref, The (1994)","Ref, The",1994,https://en.wikipedia.org/wiki/Special:FilePath/Ref_ver1.jpg,wikipedia-infobox,1260445,The Ref,2026-06-20T13:38:30+00:00
515,"Remains of the Day, The (1993)","Remains of the Day, The",1993,https://en.wikipedia.org/wiki/Special:FilePath/KazuoIshiguro_TheRemainsOfTheDay.jpg,wikipedia-infobox,133721,The Remains of the Day,2026-06-20T13:38:30+00:00
516,Renaissance Man (1994),Renaissance Man,1994,https://en.wikipedia.org/wiki/Special:FilePath/Renaissance_man_poster.jpg,wikipedia-infobox,307604,Renaissance Man (film),2026-06-20T13:38:32+00:00
517,Rising Sun (1993),Rising Sun,1993,https://en.wikipedia.org/wiki/Special:FilePath/Rising_sun_movie_poster_1993.jpg,wikipedia-infobox,1840870,Rising Sun (1993 film),2026-06-20T13:38:28+00:00
518,"Road to Wellville, The (1994)","Road to Wellville, The",1994,https://en.wikipedia.org/wiki/Special:FilePath/t_c_boyle_road_to_wellville.jpg,wikipedia-infobox,659715,The Road to Wellville,2026-06-20T13:38:30+00:00
519,Robocop 3 (1993),Robocop 3,1993,https://en.wikipedia.org/wiki/Special:FilePath/RoboCop3.jpg,wikipedia-infobox,1940449,RoboCop 3,2026-06-20T13:38:30+00:00
520,Robin Hood: Men in Tights (1993),Robin Hood: Men in Tights,1993,https://en.wikipedia.org/wiki/Special:FilePath/RobinHoodMeninTights_Poster.jpg,wikipedia-infobox,556241,Robin Hood: Men in Tights,2026-06-20T13:38:30+00:00
521,Romeo Is Bleeding (1993),Romeo Is Bleeding,1993,https://en.wikipedia.org/wiki/Special:FilePath/Romeo_is_bleeding_ver2.jpg,wikipedia-infobox,2508308,Romeo Is Bleeding,2026-06-20T13:38:30+00:00
522,Romper Stomper (1992),Romper Stomper,1992,https://en.wikipedia.org/wiki/Special:FilePath/Romper_Stomper_US_poster.jpg,wikipedia-infobox,1376794,Romper Stomper,2026-06-20T13:38:30+00:00
523,Ruby in Paradise (1993),Ruby in Paradise,1993,https://en.wikipedia.org/wiki/Special:FilePath/RubyinParadise.jpg,wikipedia-infobox,2880294,Ruby in Paradise,2026-06-20T13:38:30+00:00
524,Rudy (1993),Rudy,1993,https://en.wikipedia.org/wiki/Special:FilePath/Rudy2.jpg,wikipedia-infobox,286893,Rudy (film),2026-06-20T13:38:32+00:00
525,"Saint of Fort Washington, The (1993)","Saint of Fort Washington, The",1993,https://en.wikipedia.org/wiki/Special:FilePath/The_Saint_of_Fort_Washington.jpeg,wikipedia-infobox,35206078,The Saint of Fort Washington,2026-06-20T13:38:30+00:00
526,"Savage Nights (Nuits fauves, Les) (1992)","Savage Nights (Nuits fauves, Les)",1992,https://en.wikipedia.org/wiki/Special:FilePath/Les_nuits_fauves.jpg,wikipedia-infobox,8454726,Savage Nights,2026-06-20T20:32:05+00:00
527,Schindler's List (1993),Schindler's List,1993,https://en.wikipedia.org/wiki/Special:FilePath/Schindler%27s_List_movie.jpg,wikipedia-infobox,65834,Schindler's List,2026-06-20T13:38:30+00:00
528,"Scout, The (1994)","Scout, The",1994,https://en.wikipedia.org/wiki/Special:FilePath/The_scout_movie_poster_%281994%29.jpg,wikipedia-infobox,2501824,The Scout (1994 film),2026-06-20T13:38:28+00:00
529,Searching for Bobby Fischer (1993),Searching for Bobby Fischer,1993,https://en.wikipedia.org/wiki/Special:FilePath/Searching_for_bobby_fischer.jpg,wikipedia-infobox,573912,Searching for Bobby Fischer,2026-06-20T13:38:30+00:00
530,Second Best (1994),Second Best,1994,https://en.wikipedia.org/wiki/Special:FilePath/Second_Best_1994.jpeg,wikipedia-infobox,9628464,Second Best (1994 film),2026-06-20T13:38:28+00:00
531,"Secret Garden, The (1993)","Secret Garden, The",1993,https://en.wikipedia.org/wiki/Special:FilePath/Secretgarden1993.jpg,wikipedia-infobox,1136182,The Secret Garden (1993 film),2026-06-20T13:38:28+00:00
532,Serial Mom (1994),Serial Mom,1994,https://en.wikipedia.org/wiki/Special:FilePath/Serial_mom.jpg,wikipedia-infobox,294520,Serial Mom,2026-06-20T13:38:30+00:00
533,"Shadow, The (1994)","Shadow, The",1994,https://en.wikipedia.org/wiki/Special:FilePath/Shadowpost.jpg,wikipedia-infobox,5991505,The Shadow (1994 film),2026-06-20T13:38:28+00:00
534,Shadowlands (1993),Shadowlands,1993,https://en.wikipedia.org/wiki/Special:FilePath/Shadowlands_ver2.jpg,wikipedia-infobox,1633134,Shadowlands (1993 film),2026-06-20T13:38:28+00:00
535,Short Cuts (1993),Short Cuts,1993,https://en.wikipedia.org/wiki/Special:FilePath/Shortcutsfilm.jpg,wikipedia-infobox,676038,Short Cuts,2026-06-20T13:38:30+00:00
536,"Simple Twist of Fate, A (1994)","Simple Twist of Fate, A",1994,https://en.wikipedia.org/wiki/Special:FilePath/A_Simple_Twist_of_Fate_%28movie_poster%29.jpg,wikipedia-infobox,4856981,A Simple Twist of Fate,2026-06-20T13:38:30+00:00
537,Sirens (1994),Sirens,1994,https://en.wikipedia.org/wiki/Special:FilePath/Sirensposter.jpg,wikipedia-infobox,1006385,Sirens (1994 film),2026-06-20T13:38:28+00:00
538,Six Degrees of Separation (1993),Six Degrees of Separation,1993,https://en.wikipedia.org/wiki/Special:FilePath/6degreesdvd.jpg,wikipedia-infobox,18698236,Six Degrees of Separation (film),2026-06-20T13:38:32+00:00
539,Sleepless in Seattle (1993),Sleepless in Seattle,1993,https://en.wikipedia.org/wiki/Special:FilePath/Sleepless_in_seattle.jpg,wikipedia-infobox,226198,Sleepless in Seattle,2026-06-20T13:38:30+00:00
540,Sliver (1993),Sliver,1993,https://en.wikipedia.org/wiki/Special:FilePath/Sliver_poster.jpg,wikipedia-infobox,11059900,Sliver (film),2026-06-20T13:38:32+00:00
541,Blade Runner (1982),Blade Runner,1982,https://en.wikipedia.org/wiki/Special:FilePath/Blade_Runner_%281982_poster%29.png,wikipedia-infobox,3746,Blade Runner,2026-06-20T13:38:28+00:00
542,Son in Law (1993),Son in Law,1993,https://en.wikipedia.org/wiki/Special:FilePath/Soninlawcover.jpg,wikipedia-infobox,3779953,Son in Law (film),2026-06-20T13:38:32+00:00
543,So I Married an Axe Murderer (1993),So I Married an Axe Murderer,1993,https://en.wikipedia.org/wiki/Special:FilePath/Axemurderermovieposter.jpg,wikipedia-infobox,212671,So I Married an Axe Murderer,2026-06-20T13:38:30+00:00
544,Striking Distance (1993),Striking Distance,1993,https://en.wikipedia.org/wiki/Special:FilePath/Striking_distance.jpg,wikipedia-infobox,2130880,Striking Distance,2026-06-20T13:38:30+00:00
545,Harlem (1993),Harlem,1993,https://m.media-amazon.com/images/M/MV5BYTgyYTdhNzItYjY5YS00YTg2LTllNzgtODUyZjljNzg0NmFjXkEyXkFqcGc@._V1_.jpg,imdb-suggest,tt0102749,A Rage in Harlem,2026-06-21T07:25:16+00:00
546,Super Mario Bros. (1993),Super Mario Bros.,1993,https://en.wikipedia.org/wiki/Special:FilePath/SMB_Movie_Poster.jpg,wikipedia-infobox,210860,Super Mario Bros. (film),2026-06-20T13:38:28+00:00
547,Surviving the Game (1994),Surviving the Game,1994,https://en.wikipedia.org/wiki/Special:FilePath/Surviving_the_Game_DVD_cover.jpg,wikipedia-infobox,3417075,Surviving the Game,2026-06-20T13:38:30+00:00
548,Terminal Velocity (1994),Terminal Velocity,1994,https://en.wikipedia.org/wiki/Special:FilePath/TerminalVelocity.jpg,wikipedia-infobox,4139688,Terminal Velocity (film),2026-06-20T13:38:32+00:00
549,Thirty-Two Short Films About Glenn Gould (1993),Thirty-Two Short Films About Glenn Gould,1993,https://en.wikipedia.org/wiki/Special:FilePath/Thirty_two_short_films_about_glenn_gould_poster.jpg,wikipedia-infobox,295972,Thirty Two Short Films About Glenn Gould,2026-06-20T13:38:30+00:00
550,Threesome (1994),Threesome,1994,https://en.wikipedia.org/wiki/Special:FilePath/Threesome_ver1.jpg,wikipedia-infobox,1906889,Threesome (1994 film),2026-06-20T13:38:28+00:00
551,"Nightmare Before Christmas, The (1993)","Nightmare Before Christmas, The",1993,https://en.wikipedia.org/wiki/Special:FilePath/The_nightmare_before_christmas_poster.jpg,wikipedia-infobox,403227,The Nightmare Before Christmas,2026-06-20T13:38:30+00:00
552,"Three Musketeers, The (1993)","Three Musketeers, The",1993,https://en.wikipedia.org/wiki/Special:FilePath/Threemusketeers1993.jpg,wikipedia-infobox,1962913,The Three Musketeers (1993 film),2026-06-20T13:38:28+00:00
553,Tombstone (1993),Tombstone,1993,https://en.wikipedia.org/wiki/Special:FilePath/Tombstoneposter.jpeg,wikipedia-infobox,525113,Tombstone (film),2026-06-20T13:38:28+00:00
554,Trial by Jury (1994),Trial by Jury,1994,https://en.wikipedia.org/wiki/Special:FilePath/Trial_by_Jury_1994_film.jpg,wikipedia-infobox,21586321,Trial by Jury (film),2026-06-20T13:38:32+00:00
555,True Romance (1993),True Romance,1993,https://en.wikipedia.org/wiki/Special:FilePath/True_romance.jpg,wikipedia-infobox,441315,True Romance,2026-06-20T13:38:30+00:00
556,"War Room, The (1993)","War Room, The",1993,https://en.wikipedia.org/wiki/Special:FilePath/The_War_Room_FilmPoster.jpeg,wikipedia-infobox,484876,The War Room,2026-06-20T13:38:30+00:00
557,Mamma Roma (1962),Mamma Roma,1962,https://en.wikipedia.org/wiki/Special:FilePath/Mammaroma.jpg,wikipedia-infobox,3653844,Mamma Roma,2026-06-20T13:38:30+00:00
558,"Pagemaster, The (1994)","Pagemaster, The",1994,https://en.wikipedia.org/wiki/Special:FilePath/Pagemasterthe.jpg,wikipedia-infobox,1266489,The Pagemaster,2026-06-20T13:38:30+00:00
559,"Paris, France (1993)","Paris, France",1993,https://m.media-amazon.com/images/M/MV5BMTgyNzk4Mjk3Nl5BMl5BanBnXkFtZTcwNzIzNjcyMQ@@._V1_.jpg,imdb-suggest,tt0107779,"Paris, France",2026-06-21T06:53:19+00:00
560,"Beans of Egypt, Maine, The (1994)","Beans of Egypt, Maine, The",1994,https://en.wikipedia.org/wiki/Special:FilePath/The_Beans_of_Egypt%2C_Maine.jpg,wikipedia-infobox,46959276,"The Beans of Egypt, Maine",2026-06-20T13:38:30+00:00
561,Killer (Bulletproof Heart) (1994),Killer (Bulletproof Heart),1994,https://en.wikipedia.org/wiki/Special:FilePath/Bulletproof_Heart_poster.jpg,wikipedia-infobox,56783686,Bulletproof Heart (film),2026-06-20T20:32:03+00:00
562,Welcome to the Dollhouse (1995),Welcome to the Dollhouse,1995,https://en.wikipedia.org/wiki/Special:FilePath/Welcome_to_the_Dollhouse_film_poster.png,wikipedia-infobox,2298338,Welcome to the Dollhouse,2026-06-20T13:38:30+00:00
563,Germinal (1993),Germinal,1993,https://en.wikipedia.org/wiki/Special:FilePath/Germinal93.jpg,wikipedia-infobox,15708208,Germinal (1993 film),2026-06-20T13:38:28+00:00
564,Chasers (1994),Chasers,1994,https://en.wikipedia.org/wiki/Special:FilePath/Chasersposter.jpg,wikipedia-infobox,14794717,Chasers,2026-06-20T13:38:30+00:00
565,Cronos (1992),Cronos,1992,https://en.wikipedia.org/wiki/Special:FilePath/Cronos.jpg,wikipedia-infobox,3080704,Cronos (film),2026-06-20T13:38:32+00:00
566,Naked in New York (1994),Naked in New York,1994,https://en.wikipedia.org/wiki/Special:FilePath/Nakedinnewyork.jpg,wikipedia-infobox,5203014,Naked in New York,2026-06-20T13:38:30+00:00
567,Kika (1993),Kika,1993,https://en.wikipedia.org/wiki/Special:FilePath/Kika_1993_film_poster.png,wikipedia-infobox,4525379,Kika (1993 film),2026-06-20T13:38:29+00:00
568,Bhaji on the Beach (1993),Bhaji on the Beach,1993,https://en.wikipedia.org/wiki/Special:FilePath/Bhaji_on_the_Beach_VHS_cover.jpg,wikipedia-infobox,2711882,Bhaji on the Beach,2026-06-20T13:38:30+00:00
569,Little Big League (1994),Little Big League,1994,https://en.wikipedia.org/wiki/Special:FilePath/MPW-7352.jpg,wikipedia-infobox,3032135,Little Big League,2026-06-20T13:38:30+00:00
570,"Slingshot, The (Kådisbellan ) (1993)","Slingshot, The (Kådisbellan )",1993,https://en.wikipedia.org/wiki/Special:FilePath/The_Slingshot_Poster.jpg,wikipedia-infobox,36212588,The Slingshot (film),2026-06-20T20:32:06+00:00
571,"Wedding Gift, The (1994)","Wedding Gift, The",1994,https://m.media-amazon.com/images/M/MV5BZWIwN2RkYzUtYzdjMy00MDc4LTg4NzAtMTNiZTczOTE4NjgxXkEyXkFqcGc@._V1_.jpg,imdb-suggest,tt4186242,The Wedding Gift,2026-06-21T07:25:16+00:00
572,Foreign Student (1994),Foreign Student,1994,https://en.wikipedia.org/wiki/Special:FilePath/Foreign_Student_poster.jpg,wikipedia-infobox,47256610,Foreign Student,2026-06-20T13:38:30+00:00
573,"Ciao, Professore! (Io speriamo che me la cavo ) (1993)","Ciao, Professore! (Io speriamo che me la cavo )",1993,https://m.media-amazon.com/images/M/MV5BYjdmYmU2YTktYTA5Ny00ZGNjLTg0MTItZTcxNDZmZWM2NzQ0XkEyXkFqcGc@._V1_.jpg,imdb-suggest,tt0107225,"Ciao, Professore!",2026-06-21T07:25:17+00:00
574,Spanking the Monkey (1994),Spanking the Monkey,1994,https://en.wikipedia.org/wiki/Special:FilePath/Spanking_the_monkey_ver1.jpg,wikipedia-infobox,464724,Spanking the Monkey,2026-06-20T13:38:30+00:00
575,"Little Rascals, The (1994)","Little Rascals, The",1994,https://en.wikipedia.org/wiki/Special:FilePath/Little_rascals_ver2.jpg,wikipedia-infobox,1210091,The Little Rascals (film),2026-06-20T13:38:29+00:00
576,Fausto (1993),Fausto,1993,https://en.wikipedia.org/wiki/Special:FilePath/Fausto_2018_poster.jpg,wikipedia-infobox,Q85760658,Fausto,2026-06-20T13:40:37+00:00
577,Andre (1994),Andre,1994,https://en.wikipedia.org/wiki/Special:FilePath/Andre_%28film%29.jpg,wikipedia-infobox,4419809,Andre (film),2026-06-20T13:38:32+00:00
578,"Hour of the Pig, The (1993)","Hour of the Pig, The",1993,https://en.wikipedia.org/wiki/Special:FilePath/Theadvocateposter.jpg,wikipedia-infobox,5629983,The Hour of the Pig,2026-06-20T13:38:30+00:00
579,"Scorta, La (1993)","Scorta, La",1993,https://en.wikipedia.org/wiki/Special:FilePath/The_Escort_FilmPoster.jpeg,wikipedia-search,24057387,The Escort (1993 film),2026-06-21T05:53:03+00:00
580,Princess Caraboo (1994),Princess Caraboo,1994,https://en.wikipedia.org/wiki/Special:FilePath/Illustration_facing_page_44%2C_Devonshire_Characters_and_Strange_Events.png,wikipedia-infobox,217514,Princess Caraboo,2026-06-20T13:38:31+00:00
581,"Celluloid Closet, The (1995)","Celluloid Closet, The",1995,https://en.wikipedia.org/wiki/Special:FilePath/The-celluloid-closet-movie-poster-1996-1020203535.jpg,wikipedia-infobox,2069950,The Celluloid Closet (film),2026-06-20T13:38:32+00:00
582,Metisse (Café au Lait) (1993),Metisse (Café au Lait),1993,https://en.wikipedia.org/wiki/Special:FilePath/metisse.jpg,wikipedia-search,48890224,Métisse (film),2026-06-21T05:53:07+00:00
583,Dear Diary (Caro Diario) (1994),Dear Diary (Caro Diario),1994,https://m.media-amazon.com/images/M/MV5BZWE1YzNlMmEtZGQwYy00YTFlLTk5NzQtZDJlZDdiMmM3OTE3XkEyXkFqcGc@._V1_.jpg,imdb-suggest,tt0109382,Dear Diary,2026-06-21T07:25:17+00:00
584,I Don't Want to Talk About It (De eso no se habla) (1993),I Don't Want to Talk About It (De eso no se habla),1993,https://en.wikipedia.org/wiki/Special:FilePath/De_Eso_no_Se_Habla_film_poster.jpg,wikipedia-infobox,22256208,I Don't Want to Talk About It (film),2026-06-20T20:32:06+00:00
585,"Brady Bunch Movie, The (1995)","Brady Bunch Movie, The",1995,https://en.wikipedia.org/wiki/Special:FilePath/Brady_bunch_movie_poster.jpg,wikipedia-infobox,2158983,The Brady Bunch Movie,2026-06-20T13:38:31+00:00
586,Home Alone (1990),Home Alone,1990,https://en.wikipedia.org/wiki/Special:FilePath/Home_alone_poster.jpg,wikipedia-infobox,216072,Home Alone,2026-06-20T13:38:31+00:00
587,Ghost (1990),Ghost,1990,https://en.wikipedia.org/wiki/Special:FilePath/Ghost_%281990_movie_poster%29.jpg,wikipedia-infobox,129619,Ghost (1990 film),2026-06-20T13:38:29+00:00
588,Aladdin (1992),Aladdin,1992,https://en.wikipedia.org/wiki/Special:FilePath/Aladdin_golden_films.jpg,wikipedia-infobox,Q4705489,Aladdin,2026-06-20T13:40:37+00:00
589,Terminator 2: Judgment Day (1991),Terminator 2: Judgment Day,1991,https://en.wikipedia.org/wiki/Special:FilePath/Terminator_2-Judgment_Day.png,wikipedia-infobox,34344124,Terminator 2: Judgment Day,2026-06-20T13:38:31+00:00
590,Dances with Wolves (1990),Dances with Wolves,1990,https://en.wikipedia.org/wiki/Special:FilePath/Dances_with_Wolves_poster.jpg,wikipedia-infobox,129585,Dances With Wolves,2026-06-20T13:38:31+00:00
591,Tough and Deadly (1995),Tough and Deadly,1995,https://m.media-amazon.com/images/M/MV5BYzE5Mzg3N2ItOTE2NC00N2I3LTk2YWEtYTE4NzM4YzgwYzQ2XkEyXkFqcGc@._V1_.jpg,imdb-suggest,tt0114706,Tough and Deadly,2026-06-21T06:53:25+00:00
592,Batman (1989),Batman,1989,https://en.wikipedia.org/wiki/Special:FilePath/Batman_ver2.jpg,wikipedia-infobox,4726,Batman (1989 film),2026-06-20T13:38:29+00:00
593,"Silence of the Lambs, The (1991)","Silence of the Lambs, The",1991,https://en.wikipedia.org/wiki/Special:FilePath/The_Silence_of_the_Lambs_poster.jpg,wikipedia-infobox,30006,The Silence of the Lambs (film),2026-06-20T13:38:32+00:00
594,Snow White and the Seven Dwarfs (1937),Snow White and the Seven Dwarfs,1937,https://en.wikipedia.org/wiki/Special:FilePath/Snow_White_and_the_Seven_Dwarfs_%28Style_B%29_poster.jpg,wikipedia-infobox,76361,Snow White and the Seven Dwarfs (1937 film),2026-06-20T18:36:30+00:00
595,Beauty and the Beast (1991),Beauty and the Beast,1991,https://en.wikipedia.org/wiki/Special:FilePath/Beauty_and_the_Beast_%281991_film%29_poster.jpg,wikipedia-infobox,133462,Beauty and the Beast (1991 film),2026-06-20T18:36:30+00:00
596,Pinocchio (1940),Pinocchio,1940,https://en.wikipedia.org/wiki/Special:FilePath/Pinocchio-1940-poster.jpg,wikipedia-infobox,187010,Pinocchio (1940 film),2026-06-20T18:36:30+00:00
597,Pretty Woman (1990),Pretty Woman,1990,https://en.wikipedia.org/wiki/Special:FilePath/Pretty_woman_movie.jpg,wikipedia-infobox,156745,Pretty Woman,2026-06-20T18:36:30+00:00
598,Window to Paris (1994),Window to Paris,1994,https://m.media-amazon.com/images/M/MV5BMTliOTZkNmEtMDdmYS00ZGY1LWJhNDgtY2ZhYTE4YjQ2MjY3XkEyXkFqcGc@._V1_.jpg,imdb-suggest,tt0110719,Window to Paris,2026-06-21T07:25:17+00:00
599,"Wild Bunch, The (1969)","Wild Bunch, The",1969,https://en.wikipedia.org/wiki/Special:FilePath/The_Wild_Bunch.JPG,wikipedia-infobox,76630,The Wild Bunch,2026-06-20T18:36:31+00:00
600,Love and a .45 (1994),Love and a .45,1994,https://en.wikipedia.org/wiki/Special:FilePath/Loveanda45.jpg,wikipedia-infobox,5647190,Love and a .45,2026-06-20T18:36:31+00:00
601,"Wooden Man's Bride, The (Wu Kui) (1994)","Wooden Man's Bride, The (Wu Kui)",1994,https://en.wikipedia.org/wiki/Special:FilePath/Wooden_Man%27s_Bride.jpg,wikipedia-infobox,22915257,The Wooden Man's Bride,2026-06-20T20:32:06+00:00
602,"Great Day in Harlem, A (1994)","Great Day in Harlem, A",1994,https://en.wikipedia.org/wiki/Special:FilePath/AGreatDayInHarlem1994Cover.jpg,wikipedia-infobox,20312033,A Great Day in Harlem (film),2026-06-20T18:37:03+00:00
603,"Bye Bye, Love (1995)","Bye Bye, Love",1995,https://en.wikipedia.org/wiki/Special:FilePath/Bye_bye_love.jpg,wikipedia-search,11841381,Bye Bye Love (film),2026-06-21T05:55:10+00:00
605,One Fine Day (1996),One Fine Day,1996,https://en.wikipedia.org/wiki/Special:FilePath/One_Fine_Day_%281996_film%29_poster.jpg,wikipedia-infobox,2423462,One Fine Day (1996 film),2026-06-20T18:36:33+00:00
606,Candyman: Farewell to the Flesh (1995),Candyman: Farewell to the Flesh,1995,https://en.wikipedia.org/wiki/Special:FilePath/Candyman_farewell_to_the_flesh_poster.jpg,wikipedia-infobox,5106720,Candyman: Farewell to the Flesh,2026-06-20T18:37:02+00:00
607,Century (1993),Century,1993,https://en.wikipedia.org/wiki/Special:FilePath/Century_%28film%29.jpg,wikipedia-infobox,1693851,Century (film),2026-06-20T18:36:33+00:00
608,Fargo (1996),Fargo,1996,https://en.wikipedia.org/wiki/Special:FilePath/Fargo.jpg,wikipedia-infobox,142430,Fargo (1996 film),2026-06-20T18:36:33+00:00
609,Homeward Bound II: Lost in San Francisco (1996),Homeward Bound II: Lost in San Francisco,1996,https://en.wikipedia.org/wiki/Special:FilePath/Homeward_bound_ii_lost_in_san_francisco.jpg,wikipedia-infobox,5207131,Homeward Bound II: Lost in San Francisco,2026-06-20T18:37:02+00:00
610,Heavy Metal (1981),Heavy Metal,1981,https://en.wikipedia.org/wiki/Special:FilePath/Heavy_Metal_%281981%29.jpg,wikipedia-infobox,155303,Heavy Metal (film),2026-06-20T18:37:03+00:00
611,Hellraiser: Bloodline (1996),Hellraiser: Bloodline,1996,https://en.wikipedia.org/wiki/Special:FilePath/Hellraiser_bloodline_ver2.jpg,wikipedia-infobox,3745404,Hellraiser: Bloodline,2026-06-20T18:37:02+00:00
612,"Pallbearer, The (1996)","Pallbearer, The",1996,https://en.wikipedia.org/wiki/Special:FilePath/Pallbearer_poster.jpg,wikipedia-infobox,2216294,The Pallbearer,2026-06-20T18:37:02+00:00
613,Jane Eyre (1996),Jane Eyre,1996,https://en.wikipedia.org/wiki/Special:FilePath/Jane_eyre_ver1.jpg,wikipedia-infobox,2648735,Jane Eyre (1996 film),2026-06-20T18:36:33+00:00
614,Loaded (1994),Loaded,1994,https://m.media-amazon.com/images/M/MV5BMTYyNzA2MzY2NF5BMl5BanBnXkFtZTcwNDY5NTUyMQ@@._V1_.jpg,imdb-suggest,tt0110374,Loaded,2026-06-21T07:05:04+00:00
615,Bread and Chocolate (Pane e cioccolata) (1973),Bread and Chocolate (Pane e cioccolata),1973,https://m.media-amazon.com/images/M/MV5BMjAyNDY5NDEwOV5BMl5BanBnXkFtZTcwMjY0ODYyMQ@@._V1_.jpg,imdb-suggest,nm0144657,Dan Castellaneta,2026-06-21T07:05:05+00:00
616,"Aristocats, The (1970)","Aristocats, The",1970,https://en.wikipedia.org/wiki/Special:FilePath/aristoposter.jpg,wikipedia-infobox,343408,The Aristocats,2026-06-20T18:37:02+00:00
617,"Flower of My Secret, The (La Flor de Mi Secreto) (1995)","Flower of My Secret, The (La Flor de Mi Secreto)",1995,https://en.wikipedia.org/wiki/Special:FilePath/The_Flower_of_My_Secret.jpg,wikipedia-infobox,4289049,The Flower of My Secret,2026-06-20T20:32:06+00:00
618,Two Much (1996),Two Much,1996,https://en.wikipedia.org/wiki/Special:FilePath/Two-Much_film.jpg,wikipedia-infobox,3943470,Two Much,2026-06-20T18:37:02+00:00
619,Ed (1996),Ed,1996,https://en.wikipedia.org/wiki/Special:FilePath/Ed_poster.jpg,wikipedia-infobox,1724422,Ed (film),2026-06-20T18:37:03+00:00
621,My Favorite Season (1993),My Favorite Season,1993,https://en.wikipedia.org/wiki/Special:FilePath/Ma_saison_pr%C3%A9f%C3%A9r%C3%A9e.jpg,wikipedia-infobox,11191665,My Favorite Season,2026-06-20T18:37:02+00:00
623,"Modern Affair, A (1995)","Modern Affair, A",1995,https://en.wikipedia.org/wiki/Special:FilePath/A_Modern_Affair.jpg,wikipedia-infobox,26616552,A Modern Affair,2026-06-20T18:37:02+00:00
624,Condition Red (1995),Condition Red,1995,https://en.wikipedia.org/wiki/Special:FilePath/Conditionred.jpg,wikipedia-infobox,38867687,Condition Red (film),2026-06-20T18:37:03+00:00
626,"Thin Line Between Love and Hate, A (1996)","Thin Line Between Love and Hate, A",1996,https://en.wikipedia.org/wiki/Special:FilePath/ThinLineMoviePoster.jpg,wikipedia-infobox,832222,A Thin Line Between Love and Hate,2026-06-20T18:37:05+00:00
627,"Last Supper, The (1995)","Last Supper, The",1995,https://en.wikipedia.org/wiki/Special:FilePath/Lastsuppermovie.jpg,wikipedia-infobox,2398807,The Last Supper (1995 film),2026-06-20T18:37:04+00:00
628,Primal Fear (1996),Primal Fear,1996,https://en.wikipedia.org/wiki/Special:FilePath/Primal_Fear_%281996_film%29_poster.jpg,wikipedia-infobox,1055466,Primal Fear (film),2026-06-20T18:37:06+00:00
630,Carried Away (1996),Carried Away,1996,https://en.wikipedia.org/wiki/Special:FilePath/Carried_away_film.jpg,wikipedia-infobox,6661678,Carried Away (1996 film),2026-06-20T18:37:04+00:00
631,All Dogs Go to Heaven 2 (1996),All Dogs Go to Heaven 2,1996,https://en.wikipedia.org/wiki/Special:FilePath/All_dogs_go_to_heaven_two_poster.jpg,wikipedia-infobox,3576873,All Dogs Go to Heaven 2,2026-06-20T18:37:05+00:00
632,Land and Freedom (Tierra y libertad) (1995),Land and Freedom (Tierra y libertad),1995,https://en.wikipedia.org/wiki/Special:FilePath/Land_and_freedom.jpg,wikipedia-infobox,1915220,Land and Freedom (film),2026-06-20T20:33:03+00:00
633,Denise Calls Up (1995),Denise Calls Up,1995,https://en.wikipedia.org/wiki/Special:FilePath/Denise_Calls_Up_poster.jpg,wikipedia-infobox,3202391,Denise Calls Up,2026-06-20T18:37:05+00:00
634,Theodore Rex (1995),Theodore Rex,1995,https://en.wikipedia.org/wiki/Special:FilePath/Theodore-rex-DVD.jpg,wikipedia-infobox,3046234,Theodore Rex (film),2026-06-20T18:37:06+00:00
635,"Family Thing, A (1996)","Family Thing, A",1996,https://en.wikipedia.org/wiki/Special:FilePath/Familythingposter.jpg,wikipedia-infobox,8448301,A Family Thing,2026-06-20T18:37:05+00:00
637,Sgt. Bilko (1996),Sgt. Bilko,1996,https://en.wikipedia.org/wiki/Special:FilePath/Sgt_bilko_poster.jpg,wikipedia-infobox,5570745,Sgt. Bilko,2026-06-20T18:37:05+00:00
638,Jack and Sarah (1995),Jack and Sarah,1995,https://en.wikipedia.org/wiki/Special:FilePath/Jack_and_sarah.jpeg,wikipedia-infobox,3732862,Jack and Sarah,2026-06-20T18:37:05+00:00
639,Girl 6 (1996),Girl 6,1996,https://en.wikipedia.org/wiki/Special:FilePath/Girl_six_poster.jpg,wikipedia-infobox,1222564,Girl 6,2026-06-20T18:37:05+00:00
640,Diabolique (1996),Diabolique,1996,https://en.wikipedia.org/wiki/Special:FilePath/Diabolique_ver2.jpg,wikipedia-infobox,4158013,Diabolique (1996 film),2026-06-20T18:37:04+00:00
641,"Little Indian, Big City (Un indien dans la ville) (1994)","Little Indian, Big City (Un indien dans la ville)",1994,https://en.wikipedia.org/wiki/Special:FilePath/Un_indien_dans_la_ville.jpg,wikipedia-infobox,3548070,Un indien dans la ville,2026-06-20T20:33:02+00:00
642,Roula (1995),Roula,1995,https://m.media-amazon.com/images/M/MV5BNDYzMjNmYjctOWU2My00OTYyLWIyNjctYWJjMmMwYTFhYzFlXkEyXkFqcGc@._V1_.jpg,imdb-suggest,tt0117517,Roula,2026-06-21T07:05:07+00:00
643,Peanuts - Die Bank zahlt alles (1996),Peanuts - Die Bank zahlt alles,1996,https://m.media-amazon.com/images/M/MV5BMzE5MzY1ODQ0MV5BMl5BanBnXkFtZTcwMzY3NDgxMQ@@._V1_.jpg,imdb-suggest,tt0117312,Peanuts - Die Bank zahlt alles,2026-06-21T07:05:08+00:00
644,Happy Weekend (1996),Happy Weekend,1996,https://m.media-amazon.com/images/M/MV5BZWZmYWM0ZjctYzNiNS00OTZlLWI3YWItODY2Y2E2MjJjNWQyXkEyXkFqcGc@._V1_.jpg,imdb-suggest,tt0116485,Happy Weekend,2026-06-21T07:05:09+00:00
645,Nelly & Monsieur Arnaud (1995),Nelly & Monsieur Arnaud,1995,https://en.wikipedia.org/wiki/Special:FilePath/Nelly_and_Mr._Arnaud.jpg,wikipedia-infobox,7258734,Nelly and Mr. Arnaud,2026-06-20T18:37:05+00:00
647,Courage Under Fire (1996),Courage Under Fire,1996,https://en.wikipedia.org/wiki/Special:FilePath/Courage_under_fire_ver2.jpg,wikipedia-infobox,235288,Courage Under Fire,2026-06-20T18:37:05+00:00
648,Mission: Impossible (1996),Mission: Impossible,1996,https://en.wikipedia.org/wiki/Special:FilePath/MissionImpossiblePoster.jpg,wikipedia-infobox,724258,Mission: Impossible (film),2026-06-20T18:37:04+00:00
649,Cold Fever (Á köldum klaka) (1994),Cold Fever (Á köldum klaka),1994,https://m.media-amazon.com/images/M/MV5BNjc0MzA5YTUtNTNlZC00MWZiLTg0YTQtNzUyNjg1NzJlODQzXkEyXkFqcGc@._V1_.jpg,imdb-suggest,tt0109028,Cold Fever,2026-06-21T07:25:17+00:00
650,Moll Flanders (1996),Moll Flanders,1996,https://en.wikipedia.org/wiki/Special:FilePath/Moll_Flanders_film.jpg,wikipedia-infobox,19697999,Moll Flanders (1996 film),2026-06-20T18:37:07+00:00
651,"Superweib, Das (1996)","Superweib, Das",1996,https://en.wikipedia.org/wiki/Special:FilePath/The_Superwife.jpg,wikipedia-search,62805068,The Superwife,2026-06-21T05:58:07+00:00
652,"301, 302 (1995)","301, 302",1995,https://en.wikipedia.org/wiki/Special:FilePath/Korean_film-301.302-01.jpg,wikipedia-infobox,3731263,"301, 302",2026-06-20T18:37:08+00:00
653,Dragonheart (1996),Dragonheart,1996,https://en.wikipedia.org/wiki/Special:FilePath/Dragonheart_ver1.jpg,wikipedia-infobox,1011167,Dragonheart,2026-06-20T18:37:08+00:00
655,Mutters Courage (1995),Mutters Courage,1995,https://m.media-amazon.com/images/M/MV5BMTYzNzI0NTI3Ml5BMl5BanBnXkFtZTcwMDIyMjE0MQ@@._V1_.jpg,imdb-suggest,tt0117117,My Mother's Courage,2026-06-21T07:05:12+00:00
656,Eddie (1996),Eddie,1996,https://en.wikipedia.org/wiki/Special:FilePath/Eddie_poster.jpg,wikipedia-infobox,3569329,Eddie (film),2026-06-20T18:37:09+00:00
657,Yankee Zulu (1994),Yankee Zulu,1994,https://m.media-amazon.com/images/M/MV5BZDBlZGFhZjUtZTAxMC00NmNmLTljZDAtYjJmZTU4OWRkNDE3XkEyXkFqcGc@._V1_.jpg,imdb-suggest,tt0111787,Yankee Zulu,2026-06-21T07:25:20+00:00
658,Billy's Holiday (1995),Billy's Holiday,1995,https://en.wikipedia.org/wiki/Special:FilePath/Billy%27s_Holiday_1995.jpg,wikipedia-infobox,37584642,Billy's Holiday,2026-06-20T18:37:08+00:00
659,Purple Noon (1960),Purple Noon,1960,https://en.wikipedia.org/wiki/Special:FilePath/Purple_Noon_Poster.jpg,wikipedia-infobox,1279798,Purple Noon,2026-06-20T18:37:08+00:00
660,August (1996),August,1996,https://en.wikipedia.org/wiki/Special:FilePath/August_film_dvd.jpg,wikipedia-infobox,19863109,August (1996 film),2026-06-20T18:37:07+00:00
661,James and the Giant Peach (1996),James and the Giant Peach,1996,https://en.wikipedia.org/wiki/Special:FilePath/JamesAndTheGiantPeach.jpg,wikipedia-infobox,894970,James and the Giant Peach,2026-06-20T18:37:08+00:00
662,Fear (1996),Fear,1996,https://en.wikipedia.org/wiki/Special:FilePath/Fearfilmposter.jpg,wikipedia-infobox,594295,Fear (1996 film),2026-06-20T18:37:07+00:00
663,Kids in the Hall: Brain Candy (1996),Kids in the Hall: Brain Candy,1996,https://en.wikipedia.org/wiki/Special:FilePath/Kids_in_the_Hall_Brain_Candy_poster.jpg,wikipedia-infobox,479905,Kids in the Hall: Brain Candy,2026-06-20T18:37:08+00:00
664,Faithful (1996),Faithful,1996,https://en.wikipedia.org/wiki/Special:FilePath/Faithful_poster.jpg,wikipedia-infobox,3257956,Faithful (1996 film),2026-06-20T18:37:07+00:00
665,Underground (1995),Underground,1995,https://en.wikipedia.org/wiki/Special:FilePath/Underground_film_poster.jpg,wikipedia-infobox,189776,Underground (1995 film),2026-06-20T18:37:07+00:00
666,All Things Fair (1996),All Things Fair,1996,https://en.wikipedia.org/wiki/Special:FilePath/All_things_fair_poster.jpg,wikipedia-infobox,14356044,All Things Fair,2026-06-20T18:37:08+00:00
667,Bloodsport 2 (1995),Bloodsport 2,1995,https://en.wikipedia.org/wiki/Special:FilePath/Bloodsport_II_-_The_Next_Kumite_official_poster.jpg,wikipedia-infobox,6085266,Bloodsport II: The Next Kumite,2026-06-20T18:37:08+00:00
668,Pather Panchali (1955),Pather Panchali,1955,https://en.wikipedia.org/wiki/Special:FilePath/Pather_panchali_poster_in_color_1.jpg,wikipedia-infobox,669691,Pather Panchali,2026-06-20T18:37:08+00:00
669,Aparajito (1956),Aparajito,1956,https://en.wikipedia.org/wiki/Special:FilePath/Aparajito_poster.jpg,wikipedia-infobox,1267738,Aparajito,2026-06-20T18:37:08+00:00
670,"World of Apu, The (Apur Sansar) (1959)","World of Apu, The (Apur Sansar)",1959,https://en.wikipedia.org/wiki/Special:FilePath/Apur_Sansar_Poster.jpg,wikipedia-infobox,1471772,The World of Apu,2026-06-20T20:33:02+00:00
671,Mystery Science Theater 3000: The Movie (1996),Mystery Science Theater 3000: The Movie,1996,https://en.wikipedia.org/wiki/Special:FilePath/Mystery_Science_Theater_3000_The_Movie.jpg,wikipedia-infobox,946737,Mystery Science Theater 3000: The Movie,2026-06-20T18:38:46+00:00
672,Tarantella (1995),Tarantella,1995,https://m.media-amazon.com/images/M/MV5BNjg1ODA2OGMtYWE2NC00MTQwLWFmZjMtZDM4Yjk3ZmM0OWQ3XkEyXkFqcGc@._V1_.jpg,imdb-suggest,tt0114616,Tarantella,2026-06-21T07:05:14+00:00
673,Space Jam (1996),Space Jam,1996,https://en.wikipedia.org/wiki/Special:FilePath/Space_jam.jpg,wikipedia-infobox,265033,Space Jam,2026-06-20T18:38:46+00:00
674,Barbarella (1968),Barbarella,1968,https://en.wikipedia.org/wiki/Special:FilePath/Barbarella_English_Poster.jpg,wikipedia-infobox,1930290,Barbarella (film),2026-06-20T18:38:47+00:00
678,Some Folks Call It a Sling Blade (1993),Some Folks Call It a Sling Blade,1993,https://en.wikipedia.org/wiki/Special:FilePath/Some_Folks_Call_It_a_Sling_Blade.jpg,wikipedia-infobox,859735,Some Folks Call It a Sling Blade,2026-06-20T18:38:46+00:00
679,"Run of the Country, The (1995)","Run of the Country, The",1995,https://m.media-amazon.com/images/M/MV5BMjE4ODY4Njc5N15BMl5BanBnXkFtZTcwMjk1ODIyMw@@._V1_.jpg,imdb-suggest,nm1318596,Jemaine Clement,2026-06-21T07:05:15+00:00
680,Alphaville (1965),Alphaville,1965,https://en.wikipedia.org/wiki/Special:FilePath/Alphaville1965.jpg,wikipedia-infobox,143952,Alphaville (film),2026-06-20T18:38:47+00:00
681,Clean Slate (Coup de Torchon) (1981),Clean Slate (Coup de Torchon),1981,https://en.wikipedia.org/wiki/Special:FilePath/Coup_de_torchon.jpg,wikipedia-infobox,1452319,Coup de Torchon,2026-06-20T20:33:01+00:00
682,Tigrero: A Film That Was Never Made (1994),Tigrero: A Film That Was Never Made,1994,https://m.media-amazon.com/images/M/MV5BMTI0ODE4MDc0MV5BMl5BanBnXkFtZTcwMzkzNDUyMQ@@._V1_.jpg,imdb-suggest,tt0111430,Tigrero: A Film That Was Never Made,2026-06-21T07:05:16+00:00
684,Windows (1980),Windows,1980,https://en.wikipedia.org/wiki/Special:FilePath/Windowsposter.jpg,wikipedia-infobox,2397550,Windows (film),2026-06-20T18:38:47+00:00
685,It's My Party (1995),It's My Party,1995,https://en.wikipedia.org/wiki/Special:FilePath/ITSMYPAR-00AA1-poster_hires.jpg,wikipedia-infobox,5589714,It's My Party (film),2026-06-20T18:38:47+00:00
687,Country Life (1994),Country Life,1994,https://en.wikipedia.org/wiki/Special:FilePath/Countrylifedvd.jpg,wikipedia-infobox,5141818,Country Life (film),2026-06-20T18:38:47+00:00
688,Operation Dumbo Drop (1995),Operation Dumbo Drop,1995,https://en.wikipedia.org/wiki/Special:FilePath/Operation_dumbo_drop.jpg,wikipedia-infobox,1660909,Operation Dumbo Drop,2026-06-20T18:38:46+00:00
690,"Promise, The (Versprechen, Das) (1994)","Promise, The (Versprechen, Das)",1994,https://m.media-amazon.com/images/M/MV5BOWIwNjg0OGYtY2I2YS00ZTcyLTkxMGUtMzFkODhjNDg3MzYwXkEyXkFqcGc@._V1_.jpg,imdb-suggest,tt0111613,Das Versprechen,2026-06-21T07:05:17+00:00
691,Mrs. Winterbourne (1996),Mrs. Winterbourne,1996,https://en.wikipedia.org/wiki/Special:FilePath/Mrs_winterbourne_poster_film.jpg,wikipedia-infobox,5498784,Mrs. Winterbourne,2026-06-20T18:38:46+00:00
692,Solo (1996),Solo,1996,https://en.wikipedia.org/wiki/Special:FilePath/Solo-Poster.jpg,wikipedia-infobox,2820120,Solo (1996 film),2026-06-20T18:38:46+00:00
694,"Substitute, The (1996)","Substitute, The",1996,https://en.wikipedia.org/wiki/Special:FilePath/Substituteposter.jpg,wikipedia-infobox,8514531,The Substitute,2026-06-20T18:38:46+00:00
695,True Crime (1995),True Crime,1995,https://m.media-amazon.com/images/M/MV5BMTMxNjA5MzkzN15BMl5BanBnXkFtZTcwNjU5NDIyMw@@._V1_.jpg,imdb-suggest,in0000058,True Crime,2026-06-21T07:05:18+00:00
696,Butterfly Kiss (1995),Butterfly Kiss,1995,https://en.wikipedia.org/wiki/Special:FilePath/Butterfly_Kiss_%281995_film%29.jpg,wikipedia-infobox,12544749,Butterfly Kiss,2026-06-20T18:38:46+00:00
697,Feeling Minnesota (1996),Feeling Minnesota,1996,https://en.wikipedia.org/wiki/Special:FilePath/Feelingminnesota.jpg,wikipedia-infobox,285559,Feeling Minnesota,2026-06-20T18:38:49+00:00
698,Delta of Venus (1994),Delta of Venus,1994,https://en.wikipedia.org/wiki/Special:FilePath/DeltaOfVenus.jpg,wikipedia-infobox,1666757,Delta of Venus,2026-06-20T18:38:49+00:00
700,Angus (1995),Angus,1995,https://en.wikipedia.org/wiki/Special:FilePath/Angus_movie_1995.jpg,wikipedia-infobox,950245,Angus (film),2026-06-20T18:38:49+00:00
701,Daens (1992),Daens,1992,https://en.wikipedia.org/wiki/Special:FilePath/Daens_poster.jpg,wikipedia-infobox,4985824,Daens (film),2026-06-20T18:38:50+00:00
702,Faces (1968),Faces,1968,https://en.wikipedia.org/wiki/Special:FilePath/Faces_%281968_poster_-_retouched%29.jpg,wikipedia-infobox,274097,Faces (1968 film),2026-06-20T18:38:49+00:00
703,Boys (1996),Boys,1996,https://en.wikipedia.org/wiki/Special:FilePath/Boysposter.jpg,wikipedia-infobox,5391207,Boys (1996 film),2026-06-20T18:38:49+00:00
704,"Quest, The (1996)","Quest, The",1996,https://en.wikipedia.org/wiki/Special:FilePath/The_quest.jpg,wikipedia-infobox,2116383,The Quest (1996 film),2026-06-20T18:38:49+00:00
705,Cosi (1996),Cosi,1996,https://en.wikipedia.org/wiki/Special:FilePath/CosiPoster1996.jpg,wikipedia-infobox,28492310,Cosi (film),2026-06-20T18:38:50+00:00
706,Sunset Park (1996),Sunset Park,1996,https://en.wikipedia.org/wiki/Special:FilePath/Sunset_park_poster.jpg,wikipedia-infobox,7093500,Sunset Park (film),2026-06-20T18:38:50+00:00
707,Mulholland Falls (1996),Mulholland Falls,1996,https://en.wikipedia.org/wiki/Special:FilePath/Mulhollandfallsposter.jpg,wikipedia-infobox,2771118,Mulholland Falls,2026-06-20T18:38:49+00:00
708,"Truth About Cats & Dogs, The (1996)","Truth About Cats & Dogs, The",1996,https://en.wikipedia.org/wiki/Special:FilePath/Truth_about_cats_and_dogs_movie_poster.jpg,wikipedia-infobox,706370,The Truth About Cats & Dogs,2026-06-20T18:38:49+00:00
709,Oliver & Company (1988),Oliver & Company,1988,https://en.wikipedia.org/wiki/Special:FilePath/Oliver_poster.jpg,wikipedia-infobox,348979,Oliver & Company,2026-06-20T18:38:49+00:00
710,Celtic Pride (1996),Celtic Pride,1996,https://en.wikipedia.org/wiki/Special:FilePath/Celtic_pride_poster.jpg,wikipedia-infobox,476640,Celtic Pride,2026-06-20T18:38:49+00:00
711,Flipper (1996),Flipper,1996,https://en.wikipedia.org/wiki/Special:FilePath/Flipper_Movie.jpg,wikipedia-infobox,1342884,Flipper (1996 film),2026-06-20T18:38:49+00:00
712,Captives (1994),Captives,1994,https://en.wikipedia.org/wiki/Special:FilePath/CaptivesFilm.jpg,wikipedia-infobox,11358526,Captives,2026-06-20T18:38:49+00:00
714,Dead Man (1995),Dead Man,1995,https://en.wikipedia.org/wiki/Special:FilePath/DeadManPoster.jpg,wikipedia-infobox,113651,Dead Man,2026-06-20T18:38:49+00:00
715,"Horseman on the Roof, The (Hussard sur le toit, Le) (1995)","Horseman on the Roof, The (Hussard sur le toit, Le)",1995,https://en.wikipedia.org/wiki/Special:FilePath/Horseman_on_the_roof.jpg,wikipedia-infobox,4637428,The Horseman on the Roof,2026-06-20T20:33:02+00:00
716,Switchblade Sisters (1975),Switchblade Sisters,1975,https://en.wikipedia.org/wiki/Special:FilePath/Switchblade_Sisters_Poster.jpg,wikipedia-infobox,7937736,Switchblade Sisters,2026-06-20T18:38:49+00:00
717,Mouth to Mouth (Boca a boca) (1995),Mouth to Mouth (Boca a boca),1995,https://en.wikipedia.org/wiki/Special:FilePath/Mouth_to_Mouth_%281995_film%29_poster.jpg,wikipedia-infobox,36558879,Boca a boca,2026-06-20T20:33:01+00:00
718,"Visitors, The (Les Visiteurs) (1993)","Visitors, The (Les Visiteurs)",1993,https://en.wikipedia.org/wiki/Special:FilePath/PosterVisituers.jpg,wikipedia-infobox,2191058,Les Visiteurs,2026-06-20T20:33:01+00:00
719,Multiplicity (1996),Multiplicity,1996,https://en.wikipedia.org/wiki/Special:FilePath/Multiplictiy_%28film%29_poster.jpg,wikipedia-infobox,736200,Multiplicity (film),2026-06-20T18:40:14+00:00
720,Wallace & Gromit: The Best of Aardman Animation (1996),Wallace & Gromit: The Best of Aardman Animation,1996,https://m.media-amazon.com/images/M/MV5BYWUzNzgwODctZGFhMS00NWFjLWE1NTEtZjM2ZmYzMmY5MTRhXkEyXkFqcGc@._V1_.jpg,imdb-suggest,tt32404372,Wallace & Gromit: The Aardman Collection 2,2026-06-21T07:05:19+00:00
722,"Haunted World of Edward D. Wood Jr., The (1995)","Haunted World of Edward D. Wood Jr., The",1995,https://m.media-amazon.com/images/M/MV5BOTE1ODI3OTIxNl5BMl5BanBnXkFtZTgwOTQyMzgwMzE@._V1_.jpg,imdb-suggest,tt0113270,The Haunted World of Edward D. Wood Jr.,2026-06-21T07:05:19+00:00
724,"Craft, The (1996)","Craft, The",1996,https://en.wikipedia.org/wiki/Special:FilePath/The_craft_movie_poster.jpg,wikipedia-infobox,86533,The Craft (film),2026-06-20T18:40:13+00:00
725,"Great White Hype, The (1996)","Great White Hype, The",1996,https://en.wikipedia.org/wiki/Special:FilePath/Great_white_hype_ver2.jpg,wikipedia-infobox,675878,The Great White Hype,2026-06-20T18:40:13+00:00
726,Last Dance (1996),Last Dance,1996,https://en.wikipedia.org/wiki/Special:FilePath/Last_dancemp.jpg,wikipedia-infobox,2861237,Last Dance (1996 film),2026-06-20T18:40:13+00:00
728,Cold Comfort Farm (1995),Cold Comfort Farm,1995,https://en.wikipedia.org/wiki/Special:FilePath/ColdComfortFarm.jpg,wikipedia-infobox,254652,Cold Comfort Farm,2026-06-20T18:40:13+00:00
729,"Institute Benjamenta, or This Dream People Call Human Life (1995)","Institute Benjamenta, or This Dream People Call Human Life",1995,https://en.wikipedia.org/wiki/Special:FilePath/Institutebenjamenta.jpg,wikipedia-infobox,33824540,Institute Benjamenta,2026-06-20T18:40:13+00:00
730,"Low Life, The (1994)","Low Life, The",1994,https://en.wikipedia.org/wiki/Special:FilePath/The_Low_Life.jpg,wikipedia-infobox,19951068,The Low Life,2026-06-20T18:40:13+00:00
731,Heaven's Prisoners (1996),Heaven's Prisoners,1996,https://en.wikipedia.org/wiki/Special:FilePath/Heavens_prisonersmp.jpg,wikipedia-infobox,3569886,Heaven's Prisoners,2026-06-20T18:40:13+00:00
732,Original Gangstas (1996),Original Gangstas,1996,https://en.wikipedia.org/wiki/Special:FilePath/Original_gangstas_poster.jpg,wikipedia-infobox,2082449,Original Gangstas,2026-06-20T18:40:13+00:00
733,"Rock, The (1996)","Rock, The",1996,https://en.wikipedia.org/wiki/Special:FilePath/The_Rock_%28movie%29.jpg,wikipedia-infobox,29785,The Rock (film),2026-06-20T18:40:13+00:00
734,Getting Away With Murder (1996),Getting Away With Murder,1996,https://en.wikipedia.org/wiki/Special:FilePath/Getting_Away_with_Murder_%28film%29.jpg,wikipedia-search,6900343,Getting Away with Murder (film),2026-06-21T06:02:06+00:00
735,Cemetery Man (Dellamorte Dellamore) (1994),Cemetery Man (Dellamorte Dellamore),1994,https://en.wikipedia.org/wiki/Special:FilePath/Cemetery-man.jpg,wikipedia-infobox,2280264,Cemetery Man,2026-06-20T20:33:06+00:00
736,Twister (1996),Twister,1996,https://en.wikipedia.org/wiki/Special:FilePath/Twistermovieposter.jpg,wikipedia-infobox,303933,Twister (1996 film),2026-06-20T18:40:13+00:00
737,Barb Wire (1996),Barb Wire,1996,https://en.wikipedia.org/wiki/Special:FilePath/Barbwireposter.jpg,wikipedia-infobox,4506211,Barb Wire (1996 film),2026-06-20T18:40:13+00:00
741,Ghost in the Shell (Kokaku kidotai) (1995),Ghost in the Shell (Kokaku kidotai),1995,https://en.wikipedia.org/wiki/Special:FilePath/Ghostintheshellposter.jpg,wikipedia-infobox,3228403,Ghost in the Shell (1995 film),2026-06-20T20:33:04+00:00
742,Thinner (1996),Thinner,1996,https://en.wikipedia.org/wiki/Special:FilePath/Thinnerposter.jpg,wikipedia-infobox,3434688,Thinner (film),2026-06-20T18:40:14+00:00
743,Spy Hard (1996),Spy Hard,1996,https://en.wikipedia.org/wiki/Special:FilePath/Spyhardposter.jpg,wikipedia-infobox,2043990,Spy Hard,2026-06-20T18:40:13+00:00
744,Brothers in Trouble (1995),Brothers in Trouble,1995,https://m.media-amazon.com/images/M/MV5BMTI0MzM2OTU5OF5BMl5BanBnXkFtZTYwNzIxOTI5._V1_.jpg,imdb-suggest,tt0112586,Brothers in Trouble,2026-06-21T07:05:20+00:00
745,"Close Shave, A (1995)","Close Shave, A",1995,https://en.wikipedia.org/wiki/Special:FilePath/a-close-shave.jpg,wikipedia-infobox,165520,A Close Shave,2026-06-20T18:40:16+00:00
746,Force of Evil (1948),Force of Evil,1948,https://en.wikipedia.org/wiki/Special:FilePath/Force_of_Evil_%281948_poster%29.jpg,wikipedia-infobox,73475,Force of Evil,2026-06-20T18:40:16+00:00
747,"Stupids, The (1996)","Stupids, The",1996,https://en.wikipedia.org/wiki/Special:FilePath/The_Stupids_Step_Out.jpg,wikipedia-infobox,1326046,The Stupids,2026-06-20T18:40:16+00:00
748,"Arrival, The (1996)","Arrival, The",1996,https://en.wikipedia.org/wiki/Special:FilePath/The_Arrival%2C_Movie_Poster.jpg,wikipedia-infobox,4260551,The Arrival (1996 film),2026-06-20T18:40:16+00:00
749,"Man from Down Under, The (1943)","Man from Down Under, The",1943,https://en.wikipedia.org/wiki/Special:FilePath/The_Man_from_Down_Under.jpg,wikipedia-infobox,27348158,The Man from Down Under,2026-06-20T18:40:16+00:00
750,Dr. Strangelove or: How I Learned to Stop Worrying and Love the Bomb (1963),Dr. Strangelove or: How I Learned to Stop Worrying and Love the Bomb,1963,https://en.wikipedia.org/wiki/Special:FilePath/Dr._Strangelove_poster.jpg,wikipedia-infobox,8695,Dr. Strangelove,2026-06-20T18:40:16+00:00
751,Careful (1992),Careful,1992,https://en.wikipedia.org/wiki/Special:FilePath/Carefulposter.jpg,wikipedia-infobox,8136508,Careful (1992 film),2026-06-20T18:40:16+00:00
753,"Month by the Lake, A (1995)","Month by the Lake, A",1995,https://en.wikipedia.org/wiki/Special:FilePath/Amonthbythelakeposter.jpg,wikipedia-infobox,22022026,A Month by the Lake,2026-06-20T18:40:16+00:00
754,Gold Diggers: The Secret of Bear Mountain (1995),Gold Diggers: The Secret of Bear Mountain,1995,https://en.wikipedia.org/wiki/Special:FilePath/Golddiggersposter.jpg,wikipedia-infobox,10037860,Gold Diggers: The Secret of Bear Mountain,2026-06-20T18:40:16+00:00
755,Kim (1950),Kim,1950,https://en.wikipedia.org/wiki/Special:FilePath/Kim_-_Poster.jpg,wikipedia-infobox,6982498,Kim (1950 film),2026-06-20T18:40:16+00:00
756,Carmen Miranda: Bananas Is My Business (1994),Carmen Miranda: Bananas Is My Business,1994,https://en.wikipedia.org/wiki/Special:FilePath/Bananas_is_My_Business.jpg,wikipedia-infobox,36076029,Carmen Miranda: Bananas Is My Business,2026-06-20T18:40:16+00:00
757,Ashes of Time (1994),Ashes of Time,1994,https://en.wikipedia.org/wiki/Special:FilePath/Ashes2.jpg,wikipedia-infobox,221858,Ashes of Time,2026-06-20T18:40:16+00:00
758,"Jar, The (Khomreh) (1992)","Jar, The (Khomreh)",1992,https://m.media-amazon.com/images/M/MV5BZGNlMmY3MTUtOGZlNS00NTg0LWE4MWQtNjliNGRlODNhMjdiXkEyXkFqcGc@._V1_.jpg,imdb-suggest,tt40603358,The Bell Jar,2026-06-21T07:05:21+00:00
759,Maya Lin: A Strong Clear Vision (1994),Maya Lin: A Strong Clear Vision,1994,https://en.wikipedia.org/wiki/Special:FilePath/Maya_Lin-_A_Strong_Clear_Vision.jpg,wikipedia-infobox,8133899,Maya Lin: A Strong Clear Vision,2026-06-20T18:40:16+00:00
760,Stalingrad (1993),Stalingrad,1993,https://en.wikipedia.org/wiki/Special:FilePath/Stalingrad_film.jpg,wikipedia-infobox,1040736,Stalingrad (1993 film),2026-06-20T18:40:16+00:00
761,"Phantom, The (1996)","Phantom, The",1996,https://en.wikipedia.org/wiki/Special:FilePath/phantompost.jpg,wikipedia-infobox,5235481,The Phantom (1996 film),2026-06-20T18:40:16+00:00
762,Striptease (1996),Striptease,1996,https://en.wikipedia.org/wiki/Special:FilePath/Striptease_movie_poster.jpg,wikipedia-infobox,18943833,Striptease (film),2026-06-20T18:40:16+00:00
763,"Last of the High Kings, The (a.k.a. Summer Fling) (1996)","Last of the High Kings, The (a.k.a. Summer Fling)",1996,https://en.wikipedia.org/wiki/Special:FilePath/The_Last_of_the_High_Kings_FilmPoster.jpeg,wikipedia-infobox,13472401,The Last of the High Kings,2026-06-20T20:33:06+00:00
764,Heavy (1995),Heavy,1995,https://en.wikipedia.org/wiki/Special:FilePath/Heavy_02_%281995%29.jpg,wikipedia-infobox,937809,Heavy (film),2026-06-20T18:40:17+00:00
765,Jack (1996),Jack,1996,https://en.wikipedia.org/wiki/Special:FilePath/Jack_1996.jpg,wikipedia-infobox,692772,Jack (1996 film),2026-06-20T18:40:16+00:00
766,I Shot Andy Warhol (1996),I Shot Andy Warhol,1996,https://en.wikipedia.org/wiki/Special:FilePath/Shotandywarhol.jpg,wikipedia-infobox,435566,I Shot Andy Warhol,2026-06-20T18:41:55+00:00
767,"Grass Harp, The (1995)","Grass Harp, The",1995,https://en.wikipedia.org/wiki/Special:FilePath/GrassHarp2.JPG,wikipedia-infobox,19898036,The Grass Harp (film),2026-06-20T18:41:54+00:00
769,Marlene Dietrich: Shadow and Light (1996),Marlene Dietrich: Shadow and Light,1996,https://media.themoviedb.org/t/p/original/faHxYNlQ7RGDtqmaNBpFf0HKozg.jpg,manual-curated,tmdb-web:marlene-dietrich-shadows-and-light,Marlene Dietrich: Shadows and Light,2026-06-21T07:45:33+00:00
771,"Vie est belle, La (Life is Rosey) (1987)","Vie est belle, La (Life is Rosey)",1987,https://m.media-amazon.com/images/M/MV5BM2Y4MWY2NDktNWE0Zi00ODkxLTgzNjEtNTI2MjRmYTU1MWU1XkEyXkFqcGc@._V1_.jpg,imdb-suggest,tt0094265,Life Is Rosy,2026-06-21T07:05:25+00:00
774,Wend Kuuni (God's Gift) (1982),Wend Kuuni (God's Gift),1982,https://m.media-amazon.com/images/M/MV5BZjJiNjYxYzMtZjEwMi00ZTA0LThlOGUtYjg1NWM5NTBmMzRmXkEyXkFqcGc@._V1_.jpg,imdb-suggest,tt0084898,Wend Kuuni,2026-06-21T07:11:56+00:00
775,Spirits of the Dead (Tre Passi nel Delirio) (1968),Spirits of the Dead (Tre Passi nel Delirio),1968,https://en.wikipedia.org/wiki/Special:FilePath/Histoires_extraordinaires2.jpg,wikipedia-infobox,5794164,Spirits of the Dead,2026-06-20T20:33:06+00:00
776,Babyfever (1994),Babyfever,1994,https://en.wikipedia.org/wiki/Special:FilePath/Babyfever_poster.jpg,wikipedia-infobox,65943438,Babyfever,2026-06-20T18:41:55+00:00
778,Trainspotting (1996),Trainspotting,1996,https://en.wikipedia.org/wiki/Special:FilePath/Trainspotting_ver2.jpg,wikipedia-infobox,105434,Trainspotting (film),2026-06-20T18:41:56+00:00
779,'Til There Was You (1997),'Til There Was You,1997,https://en.wikipedia.org/wiki/Special:FilePath/Til_There_Was_You.jpg,wikipedia-infobox,17841580,'Til There Was You,2026-06-20T18:41:55+00:00
780,Independence Day (ID4) (1996),Independence Day (ID4),1996,https://en.wikipedia.org/wiki/Special:FilePath/Independence_day_movieposter.jpg,wikipedia-infobox,52389,Independence Day (1996 film),2026-06-20T20:33:05+00:00
781,Stealing Beauty (1996),Stealing Beauty,1996,https://en.wikipedia.org/wiki/Special:FilePath/Stealing_Beauty_Poster.jpg,wikipedia-infobox,1822878,Stealing Beauty,2026-06-20T18:41:55+00:00
782,"Fan, The (1996)","Fan, The",1996,https://en.wikipedia.org/wiki/Special:FilePath/Thefanmovieposter.jpg,wikipedia-infobox,2448816,The Fan (1996 film),2026-06-20T18:41:54+00:00
783,"Hunchback of Notre Dame, The (1996)","Hunchback of Notre Dame, The",1996,https://en.wikipedia.org/wiki/Special:FilePath/The_Hunchback_of_Notre_Dame_1996_poster.jpg,wikipedia-infobox,402866,The Hunchback of Notre Dame (1996 film),2026-06-20T18:41:54+00:00
784,"Cable Guy, The (1996)","Cable Guy, The",1996,https://en.wikipedia.org/wiki/Special:FilePath/TheCableGuy.jpg,wikipedia-infobox,885776,The Cable Guy,2026-06-20T18:41:55+00:00
785,Kingpin (1996),Kingpin,1996,https://en.wikipedia.org/wiki/Special:FilePath/Kingpinposter.jpg,wikipedia-infobox,1848081,Kingpin (1996 film),2026-06-20T18:41:54+00:00
786,Eraser (1996),Eraser,1996,https://en.wikipedia.org/wiki/Special:FilePath/Eraser_%28movie_poster%29.jpg,wikipedia-infobox,479457,Eraser (film),2026-06-20T18:41:54+00:00
787,"Gate of Heavenly Peace, The (1995)","Gate of Heavenly Peace, The",1995,https://en.wikipedia.org/wiki/Special:FilePath/Gate_title.jpg,wikipedia-infobox,8748773,The Gate of Heavenly Peace (film),2026-06-20T18:41:56+00:00
788,"Nutty Professor, The (1996)","Nutty Professor, The",1996,https://en.wikipedia.org/wiki/Special:FilePath/Nutty_professor_ver1.jpg,wikipedia-infobox,5215066,The Nutty Professor (1996 film),2026-06-20T18:41:54+00:00
789,"I, Worst of All (Yo, la peor de todas) (1990)","I, Worst of All (Yo, la peor de todas)",1990,https://en.wikipedia.org/wiki/Special:FilePath/I%2C_the_Worst_of_All.jpg,wikipedia-infobox,45663231,"I, the Worst of All",2026-06-20T20:33:06+00:00
790,An Unforgettable Summer (1994),An Unforgettable Summer,1994,https://en.wikipedia.org/wiki/Special:FilePath/An-unforgettable-summer-poster.jpg,wikipedia-infobox,17607081,An Unforgettable Summer,2026-06-20T18:41:55+00:00
791,"Last Klezmer: Leopold Kozlowski, His Life and Music, The (1995)","Last Klezmer: Leopold Kozlowski, His Life and Music, The",1995,https://m.media-amazon.com/images/M/MV5BMTk2NjAwNTM1Ml5BMl5BanBnXkFtZTcwNDEwNDkyMQ@@._V1_.jpg,imdb-suggest,tt0113610,"The Last Klezmer: Leopold Kozlowski, His Life and Music",2026-06-21T07:25:20+00:00
792,"Hungarian Fairy Tale, A (1987)","Hungarian Fairy Tale, A",1987,https://en.wikipedia.org/wiki/Special:FilePath/AHungarianFairyTale1987Poster.jpg,wikipedia-infobox,12768837,A Hungarian Fairy Tale,2026-06-20T18:41:58+00:00
793,My Life and Times With Antonin Artaud (En compagnie d'Antonin Artaud) (1993),My Life and Times With Antonin Artaud (En compagnie d'Antonin Artaud),1993,https://m.media-amazon.com/images/M/MV5BMTM2MjE5MTQ5MF5BMl5BanBnXkFtZTcwOTMzNzcyMQ@@._V1_.jpg,imdb-suggest,tt0106810,My Life and Times with Antonin Artaud,2026-06-21T07:12:02+00:00
796,"Very Natural Thing, A (1974)","Very Natural Thing, A",1974,https://en.wikipedia.org/wiki/Special:FilePath/A_Very_Natural_Thing.jpg,wikipedia-infobox,2175059,A Very Natural Thing,2026-06-20T18:41:58+00:00
798,Daylight (1996),Daylight,1996,https://en.wikipedia.org/wiki/Special:FilePath/Daylight_1996_poster.jpg,wikipedia-infobox,914988,Daylight (1996 film),2026-06-20T18:41:57+00:00
799,"Frighteners, The (1996)","Frighteners, The",1996,https://en.wikipedia.org/wiki/Special:FilePath/Frighteners_ver1.jpg,wikipedia-infobox,768808,The Frighteners,2026-06-20T18:41:58+00:00
800,Lone Star (1996),Lone Star,1996,https://en.wikipedia.org/wiki/Special:FilePath/Lone_Star_film.jpg,wikipedia-infobox,1108697,Lone Star (1996 film),2026-06-20T18:41:57+00:00
801,Harriet the Spy (1996),Harriet the Spy,1996,https://en.wikipedia.org/wiki/Special:FilePath/Harriet_the_Spy_%281996_film%29_poster.jpg,wikipedia-infobox,9366011,Harriet the Spy (film),2026-06-20T18:41:57+00:00
802,Phenomenon (1996),Phenomenon,1996,https://en.wikipedia.org/wiki/Special:FilePath/Phenomenonposter.jpg,wikipedia-infobox,760603,Phenomenon (film),2026-06-20T18:41:59+00:00
803,Walking and Talking (1996),Walking and Talking,1996,https://en.wikipedia.org/wiki/Special:FilePath/Walking_and_Talking_%281996_film%29_poster.jpg,wikipedia-infobox,4532642,Walking and Talking,2026-06-20T18:41:58+00:00
804,She's the One (1996),She's the One,1996,https://en.wikipedia.org/wiki/Special:FilePath/She%27stheonemovieposter.jpg,wikipedia-infobox,2217354,She's the One (1996 film),2026-06-20T18:41:57+00:00
805,"Time to Kill, A (1996)","Time to Kill, A",1996,https://en.wikipedia.org/wiki/Special:FilePath/Time_to_kill_poster.jpg,wikipedia-infobox,3600824,A Time to Kill (1996 film),2026-06-20T18:41:57+00:00
806,American Buffalo (1996),American Buffalo,1996,https://en.wikipedia.org/wiki/Special:FilePath/American_Buffalo.jpg,wikipedia-infobox,20596726,American Buffalo (film),2026-06-20T20:18:04+00:00
807,"Rendezvous in Paris (Rendez-vous de Paris, Les) (1995)","Rendezvous in Paris (Rendez-vous de Paris, Les)",1995,https://en.wikipedia.org/wiki/Special:FilePath/Les_Rendez-vous_de_Paris_FilmPoster.jpeg,wikipedia-infobox,5326766,Rendezvous in Paris (1995 film),2026-06-20T20:33:05+00:00
808,Alaska (1996),Alaska,1996,https://en.wikipedia.org/wiki/Special:FilePath/Alaskaposter1996.jpg,wikipedia-infobox,3377893,Alaska (1996 film),2026-06-20T18:41:57+00:00
809,Fled (1996),Fled,1996,https://en.wikipedia.org/wiki/Special:FilePath/Fled_poster.jpg,wikipedia-infobox,5955514,Fled,2026-06-20T18:41:57+00:00
810,Kazaam (1996),Kazaam,1996,https://en.wikipedia.org/wiki/Special:FilePath/Kazaam_poster.jpg,wikipedia-infobox,683428,Kazaam,2026-06-20T18:41:58+00:00
811,"Bewegte Mann, Der (1994)","Bewegte Mann, Der",1994,https://m.media-amazon.com/images/M/MV5BZjhmNzBjN2UtMjQzMy00ODA5LTg5M2EtODkwZmE3Yzc1YTY2XkEyXkFqcGc@._V1_.jpg,imdb-suggest,tt0109255,Maybe... Maybe Not,2026-06-21T07:31:24+00:00
813,Larger Than Life (1996),Larger Than Life,1996,https://en.wikipedia.org/wiki/Special:FilePath/Larger_than_life_poster.jpg,wikipedia-infobox,4485137,Larger than Life (film),2026-06-20T18:41:59+00:00
814,"Boy Called Hate, A (1995)","Boy Called Hate, A",1995,https://en.wikipedia.org/wiki/Special:FilePath/ABoyCalledHate1995Cover.jpg,wikipedia-infobox,18040146,A Boy Called Hate,2026-06-20T18:41:58+00:00
815,Power 98 (1995),Power 98,1995,https://en.wikipedia.org/wiki/Special:FilePath/Power_98_VHS_cover.jpg,wikipedia-infobox,24033849,Power 98 (film),2026-06-20T18:42:02+00:00
818,"Very Brady Sequel, A (1996)","Very Brady Sequel, A",1996,https://en.wikipedia.org/wiki/Special:FilePath/Very_brady_sequel.jpg,wikipedia-infobox,3142340,A Very Brady Sequel,2026-06-20T18:42:01+00:00
820,"Death in the Garden (Mort en ce jardin, La) (1956)","Death in the Garden (Mort en ce jardin, La)",1956,https://en.wikipedia.org/wiki/Special:FilePath/Lamuerteenestejardinesp.jpg,wikipedia-infobox,6802025,Death in the Garden,2026-06-20T20:33:06+00:00
821,"Crude Oasis, The (1995)","Crude Oasis, The",1995,https://en.wikipedia.org/wiki/Special:FilePath/The_Crude_Oasis_poster.jpg,wikipedia-infobox,55559657,The Crude Oasis,2026-06-20T18:42:01+00:00
823,"Collectionneuse, La (1967)","Collectionneuse, La",1967,https://upload.wikimedia.org/wikipedia/en/5/58/La_Collectionneuse_%28film%29.jpg,manual-curated,wikipedia:La_Collectionneuse,La Collectionneuse,2026-06-21T07:45:33+00:00
824,Kaspar Hauser (1993),Kaspar Hauser,1993,https://en.wikipedia.org/wiki/Special:FilePath/Hauser_Kreul.jpg,wikipedia-infobox,172472,Kaspar Hauser,2026-06-20T18:42:01+00:00
826,Diebinnen (1995),Diebinnen,1995,https://m.media-amazon.com/images/M/MV5BNTYxMTA3NTg2MF5BMl5BanBnXkFtZTYwODU3OTU5._V1_.jpg,imdb-suggest,tt0112865,Diebinnen,2026-06-21T07:25:21+00:00
827,"Convent, The (Convento, O) (1995)","Convent, The (Convento, O)",1995,https://en.wikipedia.org/wiki/Special:FilePath/Manuel_03_convento.jpg,wikipedia-infobox,8472095,The Convent (1995 film),2026-06-20T20:34:02+00:00
828,"Adventures of Pinocchio, The (1996)","Adventures of Pinocchio, The",1996,https://en.wikipedia.org/wiki/Special:FilePath/Adventures_of_pinocchio_ver1.jpg,wikipedia-infobox,710822,The Adventures of Pinocchio (1996 film),2026-06-20T18:42:00+00:00
829,Joe's Apartment (1996),Joe's Apartment,1996,https://en.wikipedia.org/wiki/Special:FilePath/Joe%27s_Apartment.jpg,wikipedia-infobox,3188479,Joe's Apartment,2026-06-20T18:42:01+00:00
830,"First Wives Club, The (1996)","First Wives Club, The",1996,https://en.wikipedia.org/wiki/Special:FilePath/Thefirstwivesclub.jpg,wikipedia-infobox,2018921,The First Wives Club,2026-06-20T18:42:01+00:00
831,Stonewall (1995),Stonewall,1995,https://en.wikipedia.org/wiki/Special:FilePath/Stonewall_poster_01.jpg,wikipedia-infobox,1834238,Stonewall (1995 film),2026-06-20T18:42:00+00:00
832,Ransom (1996),Ransom,1996,https://en.wikipedia.org/wiki/Special:FilePath/RansomPoster.jpg,wikipedia-infobox,997918,Ransom (1996 film),2026-06-20T18:42:00+00:00
833,High School High (1996),High School High,1996,https://en.wikipedia.org/wiki/Special:FilePath/High_School_High_%28film%29.jpg,wikipedia-infobox,901563,High School High,2026-06-20T18:42:01+00:00
834,Phat Beach (1996),Phat Beach,1996,https://en.wikipedia.org/wiki/Special:FilePath/Phat_Beach_DVD.jpg,wikipedia-infobox,18629144,Phat Beach,2026-06-20T18:42:01+00:00
835,Foxfire (1996),Foxfire,1996,https://en.wikipedia.org/wiki/Special:FilePath/Foxfireposter.jpg,wikipedia-infobox,903297,Foxfire (1996 film),2026-06-20T18:42:00+00:00
836,Chain Reaction (1996),Chain Reaction,1996,https://en.wikipedia.org/wiki/Special:FilePath/Chain_reaction_ver1.jpg,wikipedia-infobox,1487312,Chain Reaction (1996 film),2026-06-20T18:42:00+00:00
837,Matilda (1996),Matilda,1996,https://en.wikipedia.org/wiki/Special:FilePath/Matildaposter.jpg,wikipedia-infobox,675935,Matilda (1996 film),2026-06-20T18:42:00+00:00
838,Emma (1996),Emma,1996,https://m.media-amazon.com/images/M/MV5BZTZlN2YyMjMtYTlhYy00YWZmLTg5YTUtN2MzYTVlNDlmN2FhXkEyXkFqcGc@._V1_.jpg,imdb-suggest,tt0116191,Emma,2026-06-21T07:12:07+00:00
839,"Crow: City of Angels, The (1996)","Crow: City of Angels, The",1996,https://en.wikipedia.org/wiki/Special:FilePath/The_Crow_2.jpg,wikipedia-infobox,877220,The Crow: City of Angels,2026-06-20T18:42:01+00:00
840,House Arrest (1996),House Arrest,1996,https://en.wikipedia.org/wiki/Special:FilePath/House_arrest_movie_poster.jpg,wikipedia-infobox,5207578,House Arrest (1996 film),2026-06-20T18:42:03+00:00
841,Eyes Without a Face (1959),Eyes Without a Face,1959,https://en.wikipedia.org/wiki/Special:FilePath/Eyeswithoutaface_poster.jpg,wikipedia-infobox,2491582,Eyes Without a Face (film),2026-06-20T18:42:05+00:00
842,Tales from the Crypt Presents: Bordello of Blood (1996),Tales from the Crypt Presents: Bordello of Blood,1996,https://en.wikipedia.org/wiki/Special:FilePath/Bordello-of-blood.jpg,wikipedia-infobox,706863,Bordello of Blood,2026-06-20T18:42:04+00:00
843,Lotto Land (1995),Lotto Land,1995,https://m.media-amazon.com/images/M/MV5BMTkwMDUxMTQyNl5BMl5BanBnXkFtZTgwMzIwNDgwMzE@._V1_.jpg,imdb-suggest,tt0113695,Lotto Land,2026-06-21T07:12:09+00:00
844,"Story of Xinghua, The (1993)","Story of Xinghua, The",1993,https://media.themoviedb.org/t/p/original/yKMBI1zQza96lojjlpccQNx7SBG.jpg,manual-curated,tmdb-web:story-of-xinghua,The Story of Xinghua,2026-06-21T07:45:33+00:00
846,Flirt (1995),Flirt,1995,https://en.wikipedia.org/wiki/Special:FilePath/Flirt_FilmPoster.jpeg,wikipedia-infobox,6394251,Flirt (1995 film),2026-06-20T18:42:03+00:00
847,"Big Squeeze, The (1996)","Big Squeeze, The",1996,https://m.media-amazon.com/images/M/MV5BMjAxMDUwMjQ3OV5BMl5BanBnXkFtZTcwMTI0ODAyMQ@@._V1_.jpg,imdb-suggest,tt0115680,The Big Squeeze,2026-06-21T07:12:12+00:00
848,"Spitfire Grill, The (1996)","Spitfire Grill, The",1996,https://en.wikipedia.org/wiki/Special:FilePath/The_Spitfire_Grill.jpg,wikipedia-infobox,3123636,The Spitfire Grill,2026-06-20T18:42:04+00:00
849,Escape from L.A. (1996),Escape from L.A.,1996,https://en.wikipedia.org/wiki/Special:FilePath/Escape_From_LA.jpg,wikipedia-infobox,699609,Escape from L.A.,2026-06-20T18:42:04+00:00
850,Cyclo (1995),Cyclo,1995,https://en.wikipedia.org/wiki/Special:FilePath/Cyclo_film_cover.jpg,wikipedia-infobox,47710172,Cyclo (film),2026-06-20T18:42:05+00:00
851,Basquiat (1996),Basquiat,1996,https://en.wikipedia.org/wiki/Special:FilePath/Basquiatmovieposter.jpg,wikipedia-infobox,904450,Basquiat (film),2026-06-20T20:18:06+00:00
852,Tin Cup (1996),Tin Cup,1996,https://en.wikipedia.org/wiki/Special:FilePath/Tin_Cup.jpg,wikipedia-infobox,226562,Tin Cup,2026-06-20T18:42:04+00:00
853,Dingo (1992),Dingo,1992,https://en.wikipedia.org/wiki/Special:FilePath/Dingo_%28Canis_lupus_dingo%29_Kakadu_2.jpg,wikipedia-infobox,62893,Dingo,2026-06-20T18:42:04+00:00
854,"Ballad of Narayama, The (Narayama Bushiko) (1958)","Ballad of Narayama, The (Narayama Bushiko)",1958,https://en.wikipedia.org/wiki/Special:FilePath/The_Ballad_of_Narayama_%281958%29_DVD.jpg,wikipedia-infobox,1167675,The Ballad of Narayama (1958 film),2026-06-20T20:34:02+00:00
858,"Godfather, The (1972)","Godfather, The",1972,https://en.wikipedia.org/wiki/Special:FilePath/Godfather_ver1.jpg,wikipedia-infobox,2466773,The Godfather,2026-06-20T18:42:03+00:00
859,"Hippie Revolution, The (1996)","Hippie Revolution, The",1996,https://m.media-amazon.com/images/M/MV5BNWIxODNlZDYtOTEwYy00NDQ0LWFhZGUtM2EwNzFjZmE3YmE2XkEyXkFqcGc@._V1_.jpg,imdb-suggest,tt0116536,The Hippie Revolution,2026-06-21T07:12:14+00:00
860,"Maybe, Maybe Not (Bewegte Mann, Der) (1994)","Maybe, Maybe Not (Bewegte Mann, Der)",1994,https://m.media-amazon.com/images/M/MV5BZjhmNzBjN2UtMjQzMy00ODA5LTg5M2EtODkwZmE3Yzc1YTY2XkEyXkFqcGc@._V1_.jpg,imdb-suggest,tt0109255,Maybe... Maybe Not,2026-06-21T07:12:16+00:00
861,Supercop (1992),Supercop,1992,https://en.wikipedia.org/wiki/Special:FilePath/Policestory_poster.jpg,wikipedia-infobox,1024792,Supercop,2026-06-20T18:42:04+00:00
862,Manny & Lo (1996),Manny & Lo,1996,https://en.wikipedia.org/wiki/Special:FilePath/Manny_%26_Lo_FilmPoster.jpeg,wikipedia-infobox,6340115,Manny & Lo,2026-06-20T18:42:04+00:00
863,Celestial Clockwork (1994),Celestial Clockwork,1994,https://en.wikipedia.org/wiki/Special:FilePath/Celestial_Clockwork_%28film%29.jpg,wikipedia-infobox,79155464,Celestial Clockwork (film),2026-06-20T18:42:05+00:00
864,"Wife, The (1995)","Wife, The",1995,https://en.wikipedia.org/wiki/Special:FilePath/The_Wife.jpg,wikipedia-infobox,25125971,The Wife (1995 film),2026-06-20T18:42:07+00:00
865,Small Faces (1995),Small Faces,1995,https://en.wikipedia.org/wiki/Special:FilePath/SmallFaces1968.png,wikipedia-infobox,167663,Small Faces,2026-06-20T18:42:07+00:00
866,Bound (1996),Bound,1996,https://en.wikipedia.org/wiki/Special:FilePath/Bound_movie_poster.jpg,wikipedia-infobox,249838,Bound (1996 film),2026-06-20T18:42:07+00:00
867,Carpool (1996),Carpool,1996,https://en.wikipedia.org/wiki/Special:FilePath/Carpool_1996.jpg,wikipedia-infobox,5646957,Carpool (1996 film),2026-06-20T18:42:07+00:00
868,Death in Brunswick (1991),Death in Brunswick,1991,https://en.wikipedia.org/wiki/Special:FilePath/DeathinBrunswick.jpg,wikipedia-infobox,2332634,Death in Brunswick,2026-06-20T18:42:07+00:00
869,Kansas City (1996),Kansas City,1996,https://en.wikipedia.org/wiki/Special:FilePath/Kansas_City_VideoCover.jpeg,wikipedia-infobox,1693894,Kansas City (film),2026-06-20T18:42:07+00:00
870,Gone Fishin' (1997),Gone Fishin',1997,https://en.wikipedia.org/wiki/Special:FilePath/Gone_fishin.jpg,wikipedia-infobox,2301585,Gone Fishin' (film),2026-06-20T18:42:08+00:00
872,Aiqing wansui (1994),Aiqing wansui,1994,https://en.wikipedia.org/wiki/Special:FilePath/Vive_L%27Amour_cover.jpg,wikipedia-infobox,1940119,Vive l'amour,2026-06-20T18:42:07+00:00
874,Killer: A Journal of Murder (1995),Killer: A Journal of Murder,1995,https://en.wikipedia.org/wiki/Special:FilePath/Killer_A_Journal_of_Murder_%28novel%29.jpg,wikipedia-infobox,13420114,Killer: A Journal of Murder,2026-06-20T18:42:07+00:00
875,Nothing to Lose (1994),Nothing to Lose,1994,https://m.media-amazon.com/images/M/MV5BYWNhNDJhMzktNTg0MC00N2I5LWE3NzEtYjljYzgxNjRkMmIwXkEyXkFqcGc@._V1_.jpg,imdb-suggest,tt0110693,Nothing to Lose,2026-06-21T07:12:19+00:00
876,Police Story 4: Project S (Chao ji ji hua) (1993),Police Story 4: Project S (Chao ji ji hua),1993,https://m.media-amazon.com/images/M/MV5BNjUyMmNhN2YtN2QxMy00NjA1LThkOTktMmVhYmU1YTQ5YmYyXkEyXkFqcGc@._V1_.jpg,imdb-suggest,tt0106544,Supercop 2,2026-06-21T07:31:24+00:00
877,Girls Town (1996),Girls Town,1996,https://en.wikipedia.org/wiki/Special:FilePath/Girls_town1996.jpg,wikipedia-infobox,10508900,Girls Town (1996 film),2026-06-20T18:42:07+00:00
878,Bye-Bye (1995),Bye-Bye,1995,https://en.wikipedia.org/wiki/Special:FilePath/Bye-Bye_FilmPoster.jpeg,wikipedia-infobox,24238984,Bye-Bye (film),2026-06-20T18:42:08+00:00
879,"Relic, The (1997)","Relic, The",1997,https://en.wikipedia.org/wiki/Special:FilePath/Relic_ver1.jpg,wikipedia-infobox,2374501,The Relic,2026-06-20T18:42:07+00:00
880,"Island of Dr. Moreau, The (1996)","Island of Dr. Moreau, The",1996,https://en.wikipedia.org/wiki/Special:FilePath/The_Island_of_Dr._Moreau_1996_poster.jpg,wikipedia-infobox,19875689,The Island of Dr. Moreau (1996 film),2026-06-20T18:42:07+00:00
881,First Kid (1996),First Kid,1996,https://en.wikipedia.org/wiki/Special:FilePath/FirstKidfilm.jpg,wikipedia-infobox,333492,First Kid,2026-06-20T18:42:07+00:00
882,"Trigger Effect, The (1996)","Trigger Effect, The",1996,https://en.wikipedia.org/wiki/Special:FilePath/Trigger_effect_poster.jpg,wikipedia-infobox,5664888,The Trigger Effect,2026-06-20T18:42:07+00:00
884,Sweet Nothing (1995),Sweet Nothing,1995,https://en.wikipedia.org/wiki/Special:FilePath/Sweet_Nothing_%28film%29.jpg,wikipedia-infobox,25843561,Sweet Nothing (film),2026-06-20T18:42:08+00:00
885,Bogus (1996),Bogus,1996,https://en.wikipedia.org/wiki/Special:FilePath/Bogus_FilmPoster.jpeg,wikipedia-infobox,1924888,Bogus (film),2026-06-20T18:42:07+00:00
886,Bulletproof (1996),Bulletproof,1996,https://en.wikipedia.org/wiki/Special:FilePath/Bulletprooftp.jpg,wikipedia-infobox,1113278,Bulletproof (1996 film),2026-06-20T18:42:07+00:00
887,Talk of Angels (1998),Talk of Angels,1998,https://en.wikipedia.org/wiki/Special:FilePath/Talk_of_Angels_%28movie_poster%29.jpg,wikipedia-infobox,23492859,Talk of Angels,2026-06-20T18:43:46+00:00
888,Land Before Time III: The Time of the Great Giving (1995),Land Before Time III: The Time of the Great Giving,1995,https://m.media-amazon.com/images/M/MV5BMGQxMDlmZmItZjY2Ni00OTUwLTgxNWEtZGExYmNmNmE5YzcyXkEyXkFqcGc@._V1_.jpg,imdb-suggest,tt0113596,The Land Before Time III: The Time of the Great Giving,2026-06-21T07:31:25+00:00
889,1-900 (1994),1-900,1994,https://en.wikipedia.org/wiki/Special:FilePath/1-900_dvd_cover.jpg,wikipedia-infobox,22644919,1-900 (film),2026-06-20T18:43:46+00:00
891,Halloween: The Curse of Michael Myers (1995),Halloween: The Curse of Michael Myers,1995,https://en.wikipedia.org/wiki/Special:FilePath/Halloween6cover.JPG,wikipedia-infobox,2002403,Halloween: The Curse of Michael Myers,2026-06-20T18:43:46+00:00
892,Twelfth Night (1996),Twelfth Night,1996,https://en.wikipedia.org/wiki/Special:FilePath/Twelfth_Night_%281996_film%29.png,wikipedia-infobox,11823946,Twelfth Night (1996 film),2026-06-20T18:43:45+00:00
893,Mother Night (1996),Mother Night,1996,https://en.wikipedia.org/wiki/Special:FilePath/MotherNight%28Vonnegut%29.jpg,wikipedia-infobox,303465,Mother Night,2026-06-20T18:43:46+00:00
895,Venice/Venice (1992),Venice/Venice,1992,https://en.wikipedia.org/wiki/Special:FilePath/Venice-Venice.jpeg,wikipedia-infobox,24566491,Venice/Venice,2026-06-20T18:43:46+00:00
896,Wild Reeds (1994),Wild Reeds,1994,https://en.wikipedia.org/wiki/Special:FilePath/Les_roseaux_sauvages.jpg,wikipedia-infobox,1034595,Wild Reeds,2026-06-20T18:43:46+00:00
897,For Whom the Bell Tolls (1943),For Whom the Bell Tolls,1943,https://en.wikipedia.org/wiki/Special:FilePath/For_whom_movieposter.jpg,wikipedia-infobox,4717522,For Whom the Bell Tolls (film),2026-06-20T18:43:45+00:00
898,"Philadelphia Story, The (1940)","Philadelphia Story, The",1940,https://en.wikipedia.org/wiki/Special:FilePath/The-Philadelphia-Story-%281940%29.jpg,wikipedia-infobox,62592,The Philadelphia Story (film),2026-06-20T18:43:46+00:00
899,Singin' in the Rain (1952),Singin' in the Rain,1952,https://en.wikipedia.org/wiki/Special:FilePath/Singin%27_in_the_Rain_%281952_poster%29.jpg,wikipedia-infobox,1883157,Singin' in the Rain,2026-06-20T18:43:46+00:00
900,"American in Paris, An (1951)","American in Paris, An",1951,https://en.wikipedia.org/wiki/Special:FilePath/An_American_in_Paris_%281951_film_poster%29.jpg,wikipedia-infobox,1587300,An American in Paris (film),2026-06-20T18:43:46+00:00
901,Funny Face (1957),Funny Face,1957,https://en.wikipedia.org/wiki/Special:FilePath/Funny_Face_%281957_poster%29.jpg,wikipedia-infobox,472870,Funny Face,2026-06-20T18:43:46+00:00
902,Breakfast at Tiffany's (1961),Breakfast at Tiffany's,1961,https://en.wikipedia.org/wiki/Special:FilePath/Breakfast_at_Tiffany%27s_%281961_poster%29.jpg,wikipedia-infobox,51906,Breakfast at Tiffany's (film),2026-06-20T18:43:46+00:00
903,Vertigo (1958),Vertigo,1958,https://en.wikipedia.org/wiki/Special:FilePath/Vertigomovie_restoration.jpg,wikipedia-infobox,76617,Vertigo (film),2026-06-20T18:43:45+00:00
904,Rear Window (1954),Rear Window,1954,https://en.wikipedia.org/wiki/Special:FilePath/Rear_Window_film_poster.jpg,wikipedia-infobox,74577,Rear Window,2026-06-20T18:43:45+00:00
905,It Happened One Night (1934),It Happened One Night,1934,https://en.wikipedia.org/wiki/Special:FilePath/It-happened-one-night-poster.jpg,wikipedia-infobox,44696,It Happened One Night,2026-06-20T18:43:46+00:00
906,Gaslight (1944),Gaslight,1944,https://en.wikipedia.org/wiki/Special:FilePath/Gaslight_%281944_poster%29.jpg,wikipedia-infobox,2279601,Gaslight (1944 film),2026-06-20T18:43:45+00:00
907,"Gay Divorcee, The (1934)","Gay Divorcee, The",1934,https://en.wikipedia.org/wiki/Special:FilePath/The_Gay_Divorcee_movie_poster.jpg,wikipedia-infobox,61169,The Gay Divorcee,2026-06-20T18:43:46+00:00
908,North by Northwest (1959),North by Northwest,1959,https://en.wikipedia.org/wiki/Special:FilePath/Northbynorthwest1.jpg,wikipedia-infobox,73412,North by Northwest,2026-06-20T18:43:46+00:00
909,"Apartment, The (1960)","Apartment, The",1960,https://en.wikipedia.org/wiki/Special:FilePath/The_Apartment_%281960_poster%29.jpg,wikipedia-infobox,43849,The Apartment,2026-06-20T18:44:39+00:00
910,Some Like It Hot (1959),Some Like It Hot,1959,https://en.wikipedia.org/wiki/Special:FilePath/Some_Like_It_Hot_%281959_poster%29.png,wikipedia-infobox,76366,Some Like It Hot,2026-06-20T18:44:40+00:00
911,Charade (1963),Charade,1963,https://en.wikipedia.org/wiki/Special:FilePath/Charade_%281963_poster%29.jpg,wikipedia-infobox,899442,Charade (1963 film),2026-06-20T18:44:39+00:00
912,Casablanca (1942),Casablanca,1942,https://en.wikipedia.org/wiki/Special:FilePath/CasablancaPoster-Gold.jpg,wikipedia-infobox,57585,Casablanca (film),2026-06-20T18:44:39+00:00
913,"Maltese Falcon, The (1941)","Maltese Falcon, The",1941,https://en.wikipedia.org/wiki/Special:FilePath/The_Maltese_Falcon_%281941_film_poster%29.jpg,wikipedia-infobox,4593958,The Maltese Falcon (1941 film),2026-06-20T18:44:39+00:00
914,My Fair Lady (1964),My Fair Lady,1964,https://en.wikipedia.org/wiki/Special:FilePath/My_fair_lady_poster.jpg,wikipedia-infobox,4836072,My Fair Lady (film),2026-06-20T18:44:39+00:00
915,Sabrina (1954),Sabrina,1954,https://en.wikipedia.org/wiki/Special:FilePath/Sabrina_%281954_film_poster%29.jpg,wikipedia-infobox,1356971,Sabrina (1954 film),2026-06-20T18:44:39+00:00
916,Roman Holiday (1953),Roman Holiday,1953,https://en.wikipedia.org/wiki/Special:FilePath/Roman_Holiday_%281953_poster%29.jpg,wikipedia-infobox,76310,Roman Holiday,2026-06-20T18:44:39+00:00
917,"Little Princess, The (1939)","Little Princess, The",1939,https://en.wikipedia.org/wiki/Special:FilePath/Poster_of_the_movie_The_Little_Princess.jpg,wikipedia-infobox,3343805,The Little Princess (1939 film),2026-06-20T18:44:39+00:00
918,Meet Me in St. Louis (1944),Meet Me in St. Louis,1944,https://en.wikipedia.org/wiki/Special:FilePath/Meet_Me_in_St._Louis_poster.jpg,wikipedia-infobox,74942,Meet Me in St. Louis,2026-06-20T18:44:40+00:00
919,"Wizard of Oz, The (1939)","Wizard of Oz, The",1939,https://en.wikipedia.org/wiki/Special:FilePath/Wizard_of_oz_movie_poster.jpg,wikipedia-infobox,561315,The Wizard of Oz,2026-06-20T18:44:39+00:00
920,Gone with the Wind (1939),Gone with the Wind,1939,https://en.wikipedia.org/wiki/Special:FilePath/Poster_-_Gone_With_the_Wind_01.jpg,wikipedia-infobox,2804704,Gone with the Wind (film),2026-06-20T18:44:39+00:00
921,My Favorite Year (1982),My Favorite Year,1982,https://en.wikipedia.org/wiki/Special:FilePath/My_favorite_year.jpg,wikipedia-infobox,168483,My Favorite Year,2026-06-20T18:44:40+00:00
922,Sunset Blvd. (a.k.a. Sunset Boulevard) (1950),Sunset Blvd. (a.k.a. Sunset Boulevard),1950,https://en.wikipedia.org/wiki/Special:FilePath/Sunset_Boulevard_%281950_poster%29.jpg,wikipedia-infobox,76368,Sunset Boulevard (film),2026-06-20T20:34:02+00:00
923,Citizen Kane (1941),Citizen Kane,1941,https://en.wikipedia.org/wiki/Special:FilePath/Citizen_Kane_poster%2C_1941_%28Style_B%2C_unrestored%29.jpg,wikipedia-infobox,5224,Citizen Kane,2026-06-20T18:44:40+00:00
924,2001: A Space Odyssey (1968),2001: A Space Odyssey,1968,https://en.wikipedia.org/wiki/Special:FilePath/2001_A_Space_Odyssey_%281968%29.png,wikipedia-infobox,23941708,2001: A Space Odyssey,2026-06-20T18:44:40+00:00
925,Golden Earrings (1947),Golden Earrings,1947,https://en.wikipedia.org/wiki/Special:FilePath/Goldearingslarge.jpeg,wikipedia-infobox,8000000,Golden Earrings,2026-06-20T18:44:40+00:00
926,All About Eve (1950),All About Eve,1950,https://en.wikipedia.org/wiki/Special:FilePath/All_About_Eve_%281950_poster_-_retouch%29.jpg,wikipedia-infobox,41881,All About Eve,2026-06-20T18:44:40+00:00
927,"Women, The (1939)","Women, The",1939,https://en.wikipedia.org/wiki/Special:FilePath/Poster_-_Women%2C_The_01.jpg,wikipedia-infobox,19978736,The Women (1939 film),2026-06-20T18:44:39+00:00
928,Rebecca (1940),Rebecca,1940,https://en.wikipedia.org/wiki/Special:FilePath/Rebecca_%281939_poster%29.jpeg,wikipedia-infobox,1259785,Rebecca (1940 film),2026-06-20T18:44:39+00:00
929,Foreign Correspondent (1940),Foreign Correspondent,1940,https://en.wikipedia.org/wiki/Special:FilePath/ForeignCorrespondent.jpg,wikipedia-infobox,62688,Foreign Correspondent (film),2026-06-20T18:46:18+00:00
930,Notorious (1946),Notorious,1946,https://en.wikipedia.org/wiki/Special:FilePath/Notorious_%281946_film_poster%29.jpg,wikipedia-infobox,255198,Notorious (1946 film),2026-06-20T18:46:18+00:00
931,Spellbound (1945),Spellbound,1945,https://en.wikipedia.org/wiki/Special:FilePath/Spellbound_original.jpg,wikipedia-infobox,80488,Spellbound (1945 film),2026-06-20T18:46:18+00:00
932,"Affair to Remember, An (1957)","Affair to Remember, An",1957,https://en.wikipedia.org/wiki/Special:FilePath/AffairtoRemember.jpg,wikipedia-infobox,884742,An Affair to Remember,2026-06-20T18:46:19+00:00
933,To Catch a Thief (1955),To Catch a Thief,1955,https://en.wikipedia.org/wiki/Special:FilePath/To_Catch_a_Thief.jpg,wikipedia-infobox,239009,To Catch a Thief,2026-06-20T18:46:19+00:00
934,Father of the Bride (1950),Father of the Bride,1950,https://en.wikipedia.org/wiki/Special:FilePath/FatheroftheBride1950.jpg,wikipedia-infobox,80944,Father of the Bride (1950 film),2026-06-20T18:46:18+00:00
935,"Band Wagon, The (1953)","Band Wagon, The",1953,https://en.wikipedia.org/wiki/Special:FilePath/The_Band_Wagon_%281953_poster%29.jpg,wikipedia-infobox,73366,The Band Wagon,2026-06-20T18:46:19+00:00
936,Ninotchka (1939),Ninotchka,1939,https://en.wikipedia.org/wiki/Special:FilePath/Ninotchka_%281939_poster_-_Style_D%29.jpg,wikipedia-infobox,62118,Ninotchka,2026-06-20T18:46:19+00:00
937,Love in the Afternoon (1957),Love in the Afternoon,1957,https://en.wikipedia.org/wiki/Special:FilePath/Love_in_the_afternoon_%281957%29_-_movie_poster.jpg,wikipedia-infobox,3834305,Love in the Afternoon (1957 film),2026-06-20T18:46:18+00:00
938,Gigi (1958),Gigi,1958,https://en.wikipedia.org/wiki/Special:FilePath/Gigi_%281958_poster%29.jpg,wikipedia-infobox,1740284,Gigi (1958 film),2026-06-20T18:46:18+00:00
939,"Reluctant Debutante, The (1958)","Reluctant Debutante, The",1958,https://en.wikipedia.org/wiki/Special:FilePath/196841~The-Reluctant-Debutante-Posters.jpg,wikipedia-infobox,7561586,The Reluctant Debutante (film),2026-06-20T18:46:19+00:00
940,"Adventures of Robin Hood, The (1938)","Adventures of Robin Hood, The",1938,https://en.wikipedia.org/wiki/Special:FilePath/The_Adventures_of_Robin_Hood_%281938_poster%29.jpg,wikipedia-infobox,62084,The Adventures of Robin Hood,2026-06-20T18:46:19+00:00
941,"Mark of Zorro, The (1940)","Mark of Zorro, The",1940,https://en.wikipedia.org/wiki/Special:FilePath/The_Mark_of_Zorro_%281940_film_poster%29.jpg,wikipedia-infobox,1087247,The Mark of Zorro (1940 film),2026-06-20T18:46:18+00:00
942,Laura (1944),Laura,1944,https://en.wikipedia.org/wiki/Special:FilePath/Laura_%281944_film_poster%29.jpg,wikipedia-infobox,74871,Laura (1944 film),2026-06-20T18:46:18+00:00
943,"Ghost and Mrs. Muir, The (1947)","Ghost and Mrs. Muir, The",1947,https://en.wikipedia.org/wiki/Special:FilePath/The_Ghost_and_Mrs._Muir.png,wikipedia-infobox,2297089,The Ghost and Mrs. Muir,2026-06-20T18:46:19+00:00
944,Lost Horizon (1937),Lost Horizon,1937,https://en.wikipedia.org/wiki/Special:FilePath/Lost_Horizon_%281937_film_poster%29.jpg,wikipedia-infobox,61529,Lost Horizon (1937 film),2026-06-20T18:46:18+00:00
945,Top Hat (1935),Top Hat,1935,https://en.wikipedia.org/wiki/Special:FilePath/TopHatORGI.jpg,wikipedia-infobox,61501,Top Hat,2026-06-20T18:46:19+00:00
946,To Be or Not to Be (1942),To Be or Not to Be,1942,https://en.wikipedia.org/wiki/Special:FilePath/To_Be_or_Not_to_Be_%281942_film_poster%29.jpg,wikipedia-infobox,76389,To Be or Not to Be (1942 film),2026-06-20T18:46:18+00:00
947,My Man Godfrey (1936),My Man Godfrey,1936,https://en.wikipedia.org/wiki/Special:FilePath/My_Man_Godfrey_%281936_poster_-_Style_C%29.jpg,wikipedia-infobox,74979,My Man Godfrey,2026-06-20T18:46:18+00:00
948,Giant (1956),Giant,1956,https://en.wikipedia.org/wiki/Special:FilePath/Giant_%281956%29_poster.jpg,wikipedia-infobox,92582,Giant (1956 film),2026-06-20T18:46:18+00:00
949,East of Eden (1955),East of Eden,1955,https://en.wikipedia.org/wiki/Special:FilePath/East_of_Eden_%281955_film_poster%29.jpg,wikipedia-infobox,290970,East of Eden (film),2026-06-20T13:50:05+00:00
950,"Thin Man, The (1934)","Thin Man, The",1934,https://en.wikipedia.org/wiki/Special:FilePath/The_Thin_Man_%281st_ed_cover%29.jpg,wikipedia-infobox,5282191,The Thin Man,2026-06-20T13:50:06+00:00
951,His Girl Friday (1940),His Girl Friday,1940,https://en.wikipedia.org/wiki/Special:FilePath/His_Girl_Friday_%281940_poster%29_crop.jpg,wikipedia-infobox,74018,His Girl Friday,2026-06-20T13:50:06+00:00
952,Around the World in 80 Days (1956),Around the World in 80 Days,1956,https://en.wikipedia.org/wiki/Special:FilePath/Around_the_World_in_80_Days_%281956_film%29_poster.jpg,wikipedia-infobox,1133816,Around the World in 80 Days (1956 film),2026-06-20T13:50:05+00:00
953,It's a Wonderful Life (1946),It's a Wonderful Life,1946,https://en.wikipedia.org/wiki/Special:FilePath/It%27s_a_Wonderful_Life_%281946_poster%29.jpeg,wikipedia-infobox,60164,It's a Wonderful Life,2026-06-20T13:50:06+00:00
954,Mr. Smith Goes to Washington (1939),Mr. Smith Goes to Washington,1939,https://en.wikipedia.org/wiki/Special:FilePath/Mr._Smith_Goes_to_Washington_%281939_poster%29.jpg,wikipedia-infobox,62117,Mr. Smith Goes to Washington,2026-06-20T13:50:06+00:00
955,Bringing Up Baby (1938),Bringing Up Baby,1938,https://en.wikipedia.org/wiki/Special:FilePath/Bringing_Up_Baby_%281938_poster%29.jpg,wikipedia-infobox,73376,Bringing Up Baby,2026-06-20T13:50:06+00:00
956,Penny Serenade (1941),Penny Serenade,1941,https://en.wikipedia.org/wiki/Special:FilePath/Penny_Serenade_1941_Poster.jpg,wikipedia-infobox,145631,Penny Serenade,2026-06-20T13:50:06+00:00
957,"Scarlet Letter, The (1926)","Scarlet Letter, The",1926,https://en.wikipedia.org/wiki/Special:FilePath/The_Scarlet_Letter_1926_lobby_card.jpg,wikipedia-infobox,14881404,The Scarlet Letter (1926 film),2026-06-20T13:50:05+00:00
958,Lady of Burlesque (1943),Lady of Burlesque,1943,https://en.wikipedia.org/wiki/Special:FilePath/Lady_of_Burlesque.jpg,wikipedia-infobox,14582455,Lady of Burlesque,2026-06-20T13:50:06+00:00
959,Of Human Bondage (1934),Of Human Bondage,1934,https://en.wikipedia.org/wiki/Special:FilePath/Of_Human_Bondage_Poster.jpg,wikipedia-infobox,8049233,Of Human Bondage (1934 film),2026-06-20T13:50:05+00:00
960,Angel on My Shoulder (1946),Angel on My Shoulder,1946,https://en.wikipedia.org/wiki/Special:FilePath/Angel_on_My_Shoulder_film_poster.jpg,wikipedia-infobox,6121544,Angel on My Shoulder,2026-06-20T13:50:06+00:00
961,Little Lord Fauntleroy (1936),Little Lord Fauntleroy,1936,https://en.wikipedia.org/wiki/Special:FilePath/Little-Lord-Fauntleroy-Poster.jpg,wikipedia-infobox,16586081,Little Lord Fauntleroy (1936 film),2026-06-20T13:50:05+00:00
962,They Made Me a Criminal (1939),They Made Me a Criminal,1939,https://en.wikipedia.org/wiki/Special:FilePath/Poster_-_They_Made_Me_a_Criminal_01.jpg,wikipedia-infobox,8704297,They Made Me a Criminal,2026-06-20T13:50:06+00:00
963,"Inspector General, The (1949)","Inspector General, The",1949,https://en.wikipedia.org/wiki/Special:FilePath/The_Inspector_General_%281949_film%29_poster.jpg,wikipedia-infobox,7741538,The Inspector General (1949 film),2026-06-20T13:50:05+00:00
964,Angel and the Badman (1947),Angel and the Badman,1947,https://en.wikipedia.org/wiki/Special:FilePath/Angel_badman.jpg,wikipedia-infobox,3610464,Angel and the Badman,2026-06-20T13:50:06+00:00
965,"39 Steps, The (1935)","39 Steps, The",1935,https://en.wikipedia.org/wiki/Special:FilePath/The_39_Steps_%281935%29_-_poster.jpg,wikipedia-infobox,3724436,The 39 Steps (1935 film),2026-06-20T13:50:05+00:00
966,"Walk in the Sun, A (1945)","Walk in the Sun, A",1945,https://en.wikipedia.org/wiki/Special:FilePath/A_Walk_in_the_Sun_%281946_poster%29.jpg,wikipedia-infobox,957991,A Walk in the Sun (1945 film),2026-06-20T13:50:05+00:00
967,"Outlaw, The (1943)","Outlaw, The",1943,https://en.wikipedia.org/wiki/Special:FilePath/The_Outlaw_poster.jpg,wikipedia-infobox,1376533,The Outlaw,2026-06-20T13:50:05+00:00
968,Night of the Living Dead (1968),Night of the Living Dead,1968,https://en.wikipedia.org/wiki/Special:FilePath/Night_of_the_Living_Dead_%281968%29_poster.jpg,wikipedia-infobox,30275,Night of the Living Dead,2026-06-20T13:50:05+00:00
969,"African Queen, The (1951)","African Queen, The",1951,https://en.wikipedia.org/wiki/Special:FilePath/The_African_Queen_%281952_US_poster%29.jpg,wikipedia-infobox,68079,The African Queen,2026-06-20T13:50:05+00:00
970,Beat the Devil (1954),Beat the Devil,1954,https://en.wikipedia.org/wiki/Special:FilePath/Beat-the-devil-movie-poster-1953%2C_2.jpg,wikipedia-infobox,1545982,Beat the Devil (film),2026-06-20T13:50:07+00:00
971,Cat on a Hot Tin Roof (1958),Cat on a Hot Tin Roof,1958,https://en.wikipedia.org/wiki/Special:FilePath/Cat_roof.jpg,wikipedia-infobox,3511234,Cat on a Hot Tin Roof (1958 film),2026-06-20T13:50:05+00:00
972,"Last Time I Saw Paris, The (1954)","Last Time I Saw Paris, The",1954,https://en.wikipedia.org/wiki/Special:FilePath/The_Last_Time_I_Saw_Paris_poster.jpg,wikipedia-infobox,6724491,The Last Time I Saw Paris,2026-06-20T13:50:06+00:00
973,Meet John Doe (1941),Meet John Doe,1941,https://en.wikipedia.org/wiki/Special:FilePath/Poster_-_Meet_John_Doe_01.jpg,wikipedia-infobox,2462689,Meet John Doe,2026-06-20T13:50:06+00:00
974,Algiers (1938),Algiers,1938,https://en.wikipedia.org/wiki/Special:FilePath/Algiers_1938_Poster.jpg,wikipedia-infobox,1345561,Algiers (1938 film),2026-06-20T13:50:05+00:00
975,Something to Sing About (1937),Something to Sing About,1937,https://en.wikipedia.org/wiki/Special:FilePath/Something_to_Sing_About_poster.jpg,wikipedia-infobox,10649757,Something to Sing About (1937 film),2026-06-20T13:50:05+00:00
976,"Farewell to Arms, A (1932)","Farewell to Arms, A",1932,https://en.wikipedia.org/wiki/Special:FilePath/Poster_-_A_Farewell_to_Arms_%281932%29_01.jpg,wikipedia-infobox,13654305,A Farewell to Arms (1932 film),2026-06-20T13:50:05+00:00
977,Moonlight Murder (1936),Moonlight Murder,1936,https://en.wikipedia.org/wiki/Special:FilePath/Moonlight_Murder.jpg,wikipedia-infobox,44472075,Moonlight Murder,2026-06-20T13:50:06+00:00
978,"Blue Angel, The (Blaue Engel, Der) (1930)","Blue Angel, The (Blaue Engel, Der)",1930,https://en.wikipedia.org/wiki/Special:FilePath/Der_blaue_Engel_%281930%29_poster.jpg,wikipedia-infobox,1588930,The Blue Angel,2026-06-20T20:34:03+00:00
980,In the Line of Duty 2 (1987),In the Line of Duty 2,1987,https://m.media-amazon.com/images/M/MV5BMWIyMDZjNDEtMWZhZS00ZGQ5LThlOWUtYTJkZWE5MmJkZWFiXkEyXkFqcGc@._V1_.jpg,imdb-suggest,tt0097539,In the Line of Duty IV,2026-06-21T07:25:21+00:00
981,Dangerous Ground (1997),Dangerous Ground,1997,https://en.wikipedia.org/wiki/Special:FilePath/Dangerous-ground-dvd-cover.jpg,wikipedia-infobox,10526261,Dangerous Ground (1997 film),2026-06-20T13:50:05+00:00
982,Picnic (1955),Picnic,1955,https://en.wikipedia.org/wiki/Special:FilePath/Picnic_%281955_film%29_poster.jpg,wikipedia-infobox,92566,Picnic (1955 film),2026-06-20T13:50:05+00:00
984,"Pompatus of Love, The (1996)","Pompatus of Love, The",1996,https://en.wikipedia.org/wiki/Special:FilePath/PompatusOfLovePoster.jpg,wikipedia-infobox,1659186,The Pompatus of Love,2026-06-20T13:50:06+00:00
985,Small Wonders (1996),Small Wonders,1996,https://m.media-amazon.com/images/M/MV5BMTY4OTkxNDg3OF5BMl5BanBnXkFtZTcwNDQwODUxMQ@@._V1_.jpg,imdb-suggest,tt0117669,Small Wonders,2026-06-21T07:25:21+00:00
986,Fly Away Home (1996),Fly Away Home,1996,https://en.wikipedia.org/wiki/Special:FilePath/Fly_away_home_poster.jpg,wikipedia-infobox,66841,Fly Away Home,2026-06-20T13:50:06+00:00
987,Bliss (1997),Bliss,1997,https://en.wikipedia.org/wiki/Special:FilePath/Bliss_%281997%29_Film_Poster.jpg,wikipedia-infobox,49619133,Bliss (1997 film),2026-06-20T13:50:05+00:00
988,Grace of My Heart (1996),Grace of My Heart,1996,https://en.wikipedia.org/wiki/Special:FilePath/Graceheartposter.jpg,wikipedia-infobox,6004372,Grace of My Heart,2026-06-20T13:50:06+00:00
989,Schlafes Bruder (Brother of Sleep) (1995),Schlafes Bruder (Brother of Sleep),1995,https://en.wikipedia.org/wiki/Special:FilePath/Schlafes_Bruder_1995.jpg,wikipedia-infobox,19105273,Brother of Sleep,2026-06-20T20:34:03+00:00
990,Maximum Risk (1996),Maximum Risk,1996,https://en.wikipedia.org/wiki/Special:FilePath/Maximum_Risk_Poster.jpg,wikipedia-infobox,4163034,Maximum Risk,2026-06-20T13:50:06+00:00
991,Michael Collins (1996),Michael Collins,1996,https://en.wikipedia.org/wiki/Special:FilePath/Michael_collins_dvd.jpg,wikipedia-infobox,26609228,Michael Collins (film),2026-06-20T13:50:27+00:00
992,"Rich Man's Wife, The (1996)","Rich Man's Wife, The",1996,https://en.wikipedia.org/wiki/Special:FilePath/Therichmanswifeposter.jpg,wikipedia-infobox,5339358,The Rich Man's Wife,2026-06-20T13:50:26+00:00
993,Infinity (1996),Infinity,1996,https://en.wikipedia.org/wiki/Special:FilePath/Infinity_film_poster.jpg,wikipedia-infobox,3450620,Infinity (1996 film),2026-06-20T13:50:25+00:00
994,Big Night (1996),Big Night,1996,https://en.wikipedia.org/wiki/Special:FilePath/Big_night.jpg,wikipedia-infobox,453907,Big Night,2026-06-20T13:50:26+00:00
996,Last Man Standing (1996),Last Man Standing,1996,https://en.wikipedia.org/wiki/Special:FilePath/Last_man_standing_ver2.jpg,wikipedia-infobox,2991530,Last Man Standing (1996 film),2026-06-20T13:50:25+00:00
997,Caught (1996),Caught,1996,https://en.wikipedia.org/wiki/Special:FilePath/Caught1996.jpg,wikipedia-infobox,16648122,Caught (1996 film),2026-06-20T13:50:25+00:00
998,Set It Off (1996),Set It Off,1996,https://en.wikipedia.org/wiki/Special:FilePath/Set_it_off_poster.jpg,wikipedia-infobox,682257,Set It Off (film),2026-06-20T13:50:27+00:00
999,2 Days in the Valley (1996),2 Days in the Valley,1996,https://en.wikipedia.org/wiki/Special:FilePath/2daysinthevalley.jpg,wikipedia-infobox,1526194,2 Days in the Valley,2026-06-20T13:50:26+00:00
1000,Curdled (1996),Curdled,1996,https://en.wikipedia.org/wiki/Special:FilePath/CurdledPoster.jpg,wikipedia-infobox,1222561,Curdled (film),2026-06-20T13:50:27+00:00
1002,Ed's Next Move (1996),Ed's Next Move,1996,https://en.wikipedia.org/wiki/Special:FilePath/Ed%27s_Next_Move_FilmPoster.jpeg,wikipedia-infobox,10528606,Ed's Next Move,2026-06-20T13:50:26+00:00
1003,Extreme Measures (1996),Extreme Measures,1996,https://en.wikipedia.org/wiki/Special:FilePath/Extreme_measures.jpg,wikipedia-infobox,3190223,Extreme Measures,2026-06-20T13:50:25+00:00
1004,"Glimmer Man, The (1996)","Glimmer Man, The",1996,https://en.wikipedia.org/wiki/Special:FilePath/Glimmer_man.jpg,wikipedia-infobox,67427,The Glimmer Man,2026-06-20T13:50:26+00:00
1005,D3: The Mighty Ducks (1996),D3: The Mighty Ducks,1996,https://en.wikipedia.org/wiki/Special:FilePath/Dthree_the_mighty_ducks.jpg,wikipedia-infobox,2403302,D3: The Mighty Ducks,2026-06-20T13:50:26+00:00
1006,"Chamber, The (1996)","Chamber, The",1996,https://en.wikipedia.org/wiki/Special:FilePath/the_chamber_poster.jpg,wikipedia-infobox,5716877,The Chamber (1996 film),2026-06-20T13:50:25+00:00
1007,"Apple Dumpling Gang, The (1975)","Apple Dumpling Gang, The",1975,https://en.wikipedia.org/wiki/Special:FilePath/The_Apple_Dumpling_Gang_book_cover.jpg,wikipedia-infobox,5232751,The Apple Dumpling Gang,2026-06-20T13:50:26+00:00
1008,"Davy Crockett, King of the Wild Frontier (1955)","Davy Crockett, King of the Wild Frontier",1955,https://en.wikipedia.org/wiki/Special:FilePath/Davy_Crockett%2C_King_of_the_Wild_Frontier_FilmPoster.jpeg,wikipedia-infobox,2165430,Davy Crockett: King of the Wild Frontier,2026-06-20T13:50:26+00:00
1009,Escape to Witch Mountain (1975),Escape to Witch Mountain,1975,https://en.wikipedia.org/wiki/Special:FilePath/Escape_to_witch_mountain_movie_poster.jpg,wikipedia-infobox,18454490,Escape to Witch Mountain (1975 film),2026-06-20T13:50:25+00:00
1010,"Love Bug, The (1969)","Love Bug, The",1969,https://en.wikipedia.org/wiki/Special:FilePath/Lovebugmviepstr.jpg,wikipedia-infobox,273456,The Love Bug,2026-06-20T13:50:25+00:00
1011,Herbie Rides Again (1974),Herbie Rides Again,1974,https://en.wikipedia.org/wiki/Special:FilePath/Ridesagain.jpeg,wikipedia-infobox,2092559,Herbie Rides Again,2026-06-20T13:50:26+00:00
1012,Old Yeller (1957),Old Yeller,1957,https://en.wikipedia.org/wiki/Special:FilePath/Old_Yeller_%281957_film_poster%29.jpg,wikipedia-infobox,1755675,Old Yeller (film),2026-06-20T13:50:25+00:00
1013,"Parent Trap, The (1961)","Parent Trap, The",1961,https://en.wikipedia.org/wiki/Special:FilePath/The_Parent_Trap_%281961_film_poster%29.png,wikipedia-infobox,31176,The Parent Trap (1961 film),2026-06-20T13:50:25+00:00
1014,Pollyanna (1960),Pollyanna,1960,https://en.wikipedia.org/wiki/Special:FilePath/Pollyanna_%281960_film%29_poster.jpg,wikipedia-infobox,17967793,Pollyanna (1960 film),2026-06-20T13:50:25+00:00
1015,Homeward Bound: The Incredible Journey (1993),Homeward Bound: The Incredible Journey,1993,https://en.wikipedia.org/wiki/Special:FilePath/Homeward.bound_dvd_cover.jpg,wikipedia-infobox,1212256,Homeward Bound: The Incredible Journey,2026-06-20T13:50:26+00:00
1016,"Shaggy Dog, The (1959)","Shaggy Dog, The",1959,https://en.wikipedia.org/wiki/Special:FilePath/The_Shaggy_Dog_-_1963_-_Poster.png,wikipedia-infobox,673158,The Shaggy Dog (1959 film),2026-06-20T13:50:25+00:00
1017,Swiss Family Robinson (1960),Swiss Family Robinson,1960,https://en.wikipedia.org/wiki/Special:FilePath/Swiss_family_robinson322.jpg,wikipedia-infobox,807979,Swiss Family Robinson (1960 film),2026-06-20T13:50:25+00:00
1018,That Darn Cat! (1965),That Darn Cat!,1965,https://en.wikipedia.org/wiki/Special:FilePath/That_Darn_Cat_-_1965_Poster.jpg,wikipedia-infobox,1204699,That Darn Cat!,2026-06-20T13:50:25+00:00
1019,"20,000 Leagues Under the Sea (1954)","20,000 Leagues Under the Sea",1954,https://en.wikipedia.org/wiki/Special:FilePath/20000leaguesposter.jpg,wikipedia-infobox,5516824,"20,000 Leagues Under the Sea (1954 film)",2026-06-20T13:50:25+00:00
1020,Cool Runnings (1993),Cool Runnings,1993,https://en.wikipedia.org/wiki/Special:FilePath/Coolrunnings.jpg,wikipedia-infobox,1428132,Cool Runnings,2026-06-20T13:50:26+00:00
1021,Angels in the Outfield (1994),Angels in the Outfield,1994,https://en.wikipedia.org/wiki/Special:FilePath/Angels_in_the_outfield.jpg,wikipedia-infobox,2949827,Angels in the Outfield (1994 film),2026-06-20T13:50:25+00:00
1022,Cinderella (1950),Cinderella,1950,https://en.wikipedia.org/wiki/Special:FilePath/1950_is_the_Cinderella_year.jpg,wikipedia-infobox,399402,Cinderella (1950 film),2026-06-20T13:50:25+00:00
1023,Winnie the Pooh and the Blustery Day (1968),Winnie the Pooh and the Blustery Day,1968,https://en.wikipedia.org/wiki/Special:FilePath/Winnie_the_Pooh_and_the_Blustery_Day_poster.jpg,wikipedia-infobox,2773215,Winnie the Pooh and the Blustery Day,2026-06-20T13:50:26+00:00
1024,"Three Caballeros, The (1945)","Three Caballeros, The",1945,https://en.wikipedia.org/wiki/Special:FilePath/Three_caballeros_poster.png,wikipedia-infobox,76629,The Three Caballeros,2026-06-20T13:50:26+00:00
1025,"Sword in the Stone, The (1963)","Sword in the Stone, The",1963,https://en.wikipedia.org/wiki/Special:FilePath/SwordintheStonePoster.JPG,wikipedia-infobox,3650653,The Sword in the Stone (1963 film),2026-06-20T13:50:25+00:00
1026,So Dear to My Heart (1949),So Dear to My Heart,1949,https://en.wikipedia.org/wiki/Special:FilePath/So_Dear_to_My_Heart_poster.jpg,wikipedia-infobox,1665781,So Dear to My Heart,2026-06-20T13:50:26+00:00
1027,Robin Hood: Prince of Thieves (1991),Robin Hood: Prince of Thieves,1991,https://en.wikipedia.org/wiki/Special:FilePath/Robin_hood_1991.jpg,wikipedia-infobox,261402,Robin Hood: Prince of Thieves,2026-06-20T13:50:26+00:00
1028,Mary Poppins (1964),Mary Poppins,1964,https://en.wikipedia.org/wiki/Special:FilePath/Marypoppins.jpg,wikipedia-infobox,77856,Mary Poppins (film),2026-06-20T13:50:25+00:00
1029,Dumbo (1941),Dumbo,1941,https://en.wikipedia.org/wiki/Special:FilePath/Dumbo-1941-poster.jpg,wikipedia-infobox,172299,Dumbo,2026-06-20T13:50:25+00:00
1030,Pete's Dragon (1977),Pete's Dragon,1977,https://en.wikipedia.org/wiki/Special:FilePath/Petes_Dragon_movie_poster.jpg,wikipedia-infobox,358367,Pete's Dragon (1977 film),2026-06-20T13:50:25+00:00
1031,Bedknobs and Broomsticks (1971),Bedknobs and Broomsticks,1971,https://en.wikipedia.org/wiki/Special:FilePath/Bedknobs_and_Broomsticks_poster.jpg,wikipedia-infobox,357525,Bedknobs and Broomsticks,2026-06-20T13:50:26+00:00
1032,Alice in Wonderland (1951),Alice in Wonderland,1951,https://en.wikipedia.org/wiki/Special:FilePath/Alice_in_Wonderland_%281951_film%29_poster.jpg,wikipedia-infobox,769066,Alice in Wonderland (1951 film),2026-06-20T13:50:25+00:00
1033,"Fox and the Hound, The (1981)","Fox and the Hound, The",1981,https://en.wikipedia.org/wiki/Special:FilePath/The_Fox_and_the_Hound.jpg,wikipedia-infobox,1371138,The Fox and the Hound,2026-06-20T18:46:21+00:00
1034,Freeway (1996),Freeway,1996,https://en.wikipedia.org/wiki/Special:FilePath/Freeway1996poster.jpg,wikipedia-infobox,854942,Freeway (1996 film),2026-06-20T18:46:21+00:00
1035,"Sound of Music, The (1965)","Sound of Music, The",1965,https://en.wikipedia.org/wiki/Special:FilePath/Sound_of_music.jpg,wikipedia-infobox,4836239,The Sound of Music (film),2026-06-20T18:46:21+00:00
1036,Die Hard (1988),Die Hard,1988,https://en.wikipedia.org/wiki/Special:FilePath/Die_Hard_%281988_film%29_poster.jpg,wikipedia-infobox,97646,Die Hard,2026-06-20T18:46:22+00:00
1037,"Lawnmower Man, The (1992)","Lawnmower Man, The",1992,https://en.wikipedia.org/wiki/Special:FilePath/Lawnmower_Man.jpg,wikipedia-infobox,672934,The Lawnmower Man (film),2026-06-20T18:46:21+00:00
1038,Unhook the Stars (1996),Unhook the Stars,1996,https://en.wikipedia.org/wiki/Special:FilePath/Unhook_the_stars.jpg,wikipedia-infobox,6953656,Unhook the Stars,2026-06-20T18:46:22+00:00
1039,Synthetic Pleasures (1995),Synthetic Pleasures,1995,https://m.media-amazon.com/images/M/MV5BNjlkMTI4NjQtNjg1MS00ZGViLThjZGItM2RmYmVjMTc3ZTFkXkEyXkFqcGc@._V1_.jpg,imdb-suggest,tt0114597,Synthetic Pleasures,2026-06-21T07:12:32+00:00
1040,"Secret Agent, The (1996)","Secret Agent, The",1996,https://en.wikipedia.org/wiki/Special:FilePath/The_Secret_Agent_%28film%29.jpg,wikipedia-infobox,36229856,The Secret Agent (1996 film),2026-06-20T18:46:21+00:00
1041,Secrets & Lies (1996),Secrets & Lies,1996,https://en.wikipedia.org/wiki/Special:FilePath/Secrets-and-lies-movie-poster-1996-UK.jpg,wikipedia-infobox,612866,Secrets & Lies (film),2026-06-20T18:46:22+00:00
1042,That Thing You Do! (1996),That Thing You Do!,1996,https://en.wikipedia.org/wiki/Special:FilePath/That_Thing_You_Do%21_film_poster.jpg,wikipedia-infobox,102026,That Thing You Do!,2026-06-20T18:46:22+00:00
1043,To Gillian on Her 37th Birthday (1996),To Gillian on Her 37th Birthday,1996,https://en.wikipedia.org/wiki/Special:FilePath/Thirty_seventh_birthday.jpg,wikipedia-infobox,2982322,To Gillian on Her 37th Birthday,2026-06-20T18:46:22+00:00
1044,Surviving Picasso (1996),Surviving Picasso,1996,https://en.wikipedia.org/wiki/Special:FilePath/Surviving_Picasso_film_poster.jpg,wikipedia-infobox,2571942,Surviving Picasso,2026-06-20T18:46:22+00:00
1046,Beautiful Thing (1996),Beautiful Thing,1996,https://en.wikipedia.org/wiki/Special:FilePath/Beautiful_Thing_%281996_film%29_poster.jpg,wikipedia-infobox,34043061,Beautiful Thing (film),2026-06-20T18:46:22+00:00
1047,"Long Kiss Goodnight, The (1996)","Long Kiss Goodnight, The",1996,https://en.wikipedia.org/wiki/Special:FilePath/Long_kiss_goodnight_ver1.jpg,wikipedia-infobox,690042,The Long Kiss Goodnight,2026-06-20T18:46:22+00:00
1049,"Ghost and the Darkness, The (1996)","Ghost and the Darkness, The",1996,https://en.wikipedia.org/wiki/Special:FilePath/Ghostandthedarkness.jpg,wikipedia-infobox,515151,The Ghost and the Darkness,2026-06-20T18:46:22+00:00
1050,Looking for Richard (1996),Looking for Richard,1996,https://en.wikipedia.org/wiki/Special:FilePath/Looking_for_richard.jpg,wikipedia-infobox,1746454,Looking for Richard,2026-06-20T18:46:22+00:00
1051,Trees Lounge (1996),Trees Lounge,1996,https://en.wikipedia.org/wiki/Special:FilePath/Trees_Lounge_film_poster.png,wikipedia-infobox,2547388,Trees Lounge,2026-06-20T18:46:22+00:00
1053,Normal Life (1996),Normal Life,1996,https://en.wikipedia.org/wiki/Special:FilePath/Normal_Life.jpg,wikipedia-infobox,12883423,Normal Life,2026-06-20T18:46:25+00:00
1054,Get on the Bus (1996),Get on the Bus,1996,https://en.wikipedia.org/wiki/Special:FilePath/Get_on_the_Bus.jpg,wikipedia-infobox,4770345,Get on the Bus,2026-06-20T18:46:25+00:00
1055,Shadow Conspiracy (1997),Shadow Conspiracy,1997,https://en.wikipedia.org/wiki/Special:FilePath/Shadow_conspiracy_post.jpg,wikipedia-infobox,5112304,Shadow Conspiracy,2026-06-20T18:46:25+00:00
1056,Jude (1996),Jude,1996,https://en.wikipedia.org/wiki/Special:FilePath/Jude_Poster.jpg,wikipedia-infobox,286836,Jude (film),2026-06-20T18:46:25+00:00
1057,Everyone Says I Love You (1996),Everyone Says I Love You,1996,https://en.wikipedia.org/wiki/Special:FilePath/Everyone_Says_I_Love_You_Poster.jpg,wikipedia-infobox,42225,Everyone Says I Love You,2026-06-20T18:46:25+00:00
1058,Bitter Sugar (Azucar Amargo) (1996),Bitter Sugar (Azucar Amargo),1996,https://en.wikipedia.org/wiki/Special:FilePath/Az%C3%BAcar_amarga.jpg,wikipedia-infobox,38143968,Azúcar Amarga,2026-06-20T20:34:03+00:00
1059,William Shakespeare's Romeo and Juliet (1996),William Shakespeare's Romeo and Juliet,1996,https://en.wikipedia.org/wiki/Special:FilePath/William_shakespeares_romeo_and_juliet_movie_poster.jpg,wikipedia-infobox,202652,Romeo + Juliet,2026-06-20T18:46:25+00:00
1060,Swingers (1996),Swingers,1996,https://en.wikipedia.org/wiki/Special:FilePath/Swingers_ver2.jpg,wikipedia-infobox,344978,Swingers (1996 film),2026-06-20T18:46:24+00:00
1061,Sleepers (1996),Sleepers,1996,https://en.wikipedia.org/wiki/Special:FilePath/Sleepers_%28movie_poster%29.jpg,wikipedia-infobox,725103,Sleepers (film),2026-06-20T18:46:25+00:00
1062,"Sunchaser, The (1996)","Sunchaser, The",1996,https://en.wikipedia.org/wiki/Special:FilePath/Sunchaser-Theatrical_Poster.jpg,wikipedia-infobox,2823903,The Sunchaser,2026-06-20T18:46:25+00:00
1063,Johns (1996),Johns,1996,https://en.wikipedia.org/wiki/Special:FilePath/Johns-scott-silver.jpg,wikipedia-infobox,7534925,Johns (film),2026-06-20T18:46:25+00:00
1064,Aladdin and the King of Thieves (1996),Aladdin and the King of Thieves,1996,https://en.wikipedia.org/wiki/Special:FilePath/Aladdin_and_the_King_of_Thieves_VHS.jpg,wikipedia-infobox,358688,Aladdin and the King of Thieves,2026-06-20T18:46:25+00:00
1066,Shall We Dance? (1937),Shall We Dance?,1937,https://m.media-amazon.com/images/M/MV5BYTE2YjFjNDUtZDZiNy00ZjQ3LWFkMDktNWIyNTAwZGU1YzVhXkEyXkFqcGc@._V1_.jpg,imdb-suggest,tt0029546,Shall We Dance,2026-06-21T07:12:33+00:00
1067,"Damsel in Distress, A (1937)","Damsel in Distress, A",1937,https://en.wikipedia.org/wiki/Special:FilePath/A-Damsel-in-Distress-1937.jpg,wikipedia-infobox,2592742,A Damsel in Distress (1937 film),2026-06-20T18:46:24+00:00
1068,Crossfire (1947),Crossfire,1947,https://en.wikipedia.org/wiki/Special:FilePath/CrossfirePoster2.jpg,wikipedia-infobox,42106,Crossfire (film),2026-06-20T18:46:24+00:00
1069,"Murder, My Sweet (1944)","Murder, My Sweet",1944,https://en.wikipedia.org/wiki/Special:FilePath/SweetPoster.jpg,wikipedia-infobox,1197558,"Murder, My Sweet",2026-06-20T18:46:25+00:00
1070,Macao (1952),Macao,1952,https://en.wikipedia.org/wiki/Special:FilePath/MacaoPoster.jpg,wikipedia-infobox,2200771,Macao (1952 film),2026-06-20T18:46:24+00:00
1071,For the Moment (1994),For the Moment,1994,https://en.wikipedia.org/wiki/Special:FilePath/For_the_Moment.jpg,wikipedia-infobox,33629922,For the Moment (film),2026-06-20T18:46:25+00:00
1073,Willy Wonka and the Chocolate Factory (1971),Willy Wonka and the Chocolate Factory,1971,https://en.wikipedia.org/wiki/Special:FilePath/WillyWonkaMoviePoster.jpg,wikipedia-infobox,174560,Willy Wonka & the Chocolate Factory,2026-06-20T18:46:25+00:00
1076,"Innocents, The (1961)","Innocents, The",1961,https://en.wikipedia.org/wiki/Special:FilePath/The_Innocents_%281961_film%29.jpg,wikipedia-infobox,1899307,The Innocents (1961 film),2026-06-20T18:46:24+00:00
1077,Sleeper (1973),Sleeper,1973,https://en.wikipedia.org/wiki/Special:FilePath/Sleeper_ver1.jpg,wikipedia-infobox,586740,Sleeper (1973 film),2026-06-20T18:48:03+00:00
1078,Bananas (1971),Bananas,1971,https://en.wikipedia.org/wiki/Special:FilePath/Bananavarieties.jpg,wikipedia-infobox,38940,Banana,2026-06-20T18:48:04+00:00
1079,"Fish Called Wanda, A (1988)","Fish Called Wanda, A",1988,https://en.wikipedia.org/wiki/Special:FilePath/A_Fish_Called_Wanda_poster.jpg,wikipedia-infobox,308898,A Fish Called Wanda,2026-06-20T18:48:04+00:00
1080,Monty Python's Life of Brian (1979),Monty Python's Life of Brian,1979,https://en.wikipedia.org/wiki/Special:FilePath/Lifeofbrianfilmposter.jpg,wikipedia-infobox,17920,Monty Python's Life of Brian,2026-06-20T18:48:04+00:00
1081,Victor/Victoria (1982),Victor/Victoria,1982,https://en.wikipedia.org/wiki/Special:FilePath/Victor_Victoria_%281982_film%29.jpg,wikipedia-infobox,242525,Victor/Victoria,2026-06-20T18:48:04+00:00
1082,"Candidate, The (1972)","Candidate, The",1972,https://en.wikipedia.org/wiki/Special:FilePath/Candidateposter.jpg,wikipedia-infobox,3232438,The Candidate (1972 film),2026-06-20T18:48:03+00:00
1083,"Great Race, The (1965)","Great Race, The",1965,https://en.wikipedia.org/wiki/Special:FilePath/GreatRace.jpg,wikipedia-infobox,265891,The Great Race,2026-06-20T18:48:04+00:00
1084,Bonnie and Clyde (1967),Bonnie and Clyde,1967,https://en.wikipedia.org/wiki/Special:FilePath/Bonnie_Parker_and_Clyde_Barrow.jpg,wikipedia-infobox,68244,Bonnie and Clyde,2026-06-20T18:48:04+00:00
1085,"Old Man and the Sea, The (1958)","Old Man and the Sea, The",1958,https://en.wikipedia.org/wiki/Special:FilePath/The_Old_Man_and_the_Sea_%281958_film%29.jpg,wikipedia-infobox,15912142,The Old Man and the Sea (1958 film),2026-06-20T18:48:03+00:00
1086,Dial M for Murder (1954),Dial M for Murder,1954,https://en.wikipedia.org/wiki/Special:FilePath/Dial_M_For_Murder.jpg,wikipedia-infobox,77223,Dial M for Murder,2026-06-20T18:48:04+00:00
1087,Madame Butterfly (1995),Madame Butterfly,1995,https://en.wikipedia.org/wiki/Special:FilePath/madame-butterfly.jpg,wikipedia-infobox,62496378,Madame Butterfly (1995 film),2026-06-20T18:48:03+00:00
1088,Dirty Dancing (1987),Dirty Dancing,1987,https://en.wikipedia.org/wiki/Special:FilePath/Dirty_Dancing.jpg,wikipedia-infobox,680361,Dirty Dancing,2026-06-20T18:48:03+00:00
1089,Reservoir Dogs (1992),Reservoir Dogs,1992,https://en.wikipedia.org/wiki/Special:FilePath/Reservoir_Dogs.png,wikipedia-infobox,297111,Reservoir Dogs,2026-06-20T18:48:04+00:00
1090,Platoon (1986),Platoon,1986,https://en.wikipedia.org/wiki/Special:FilePath/Platoon_posters_86.jpg,wikipedia-infobox,113460,Platoon (film),2026-06-20T18:48:04+00:00
1091,Weekend at Bernie's (1989),Weekend at Bernie's,1989,https://en.wikipedia.org/wiki/Special:FilePath/Weekend_at_Bernies.jpg,wikipedia-infobox,1235519,Weekend at Bernie's,2026-06-20T18:48:04+00:00
1092,Basic Instinct (1992),Basic Instinct,1992,https://en.wikipedia.org/wiki/Special:FilePath/Basic_Instinct.png,wikipedia-infobox,481649,Basic Instinct,2026-06-20T18:48:04+00:00
1093,"Doors, The (1991)","Doors, The",1991,https://en.wikipedia.org/wiki/Special:FilePath/The_Doors_1968.JPG,wikipedia-infobox,29801,The Doors,2026-06-20T18:48:04+00:00
1094,"Crying Game, The (1992)","Crying Game, The",1992,https://en.wikipedia.org/wiki/Special:FilePath/Crying_game_poster.jpg,wikipedia-infobox,30581,The Crying Game,2026-06-20T18:48:04+00:00
1095,Glengarry Glen Ross (1992),Glengarry Glen Ross,1992,https://en.wikipedia.org/wiki/Special:FilePath/Glengarry_Glen_Ross_Poster.jpg,wikipedia-infobox,589722,Glengarry Glen Ross,2026-06-20T18:48:04+00:00
1096,Sophie's Choice (1982),Sophie's Choice,1982,https://en.wikipedia.org/wiki/Special:FilePath/Sophie%27s_Choice1.jpg,wikipedia-infobox,4016437,Sophie's Choice (film),2026-06-20T18:48:04+00:00
1097,E.T. the Extra-Terrestrial (1982),E.T. the Extra-Terrestrial,1982,https://en.wikipedia.org/wiki/Special:FilePath/E_t_the_extra_terrestrial_ver3.jpg,wikipedia-infobox,73441,E.T. the Extra-Terrestrial,2026-06-20T18:48:07+00:00
1098,"Search for One-eye Jimmy, The (1996)","Search for One-eye Jimmy, The",1996,https://m.media-amazon.com/images/M/MV5BNGVhNGNhNzMtN2Y4NS00NGM1LTliMzAtY2M1MzQ0MzcyYWNlXkEyXkFqcGc@._V1_.jpg,imdb-suggest,tt0117577,The Search for One-eye Jimmy,2026-06-21T07:25:22+00:00
1099,"Christmas Carol, A (1938)","Christmas Carol, A",1938,https://en.wikipedia.org/wiki/Special:FilePath/A_Christmas_Carol_1938_film.jpg,wikipedia-infobox,1298541,A Christmas Carol (1938 film),2026-06-20T18:48:06+00:00
1100,Days of Thunder (1990),Days of Thunder,1990,https://en.wikipedia.org/wiki/Special:FilePath/Days_of_Thunder.png,wikipedia-infobox,651322,Days of Thunder,2026-06-20T18:48:07+00:00
1101,Top Gun (1986),Top Gun,1986,https://en.wikipedia.org/wiki/Special:FilePath/Top_Gun_Movie.jpg,wikipedia-infobox,179825,Top Gun,2026-06-20T18:48:07+00:00
1102,American Strays (1996),American Strays,1996,https://en.wikipedia.org/wiki/Special:FilePath/American_Strays_DVD_Cover.jpg,wikipedia-infobox,31953707,American Strays,2026-06-20T18:48:07+00:00
1103,Rebel Without a Cause (1955),Rebel Without a Cause,1955,https://en.wikipedia.org/wiki/Special:FilePath/Rebel_Without_a_Cause_%281955_poster%29.jpg,wikipedia-infobox,76040,Rebel Without a Cause,2026-06-20T18:48:07+00:00
1104,"Streetcar Named Desire, A (1951)","Streetcar Named Desire, A",1951,https://en.wikipedia.org/wiki/Special:FilePath/A_Streetcar_Named_Desire_%281951%29.jpg,wikipedia-infobox,3367826,A Streetcar Named Desire (1951 film),2026-06-20T18:48:06+00:00
1105,Children of the Corn IV: The Gathering (1996),Children of the Corn IV: The Gathering,1996,https://en.wikipedia.org/wiki/Special:FilePath/childrenofthecorn4.jpg,wikipedia-infobox,3051597,Children of the Corn IV: The Gathering,2026-06-20T18:48:07+00:00
1107,Loser (1991),Loser,1991,https://media.themoviedb.org/t/p/original/vKTbNXcOE7oVYJTPBFGTNVmrm04.jpg,manual-curated,tmdb-web:loser,Loser,2026-06-21T07:45:33+00:00
1111,Microcosmos (Microcosmos: Le peuple de l'herbe) (1996),Microcosmos (Microcosmos: Le peuple de l'herbe),1996,https://en.wikipedia.org/wiki/Special:FilePath/Microcosmos.jpg,wikipedia-infobox,3078123,Microcosmos (film),2026-06-20T20:34:07+00:00
1112,Palookaville (1996),Palookaville,1996,https://en.wikipedia.org/wiki/Special:FilePath/Palookaville.jpg,wikipedia-infobox,4576054,Palookaville (film),2026-06-20T18:48:07+00:00
1113,"Associate, The (1996)","Associate, The",1996,https://en.wikipedia.org/wiki/Special:FilePath/Associate_ver2.jpg,wikipedia-infobox,2899225,The Associate (1996 film),2026-06-20T18:48:06+00:00
1114,"Funeral, The (1996)","Funeral, The",1996,https://en.wikipedia.org/wiki/Special:FilePath/The_Funeral_movie_poster.jpg,wikipedia-infobox,612656,The Funeral (1996 film),2026-06-20T18:48:06+00:00
1115,Sleepover (1995),Sleepover,1995,https://en.wikipedia.org/wiki/Special:FilePath/Sleepover.jpg,wikipedia-infobox,871013,Sleepover (film),2026-06-20T18:48:07+00:00
1116,"Single Girl, A (La Fille Seule) (1995)","Single Girl, A (La Fille Seule)",1995,https://en.wikipedia.org/wiki/Special:FilePath/A_Single_Girl.jpg,wikipedia-infobox,1828769,A Single Girl,2026-06-20T20:34:07+00:00
1117,"Eighth Day, The (Le Huitième jour ) (1996)","Eighth Day, The (Le Huitième jour )",1996,https://en.wikipedia.org/wiki/Special:FilePath/Le_Huitieme_Jour.jpg,wikipedia-infobox,4631300,The Eighth Day (1996 film),2026-06-20T20:34:05+00:00
1118,Tashunga (1995),Tashunga,1995,https://upload.wikimedia.org/wikipedia/en/0/0f/NorthStar1996.jpg,manual-curated,wikipedia:North_Star_(1996_film),North Star,2026-06-21T07:45:33+00:00
1119,Drunks (1997),Drunks,1997,https://m.media-amazon.com/images/M/MV5BNzc3ODE3MTgtYjgxZS00MWE2LThlMDMtYWVlOTA2MjlkNWU2XkEyXkFqcGc@._V1_.jpg,imdb-suggest,tt0112907,Drunks,2026-06-21T07:25:22+00:00
1120,"People vs. Larry Flynt, The (1996)","People vs. Larry Flynt, The",1996,https://en.wikipedia.org/wiki/Special:FilePath/People_vs_larry_flynt_poster.jpg,wikipedia-infobox,171540,The People vs. Larry Flynt,2026-06-20T18:48:07+00:00
1121,Glory Daze (1996),Glory Daze,1996,https://en.wikipedia.org/wiki/Special:FilePath/Glory_Daze_film_poster_1996.jpg,wikipedia-infobox,2094965,Glory Daze (film),2026-06-20T18:48:10+00:00
1123,"Perfect Candidate, A (1996)","Perfect Candidate, A",1996,https://en.wikipedia.org/wiki/Special:FilePath/A_Perfect_Candidate_film_poster.jpg,wikipedia-infobox,37997754,A Perfect Candidate,2026-06-20T18:48:10+00:00
1124,On Golden Pond (1981),On Golden Pond,1981,https://en.wikipedia.org/wiki/Special:FilePath/On_golden_pond.jpg,wikipedia-infobox,15119799,On Golden Pond (1981 film),2026-06-20T18:48:09+00:00
1125,"Return of the Pink Panther, The (1974)","Return of the Pink Panther, The",1974,https://en.wikipedia.org/wiki/Special:FilePath/The_Return_of_the_Pink_Panther_poster.jpg,wikipedia-infobox,1721159,The Return of the Pink Panther,2026-06-20T18:48:10+00:00
1126,Drop Dead Fred (1991),Drop Dead Fred,1991,https://en.wikipedia.org/wiki/Special:FilePath/Drop_dead_fred_ver1.jpg,wikipedia-infobox,927401,Drop Dead Fred,2026-06-20T18:48:10+00:00
1127,"Abyss, The (1989)","Abyss, The",1989,https://en.wikipedia.org/wiki/Special:FilePath/TheAbyss.jpg,wikipedia-infobox,45568,The Abyss,2026-06-20T18:48:09+00:00
1128,"Fog, The (1980)","Fog, The",1980,https://en.wikipedia.org/wiki/Special:FilePath/TheFog.1980TheatricalPoster.jpg,wikipedia-infobox,1443093,The Fog,2026-06-20T18:48:09+00:00
1129,Escape from New York (1981),Escape from New York,1981,https://en.wikipedia.org/wiki/Special:FilePath/EscapefromNYposter.jpg,wikipedia-infobox,9835,Escape from New York,2026-06-20T18:48:10+00:00
1130,"Howling, The (1980)","Howling, The",1980,https://en.wikipedia.org/wiki/Special:FilePath/The_Howling_-_1977_first_edition_cover.jpg,wikipedia-infobox,5578822,The Howling,2026-06-20T18:48:10+00:00
1131,Jean de Florette (1986),Jean de Florette,1986,https://en.wikipedia.org/wiki/Special:FilePath/Jean_de_Florette.jpg,wikipedia-infobox,1047407,Jean de Florette,2026-06-20T18:48:10+00:00
1132,Manon of the Spring (Manon des sources) (1986),Manon of the Spring (Manon des sources),1986,https://en.wikipedia.org/wiki/Special:FilePath/Manon_des_Sources_ver2.jpg,wikipedia-infobox,1047447,Manon of the Spring (1986 film),2026-06-20T20:34:05+00:00
1133,Talking About Sex (1994),Talking About Sex,1994,https://m.media-amazon.com/images/M/MV5BNWYwZTQyMzEtMjAwNi00NGRiLWJkMzItZDA4ZDkxODRiYzA5XkEyXkFqcGc@._V1_.jpg,imdb-suggest,tt0111357,Talking About Sex,2026-06-21T07:12:41+00:00
1134,Johnny 100 Pesos (1993),Johnny 100 Pesos,1993,https://en.wikipedia.org/wiki/Special:FilePath/Johnny_100_Pesos.jpg,wikipedia-infobox,47002779,Johnny 100 Pesos,2026-06-20T18:48:10+00:00
1135,Private Benjamin (1980),Private Benjamin,1980,https://en.wikipedia.org/wiki/Special:FilePath/Private_Benjamin_%281980_film%29_poster.jpg,wikipedia-infobox,240371,Private Benjamin (1980 film),2026-06-20T18:48:09+00:00
1136,Monty Python and the Holy Grail (1974),Monty Python and the Holy Grail,1974,https://en.wikipedia.org/wiki/Special:FilePath/Monty-Python-1975-poster.png,wikipedia-infobox,19701,Monty Python and the Holy Grail,2026-06-20T18:48:10+00:00
1138,Dadetown (1995),Dadetown,1995,https://m.media-amazon.com/images/M/MV5BZmIwZjdmNDctMGVlOS00MjA3LTkzNTktYWRlYmI2ZjM0N2MyXkEyXkFqcGc@._V1_.jpg,imdb-suggest,tt0112777,Dadetown,2026-06-21T07:12:42+00:00
1139,Everything Relative (1996),Everything Relative,1996,https://en.wikipedia.org/wiki/Special:FilePath/Everythingrelativefilm.png,wikipedia-infobox,50633627,Everything Relative,2026-06-20T18:48:10+00:00
1142,Get Over It (1996),Get Over It,1996,https://en.wikipedia.org/wiki/Special:FilePath/Get_Over_It_Poster.jpg,wikipedia-infobox,1506960,Get Over It (film),2026-06-20T18:48:10+00:00
1144,"Line King: Al Hirschfeld, The (1996)","Line King: Al Hirschfeld, The",1996,https://m.media-amazon.com/images/M/MV5BMjE5MTMwMDY5NV5BMl5BanBnXkFtZTcwMDMwOTUyMQ@@._V1_.jpg,imdb-suggest,tt0116886,The Line King: The Al Hirschfeld Story,2026-06-21T07:12:44+00:00
1145,Snowriders (1996),Snowriders,1996,https://m.media-amazon.com/images/M/MV5BNjM0MzY3NjU2MF5BMl5BanBnXkFtZTcwMzU5MTEyMQ@@._V1_.jpg,imdb-suggest,tt0117677,Snowriders,2026-06-21T07:12:45+00:00
1147,When We Were Kings (1996),When We Were Kings,1996,https://en.wikipedia.org/wiki/Special:FilePath/When_We_Were_Kings_DVD_Cover_art.jpg,wikipedia-infobox,744312,When We Were Kings,2026-06-20T18:49:02+00:00
1148,"Wrong Trousers, The (1993)","Wrong Trousers, The",1993,https://en.wikipedia.org/wiki/Special:FilePath/WallaceandGromitinTheWrongTrousers.jpg,wikipedia-infobox,896237,The Wrong Trousers,2026-06-20T18:49:02+00:00
1149,JLG/JLG - autoportrait de décembre (1994),JLG/JLG - autoportrait de décembre,1994,https://m.media-amazon.com/images/M/MV5BOTYwZjA2OTgtOGEwZC00M2VkLTllZTUtYmU5YzIyMWFlNTc5XkEyXkFqcGc@._V1_.jpg,imdb-suggest,tt0110173,JLG/JLG: Self-Portrait in December,2026-06-21T07:12:46+00:00
1150,"Return of Martin Guerre, The (Retour de Martin Guerre, Le) (1982)","Return of Martin Guerre, The (Retour de Martin Guerre, Le)",1982,https://en.wikipedia.org/wiki/Special:FilePath/Le_retour_de_Martin_Guerre.jpg,wikipedia-infobox,1411271,The Return of Martin Guerre,2026-06-20T20:34:07+00:00
1151,Faust (1994),Faust,1994,https://en.wikipedia.org/wiki/Special:FilePath/Faust1994poster.jpg,wikipedia-infobox,1552798,Faust (1994 film),2026-06-20T18:48:12+00:00
1152,He Walked by Night (1948),He Walked by Night,1948,https://en.wikipedia.org/wiki/Special:FilePath/He_Walked_by_Night_poster.jpg,wikipedia-infobox,2339194,He Walked by Night,2026-06-20T18:49:02+00:00
1153,Raw Deal (1948),Raw Deal,1948,https://en.wikipedia.org/wiki/Special:FilePath/RawDealPoster2.jpg,wikipedia-infobox,2061037,Raw Deal (1948 film),2026-06-20T18:48:12+00:00
1154,T-Men (1947),T-Men,1947,https://en.wikipedia.org/wiki/Special:FilePath/T_Men_poster.jpg,wikipedia-infobox,2338179,T-Men,2026-06-20T18:49:02+00:00
1160,Six of a Kind (1934),Six of a Kind,1934,https://en.wikipedia.org/wiki/Special:FilePath/Six_of_a_Kind_lobby_card.jpg,wikipedia-infobox,32968380,Six of a Kind,2026-06-20T18:49:02+00:00
1161,"Tin Drum, The (Blechtrommel, Die) (1979)","Tin Drum, The (Blechtrommel, Die)",1979,https://en.wikipedia.org/wiki/Special:FilePath/Die_Blechtrommel.jpg,wikipedia-infobox,8073610,The Tin Drum (film),2026-06-20T20:35:02+00:00
1162,"Ruling Class, The (1972)","Ruling Class, The",1972,https://en.wikipedia.org/wiki/Special:FilePath/1972_Peter_Medak_film_The_Ruling_Class_distribution_poster_U.S.jpg,wikipedia-infobox,163440,The Ruling Class (film),2026-06-20T18:49:03+00:00
1163,Mina Tannenbaum (1994),Mina Tannenbaum,1994,https://en.wikipedia.org/wiki/Special:FilePath/Affiche-MinaTannenbaum.jpg,wikipedia-infobox,12698154,Mina Tannenbaum,2026-06-20T18:49:02+00:00
1164,Two or Three Things I Know About Her (1966),Two or Three Things I Know About Her,1966,https://en.wikipedia.org/wiki/Special:FilePath/TwoorthreethingsPoster.jpg,wikipedia-infobox,1608743,Two or Three Things I Know About Her,2026-06-20T18:49:02+00:00
1165,"Bloody Child, The (1996)","Bloody Child, The",1996,https://m.media-amazon.com/images/M/MV5BMTQ4OTI1MTMwN15BMl5BanBnXkFtZTcwNTQ3MjUzMQ@@._V1_.jpg,imdb-suggest,tt0115715,The Bloody Child,2026-06-21T07:12:48+00:00
1167,Dear God (1996),Dear God,1996,https://en.wikipedia.org/wiki/Special:FilePath/Dear_god_poster.jpg,wikipedia-infobox,5649246,Dear God (film),2026-06-20T18:49:03+00:00
1168,Bad Moon (1996),Bad Moon,1996,https://en.wikipedia.org/wiki/Special:FilePath/Bad_Moon_1996_poster.jpg,wikipedia-infobox,2833493,Bad Moon,2026-06-20T18:49:02+00:00
1169,American Dream (1990),American Dream,1990,https://en.wikipedia.org/wiki/Special:FilePath/American_Dream_%28film%29.jpg,wikipedia-infobox,2906780,American Dream (film),2026-06-20T18:48:12+00:00
1170,Best of the Best 3: No Turning Back (1995),Best of the Best 3: No Turning Back,1995,https://en.wikipedia.org/wiki/Special:FilePath/Best_of_the_Best_3.jpg,wikipedia-infobox,7567578,Best of the Best 3: No Turning Back,2026-06-20T18:49:02+00:00
1171,Bob Roberts (1992),Bob Roberts,1992,https://en.wikipedia.org/wiki/Special:FilePath/Bob_roberts_poster.jpg,wikipedia-infobox,910628,Bob Roberts,2026-06-20T18:49:02+00:00
1172,Cinema Paradiso (1988),Cinema Paradiso,1988,https://en.wikipedia.org/wiki/Special:FilePath/CinemaParadiso.jpg,wikipedia-infobox,1249349,Cinema Paradiso,2026-06-20T18:49:02+00:00
1173,"Cook the Thief His Wife & Her Lover, The (1989)","Cook the Thief His Wife & Her Lover, The",1989,https://en.wikipedia.org/wiki/Special:FilePath/Cookloverwifethief.jpg,wikipedia-infobox,1815970,"The Cook, the Thief, His Wife & Her Lover",2026-06-20T18:49:06+00:00
1174,Grosse Fatigue (1994),Grosse Fatigue,1994,https://en.wikipedia.org/wiki/Special:FilePath/Grosse_Fatigue.jpg,wikipedia-infobox,24121593,Dead Tired,2026-06-20T18:49:06+00:00
1175,Delicatessen (1991),Delicatessen,1991,https://en.wikipedia.org/wiki/Special:FilePath/Delicatessen2.jpg,wikipedia-infobox,451109,Delicatessen (1991 film),2026-06-20T18:49:04+00:00
1176,"Double Life of Veronique, The (La Double Vie de Véronique) (1991)","Double Life of Veronique, The (La Double Vie de Véronique)",1991,https://en.wikipedia.org/wiki/Special:FilePath/The_Double_Life_of_V%C3%A9ronique.jpg,wikipedia-infobox,733176,The Double Life of Veronique,2026-06-20T20:34:08+00:00
1177,Enchanted April (1991),Enchanted April,1991,https://en.wikipedia.org/wiki/Special:FilePath/Enchantedapril.jpg,wikipedia-infobox,782794,Enchanted April (1991 film),2026-06-20T13:52:18+00:00
1178,Paths of Glory (1957),Paths of Glory,1957,https://en.wikipedia.org/wiki/Special:FilePath/Paths_of_Glory_%281957_poster%29.jpg,wikipedia-infobox,23255,Paths of Glory,2026-06-20T13:52:19+00:00
1179,"Grifters, The (1990)","Grifters, The",1990,https://en.wikipedia.org/wiki/Special:FilePath/TheGrifters.jpg,wikipedia-infobox,770184,The Grifters (film),2026-06-20T13:52:20+00:00
1180,Hear My Song (1991),Hear My Song,1991,https://en.wikipedia.org/wiki/Special:FilePath/Hear_My_Song_1991.jpg,wikipedia-infobox,2328289,Hear My Song,2026-06-20T13:52:19+00:00
1181,"Shooter, The (1995)","Shooter, The",1995,https://en.wikipedia.org/wiki/Special:FilePath/TheShooter95.jpg,wikipedia-infobox,19442011,The Shooter (1995 film),2026-06-20T13:52:18+00:00
1183,"English Patient, The (1996)","English Patient, The",1996,https://en.wikipedia.org/wiki/Special:FilePath/Englishpatient.jpg,wikipedia-infobox,44005,The English Patient,2026-06-20T13:52:19+00:00
1184,Mediterraneo (1991),Mediterraneo,1991,https://en.wikipedia.org/wiki/Special:FilePath/Mediterraneo_sheet.jpg,wikipedia-infobox,5049873,Mediterraneo,2026-06-20T13:52:19+00:00
1185,My Left Foot (1989),My Left Foot,1989,https://en.wikipedia.org/wiki/Special:FilePath/My_Left_Foot.jpg,wikipedia-infobox,129542,My Left Foot,2026-06-20T13:52:19+00:00
1186,"Sex, Lies, and Videotape (1989)","Sex, Lies, and Videotape",1989,https://en.wikipedia.org/wiki/Special:FilePath/Sex_Lies_and_Videotape.jpg,wikipedia-infobox,384990,"Sex, Lies, and Videotape",2026-06-20T13:52:19+00:00
1187,Passion Fish (1992),Passion Fish,1992,https://en.wikipedia.org/wiki/Special:FilePath/Passion_Fish.jpg,wikipedia-infobox,770300,Passion Fish,2026-06-20T13:52:19+00:00
1188,Strictly Ballroom (1992),Strictly Ballroom,1992,https://en.wikipedia.org/wiki/Special:FilePath/Strictly-ballroom-movie-poster-1992-australian.jpg,wikipedia-infobox,542202,Strictly Ballroom,2026-06-20T13:52:19+00:00
1189,"Thin Blue Line, The (1988)","Thin Blue Line, The",1988,https://en.wikipedia.org/wiki/Special:FilePath/The_Thin_Blue_Line_poster.jpg,wikipedia-infobox,597576,The Thin Blue Line (1988 film),2026-06-20T13:52:18+00:00
1190,Tie Me Up! Tie Me Down! (1990),Tie Me Up! Tie Me Down!,1990,https://en.wikipedia.org/wiki/Special:FilePath/%C2%A1%C3%A1tame%21_poster.jpg,wikipedia-infobox,221489,Tie Me Up! Tie Me Down!,2026-06-20T13:52:19+00:00
1191,Madonna: Truth or Dare (1991),Madonna: Truth or Dare,1991,https://en.wikipedia.org/wiki/Special:FilePath/Madonna_-_Truth_or_Dare_%28poster%29.png,wikipedia-infobox,5461236,Madonna: Truth or Dare,2026-06-20T13:52:19+00:00
1192,Paris Is Burning (1990),Paris Is Burning,1990,https://en.wikipedia.org/wiki/Special:FilePath/Paris-is-burning-movie-poster-md.jpg,wikipedia-infobox,2406074,Paris Is Burning (film),2026-06-20T13:52:20+00:00
1193,One Flew Over the Cuckoo's Nest (1975),One Flew Over the Cuckoo's Nest,1975,https://en.wikipedia.org/wiki/Special:FilePath/One_Flew_Over_the_Cuckoo%27s_Nest_poster.jpg,wikipedia-infobox,21913863,One Flew Over the Cuckoo's Nest (film),2026-06-20T13:52:20+00:00
1194,Up in Smoke (1978),Up in Smoke,1978,https://en.wikipedia.org/wiki/Special:FilePath/Cheech_%26_Chong%27s_Up_in_Smoke.jpg,wikipedia-infobox,1274418,Up in Smoke,2026-06-20T13:52:18+00:00
1196,Star Wars: Episode V - The Empire Strikes Back (1980),Star Wars: Episode V - The Empire Strikes Back,1980,https://en.wikipedia.org/wiki/Special:FilePath/The_Empire_Strikes_Back_%281980_film%29.jpg,wikipedia-infobox,53964,The Empire Strikes Back,2026-06-20T13:52:19+00:00
1197,"Princess Bride, The (1987)","Princess Bride, The",1987,https://en.wikipedia.org/wiki/Special:FilePath/Princess_bride.jpg,wikipedia-infobox,31153,The Princess Bride,2026-06-20T13:52:19+00:00
1198,Raiders of the Lost Ark (1981),Raiders of the Lost Ark,1981,https://en.wikipedia.org/wiki/Special:FilePath/Raiders_of_the_Lost_Ark.jpg,wikipedia-infobox,54166,Raiders of the Lost Ark,2026-06-20T13:52:19+00:00
1199,Brazil (1985),Brazil,1985,https://en.wikipedia.org/wiki/Special:FilePath/Brazil_%281985_film%29_poster.jpg,wikipedia-infobox,74537,Brazil (1985 film),2026-06-20T13:52:18+00:00
1200,Aliens (1986),Aliens,1986,https://en.wikipedia.org/wiki/Special:FilePath/Aliens_poster.jpg,wikipedia-infobox,213472,Aliens (film),2026-06-20T13:52:18+00:00
1201,"Good, The Bad and The Ugly, The (1966)","Good, The Bad and The Ugly, The",1966,https://en.wikipedia.org/wiki/Special:FilePath/Good_the_bad_and_the_ugly_poster.jpg,wikipedia-infobox,31557,"The Good, the Bad and the Ugly",2026-06-20T13:52:19+00:00
1202,Withnail and I (1987),Withnail and I,1987,https://en.wikipedia.org/wiki/Special:FilePath/Withnail_and_i_poster.jpg,wikipedia-infobox,343404,Withnail and I,2026-06-20T13:52:19+00:00
1203,12 Angry Men (1957),12 Angry Men,1957,https://en.wikipedia.org/wiki/Special:FilePath/12_Angry_Men_%281957_film_poster%29.jpg,wikipedia-infobox,92605,12 Angry Men,2026-06-20T13:52:18+00:00
1204,Lawrence of Arabia (1962),Lawrence of Arabia,1962,https://en.wikipedia.org/wiki/Special:FilePath/Lawrence_of_arabia_ver3_xxlg.jpg,wikipedia-infobox,43452,Lawrence of Arabia (film),2026-06-20T20:19:01+00:00
1205,"Transformers: The Movie, The (1986)","Transformers: The Movie, The",1986,https://en.wikipedia.org/wiki/Special:FilePath/Transformers-movieposter-west.jpg,wikipedia-infobox,76515,The Transformers: The Movie,2026-06-20T13:52:19+00:00
1206,"Clockwork Orange, A (1971)","Clockwork Orange, A",1971,https://en.wikipedia.org/wiki/Special:FilePath/A_Clockwork_Orange_%281971%29.png,wikipedia-infobox,1659954,A Clockwork Orange (film),2026-06-20T13:52:20+00:00
1207,To Kill a Mockingbird (1962),To Kill a Mockingbird,1962,https://en.wikipedia.org/wiki/Special:FilePath/To_Kill_a_Mockingbird_%28first_edition_cover%29.jpg,wikipedia-infobox,73408,To Kill a Mockingbird,2026-06-20T13:52:19+00:00
1208,Apocalypse Now (1979),Apocalypse Now,1979,https://en.wikipedia.org/wiki/Special:FilePath/Apocalypse_Now_poster.jpg,wikipedia-infobox,18951054,Apocalypse Now,2026-06-20T13:52:19+00:00
1209,Once Upon a Time in the West (1969),Once Upon a Time in the West,1969,https://en.wikipedia.org/wiki/Special:FilePath/Once_upon_a_Time_in_the_West.jpg,wikipedia-infobox,284676,Once Upon a Time in the West,2026-06-20T13:52:19+00:00
1210,Star Wars: Episode VI - Return of the Jedi (1983),Star Wars: Episode VI - Return of the Jedi,1983,https://en.wikipedia.org/wiki/Special:FilePath/ReturnOfTheJediPoster1983.jpg,wikipedia-infobox,50744,Return of the Jedi,2026-06-20T13:52:19+00:00
1211,Wings of Desire (Der Himmel über Berlin) (1987),Wings of Desire (Der Himmel über Berlin),1987,https://en.wikipedia.org/wiki/Special:FilePath/Wingsofdesireposter.jpg,wikipedia-infobox,33121,Wings of Desire,2026-06-20T20:34:08+00:00
1212,"Third Man, The (1949)","Third Man, The",1949,https://en.wikipedia.org/wiki/Special:FilePath/The_Third_Man_%281949_American_theatrical_poster%29.jpg,wikipedia-infobox,71473,The Third Man,2026-06-20T13:52:19+00:00
1213,GoodFellas (1990),GoodFellas,1990,https://en.wikipedia.org/wiki/Special:FilePath/Goodfellas.jpg,wikipedia-infobox,64394,Goodfellas,2026-06-20T13:52:19+00:00
1214,Alien (1979),Alien,1979,https://en.wikipedia.org/wiki/Special:FilePath/Alien_movie_poster.jpg,wikipedia-infobox,23487440,Alien (film),2026-06-20T13:52:18+00:00
1215,Army of Darkness (1993),Army of Darkness,1993,https://en.wikipedia.org/wiki/Special:FilePath/Army_of_Darkness_poster.jpg,wikipedia-infobox,3217,Army of Darkness,2026-06-20T13:52:19+00:00
1216,"Big Blue, The (Le Grand Bleu) (1988)","Big Blue, The (Le Grand Bleu)",1988,https://en.wikipedia.org/wiki/Special:FilePath/The_Big_Blue_poster.jpg,wikipedia-infobox,64657,The Big Blue,2026-06-20T20:34:08+00:00
1217,Ran (1985),Ran,1985,https://en.wikipedia.org/wiki/Special:FilePath/Kuroran.jpg,wikipedia-infobox,75984,Ran (film),2026-06-20T13:52:18+00:00
1218,"Killer, The (Die xue shuang xiong) (1989)","Killer, The (Die xue shuang xiong)",1989,https://en.wikipedia.org/wiki/Special:FilePath/The-Killer-1989-Poster.jpg,wikipedia-infobox,451877,The Killer (1989 film),2026-06-20T20:34:06+00:00
1219,Psycho (1960),Psycho,1960,https://en.wikipedia.org/wiki/Special:FilePath/Psycho_%281960%29_theatrical_poster_%28retouched%29.jpg,wikipedia-infobox,23880,Psycho (1960 film),2026-06-20T18:49:04+00:00
1220,"Blues Brothers, The (1980)","Blues Brothers, The",1980,https://en.wikipedia.org/wiki/Special:FilePath/BluesBrothers.jpg,wikipedia-infobox,100927,The Blues Brothers,2026-06-20T18:49:06+00:00
1221,"Godfather: Part II, The (1974)","Godfather: Part II, The",1974,https://en.wikipedia.org/wiki/Special:FilePath/Godfather_part_ii.jpg,wikipedia-infobox,73875,The Godfather Part II,2026-06-20T18:49:04+00:00
1222,Full Metal Jacket (1987),Full Metal Jacket,1987,https://en.wikipedia.org/wiki/Special:FilePath/Full_Metal_Jacket_poster.jpg,wikipedia-infobox,11701,Full Metal Jacket,2026-06-20T18:49:06+00:00
1223,"Grand Day Out, A (1992)","Grand Day Out, A",1992,https://en.wikipedia.org/wiki/Special:FilePath/Wallace_%26_Gromit_in_A_Grand_Day_Out.jpg,wikipedia-infobox,896285,A Grand Day Out,2026-06-20T18:49:06+00:00
1224,Henry V (1989),Henry V,1989,https://en.wikipedia.org/wiki/Special:FilePath/Henry_v_post.jpg,wikipedia-infobox,171005,Henry V (1989 film),2026-06-20T18:49:04+00:00
1225,Amadeus (1984),Amadeus,1984,https://en.wikipedia.org/wiki/Special:FilePath/Amadeusmov.jpg,wikipedia-infobox,1065214,Amadeus (film),2026-06-20T18:49:06+00:00
1226,"Quiet Man, The (1952)","Quiet Man, The",1952,https://en.wikipedia.org/wiki/Special:FilePath/Poster_-_Quiet_Man%2C_The_01.jpg,wikipedia-infobox,70428,The Quiet Man,2026-06-20T18:49:06+00:00
1227,Once Upon a Time in America (1984),Once Upon a Time in America,1984,https://en.wikipedia.org/wiki/Special:FilePath/Once_Upon_a_Time_in_America.png,wikipedia-infobox,442308,Once Upon a Time in America,2026-06-20T18:49:06+00:00
1228,Raging Bull (1980),Raging Bull,1980,https://en.wikipedia.org/wiki/Special:FilePath/Raging_Bull_poster.jpg,wikipedia-infobox,25506,Raging Bull,2026-06-20T18:49:06+00:00
1230,Annie Hall (1977),Annie Hall,1977,https://en.wikipedia.org/wiki/Special:FilePath/Anniehallposter.jpg,wikipedia-infobox,66870,Annie Hall,2026-06-20T18:49:06+00:00
1231,"Right Stuff, The (1983)","Right Stuff, The",1983,https://en.wikipedia.org/wiki/Special:FilePath/Right_stuff_ver1.jpg,wikipedia-infobox,113442,The Right Stuff (film),2026-06-20T18:49:04+00:00
1232,Stalker (1979),Stalker,1979,https://en.wikipedia.org/wiki/Special:FilePath/Stalker_poster.jpg,wikipedia-infobox,286266,Stalker (1979 film),2026-06-20T18:49:04+00:00
1233,"Boat, The (Das Boot) (1981)","Boat, The (Das Boot)",1981,https://en.wikipedia.org/wiki/Special:FilePath/Das_boot_ver1.jpg,wikipedia-infobox,8994,Das Boot,2026-06-20T20:34:06+00:00
1234,"Sting, The (1973)","Sting, The",1973,https://en.wikipedia.org/wiki/Special:FilePath/The_Sting_%281973_alt_poster%29.jpeg,wikipedia-infobox,62440,The Sting,2026-06-20T18:49:09+00:00
1235,Harold and Maude (1971),Harold and Maude,1971,https://en.wikipedia.org/wiki/Special:FilePath/Harold_and_Maude_%281971_film%29_poster.jpg,wikipedia-infobox,13290,Harold and Maude,2026-06-20T18:49:09+00:00
1236,Trust (1990),Trust,1990,https://en.wikipedia.org/wiki/Special:FilePath/Trust-film-poster.jpg,wikipedia-infobox,4056928,Trust (1990 film),2026-06-20T18:49:08+00:00
1237,"Seventh Seal, The (Sjunde inseglet, Det) (1957)","Seventh Seal, The (Sjunde inseglet, Det)",1957,https://en.wikipedia.org/wiki/Special:FilePath/Seventhsealposter.jpg,wikipedia-infobox,176545,The Seventh Seal,2026-06-20T20:35:05+00:00
1238,Local Hero (1983),Local Hero,1983,https://en.wikipedia.org/wiki/Special:FilePath/Local_Hero_Poster.jpg,wikipedia-infobox,242104,Local Hero (film),2026-06-20T18:49:08+00:00
1240,"Terminator, The (1984)","Terminator, The",1984,https://en.wikipedia.org/wiki/Special:FilePath/The_Terminator.png,wikipedia-infobox,30327,The Terminator,2026-06-20T18:49:08+00:00
1241,Braindead (1992),Braindead,1992,https://en.wikipedia.org/wiki/Special:FilePath/Dead_Alive_%281993%29.png,wikipedia-infobox,142588,Braindead (film),2026-06-20T18:49:08+00:00
1242,Glory (1989),Glory,1989,https://en.wikipedia.org/wiki/Special:FilePath/Glory_%281989_film%29_poster.jpg,wikipedia-infobox,509676,Glory (1989 film),2026-06-20T18:49:08+00:00
1243,Rosencrantz and Guildenstern Are Dead (1990),Rosencrantz and Guildenstern Are Dead,1990,https://m.media-amazon.com/images/M/MV5BNjc0MTU0MDY1OV5BMl5BanBnXkFtZTcwMDI2OTY2NA@@._V1_.jpg,imdb-suggest,tt0100519,Rosencrantz & Guildenstern Are Dead,2026-06-21T07:12:49+00:00
1244,Manhattan (1979),Manhattan,1979,https://en.wikipedia.org/wiki/Special:FilePath/Manhattan-poster01.jpg,wikipedia-infobox,74930,Manhattan (1979 film),2026-06-20T18:49:08+00:00
1245,Miller's Crossing (1990),Miller's Crossing,1990,https://en.wikipedia.org/wiki/Special:FilePath/Millerscrossingposter.jpg,wikipedia-infobox,55495,Miller's Crossing,2026-06-20T18:49:09+00:00
1246,Dead Poets Society (1989),Dead Poets Society,1989,https://en.wikipedia.org/wiki/Special:FilePath/Dead_poets_society.png,wikipedia-infobox,129493,Dead Poets Society,2026-06-20T18:49:09+00:00
1247,"Graduate, The (1967)","Graduate, The",1967,https://en.wikipedia.org/wiki/Special:FilePath/Graduateposter67.jpg,wikipedia-infobox,29942,The Graduate,2026-06-20T18:49:09+00:00
1248,Touch of Evil (1958),Touch of Evil,1958,https://en.wikipedia.org/wiki/Special:FilePath/Touch_of_Evil_%281958_poster%29.jpg,wikipedia-infobox,63504,Touch of Evil,2026-06-20T18:49:09+00:00
1249,Nikita (La Femme Nikita) (1990),Nikita (La Femme Nikita),1990,https://en.wikipedia.org/wiki/Special:FilePath/Nikita_france.jpg,wikipedia-infobox,264943,La Femme Nikita (film),2026-06-20T20:35:06+00:00
1250,"Bridge on the River Kwai, The (1957)","Bridge on the River Kwai, The",1957,https://en.wikipedia.org/wiki/Special:FilePath/The_Bridge_on_the_River_Kwai_%281958_US_poster_-_Style_A%29.jpg,wikipedia-infobox,42856,The Bridge on the River Kwai,2026-06-20T18:49:09+00:00
1251,8 1/2 (1963),8 1/2,1963,https://en.wikipedia.org/wiki/Special:FilePath/8Mezzo.jpg,wikipedia-infobox,318810,8½,2026-06-20T18:49:09+00:00
1252,Chinatown (1974),Chinatown,1974,https://en.wikipedia.org/wiki/Special:FilePath/Chinatownposter1.jpg,wikipedia-infobox,68092,Chinatown (1974 film),2026-06-20T18:49:08+00:00
1253,"Day the Earth Stood Still, The (1951)","Day the Earth Stood Still, The",1951,https://en.wikipedia.org/wiki/Special:FilePath/The_Day_the_Earth_Stood_Still_%281951_poster%29.jpeg,wikipedia-infobox,73422,The Day the Earth Stood Still,2026-06-20T18:49:08+00:00
1254,"Treasure of the Sierra Madre, The (1948)","Treasure of the Sierra Madre, The",1948,https://en.wikipedia.org/wiki/Special:FilePath/The_Treasure_of_the_Sierra_Madre_%281947_poster%29.jpg,wikipedia-infobox,11088642,The Treasure of the Sierra Madre (film),2026-06-20T18:53:01+00:00
1255,Bad Taste (1987),Bad Taste,1987,https://en.wikipedia.org/wiki/Special:FilePath/Bad_taste_poster.jpg,wikipedia-infobox,534751,Bad Taste,2026-06-20T18:52:09+00:00
1256,Duck Soup (1933),Duck Soup,1933,https://en.wikipedia.org/wiki/Special:FilePath/Duck_Soup_%281933_poster%2C_Style_B_half_sheet%29.jpeg,wikipedia-infobox,73440,Duck Soup,2026-06-20T18:52:09+00:00
1257,Better Off Dead... (1985),Better Off Dead...,1985,https://m.media-amazon.com/images/M/MV5BZGQzNmQ3MmItZjQyOS00NmEyLTgwMTQtOTM3ZTE5NGY5N2M5XkEyXkFqcGc@._V1_.jpg,imdb-suggest,tt0088794,Better Off Dead,2026-06-21T07:12:51+00:00
1258,"Shining, The (1980)","Shining, The",1980,https://en.wikipedia.org/wiki/Special:FilePath/The_Shining_%281980%29_U.K._release_poster_-_The_tide_of_terror_that_swept_America_IS_HERE.jpg,wikipedia-infobox,1186616,The Shining (film),2026-06-20T18:53:04+00:00
1259,Stand by Me (1986),Stand by Me,1986,https://en.wikipedia.org/wiki/Special:FilePath/Stand_By_Me_1986_American_Theatrical_Release_Poster.jpg,wikipedia-infobox,87983,Stand by Me (film),2026-06-20T18:53:04+00:00
1260,M (1931),M,1931,https://en.wikipedia.org/wiki/Special:FilePath/M_poster.jpg,wikipedia-infobox,66322,M (1931 film),2026-06-20T18:53:03+00:00
1261,Evil Dead II (Dead By Dawn) (1987),Evil Dead II (Dead By Dawn),1987,https://en.wikipedia.org/wiki/Special:FilePath/Evil_Dead_II_poster.jpg,wikipedia-infobox,10487,Evil Dead II,2026-06-20T20:35:05+00:00
1262,"Great Escape, The (1963)","Great Escape, The",1963,https://en.wikipedia.org/wiki/Special:FilePath/The_Great_Escape_%28film%29_poster.jpg,wikipedia-infobox,181229,The Great Escape (film),2026-06-20T18:53:04+00:00
1263,"Deer Hunter, The (1978)","Deer Hunter, The",1978,https://en.wikipedia.org/wiki/Special:FilePath/The_Deer_Hunter_poster.jpg,wikipedia-infobox,73425,The Deer Hunter,2026-06-20T18:53:04+00:00
1264,Diva (1981),Diva,1981,https://en.wikipedia.org/wiki/Special:FilePath/DivaPoster.jpg,wikipedia-infobox,30874145,Diva (1981 film),2026-06-20T18:53:03+00:00
1265,Groundhog Day (1993),Groundhog Day,1993,https://en.wikipedia.org/wiki/Special:FilePath/Punxsutawney_Phil_Groundhog_Day_2022_Pennsylvania_%2851858203861%29.jpg,wikipedia-infobox,28790036,Groundhog Day,2026-06-20T18:53:04+00:00
1266,Unforgiven (1992),Unforgiven,1992,https://en.wikipedia.org/wiki/Special:FilePath/Unforgiven_2.jpg,wikipedia-infobox,133574,Unforgiven,2026-06-20T18:53:03+00:00
1267,"Manchurian Candidate, The (1962)","Manchurian Candidate, The",1962,https://en.wikipedia.org/wiki/Special:FilePath/The_Manchurian_Candidate_%281962_poster%29.jpg,wikipedia-infobox,58147,The Manchurian Candidate (1962 film),2026-06-20T18:53:03+00:00
1268,Pump Up the Volume (1990),Pump Up the Volume,1990,https://en.wikipedia.org/wiki/Special:FilePath/Pump_Up_The_Volume.jpg,wikipedia-infobox,1563060,Pump Up the Volume (film),2026-06-20T18:53:04+00:00
1269,Arsenic and Old Lace (1944),Arsenic and Old Lace,1944,https://en.wikipedia.org/wiki/Special:FilePath/Arsenic_And_Old_Lace_Poster.jpg,wikipedia-infobox,787704,Arsenic and Old Lace (film),2026-06-20T18:53:04+00:00
1270,Back to the Future (1985),Back to the Future,1985,https://en.wikipedia.org/wiki/Special:FilePath/Back_to_the_Future.jpg,wikipedia-infobox,42993,Back to the Future,2026-06-20T18:53:03+00:00
1271,Fried Green Tomatoes (1991),Fried Green Tomatoes,1991,https://en.wikipedia.org/wiki/Special:FilePath/Fried_Green_Tomatoes_%28poster%29.jpg,wikipedia-infobox,7223973,Fried Green Tomatoes,2026-06-20T18:53:04+00:00
1272,Patton (1970),Patton,1970,https://en.wikipedia.org/wiki/Special:FilePath/70_patton.jpg,wikipedia-infobox,99454,Patton (film),2026-06-20T20:19:04+00:00
1273,Down by Law (1986),Down by Law,1986,https://en.wikipedia.org/wiki/Special:FilePath/Down_by_Law_%281986_film%29_poster.jpg,wikipedia-infobox,3375635,Down by Law (film),2026-06-20T18:53:04+00:00
1274,Akira (1988),Akira,1988,https://en.wikipedia.org/wiki/Special:FilePath/AKIRA_%281988_poster%29.jpg,wikipedia-infobox,605939,Akira (1988 film),2026-06-20T18:53:03+00:00
1275,Highlander (1986),Highlander,1986,https://en.wikipedia.org/wiki/Special:FilePath/Highlander_1986%2Cposter.jpg,wikipedia-infobox,4440277,Highlander (film),2026-06-20T18:53:04+00:00
1276,Cool Hand Luke (1967),Cool Hand Luke,1967,https://en.wikipedia.org/wiki/Special:FilePath/Cool_Hand_Luke_Poster.jpg,wikipedia-infobox,161897,Cool Hand Luke,2026-06-20T18:53:04+00:00
1277,Cyrano de Bergerac (1990),Cyrano de Bergerac,1990,https://en.wikipedia.org/wiki/Special:FilePath/Cyrano1990.jpg,wikipedia-infobox,1800351,Cyrano de Bergerac (1990 film),2026-06-20T18:54:42+00:00
1278,Young Frankenstein (1974),Young Frankenstein,1974,https://en.wikipedia.org/wiki/Special:FilePath/Young_Frankenstein_movie_poster.jpg,wikipedia-infobox,442647,Young Frankenstein,2026-06-20T18:54:43+00:00
1279,Night on Earth (1991),Night on Earth,1991,https://en.wikipedia.org/wiki/Special:FilePath/Nightonearth.jpg,wikipedia-infobox,2269393,Night on Earth,2026-06-20T18:54:42+00:00
1280,Raise the Red Lantern (1991),Raise the Red Lantern,1991,https://en.wikipedia.org/wiki/Special:FilePath/Raise_the_Red_Lantern_poster.jpg,wikipedia-infobox,78425,Raise the Red Lantern,2026-06-20T18:54:43+00:00
1281,"Great Dictator, The (1940)","Great Dictator, The",1940,https://en.wikipedia.org/wiki/Special:FilePath/The_Great_Dictator_%281940%29_poster.jpg,wikipedia-infobox,62689,The Great Dictator,2026-06-20T18:54:43+00:00
1282,Fantasia (1940),Fantasia,1940,https://en.wikipedia.org/wiki/Special:FilePath/Fantasia1940.jpg,wikipedia-infobox,73460,Fantasia (1940 film),2026-06-20T18:54:42+00:00
1283,High Noon (1952),High Noon,1952,https://en.wikipedia.org/wiki/Special:FilePath/High_Noon_%281952_poster%29.jpg,wikipedia-infobox,74011,High Noon,2026-06-20T18:54:42+00:00
1284,"Big Sleep, The (1946)","Big Sleep, The",1946,https://en.wikipedia.org/wiki/Special:FilePath/Bigsleep2.JPG,wikipedia-infobox,1645598,The Big Sleep (1946 film),2026-06-20T18:54:42+00:00
1285,Heathers (1989),Heathers,1989,https://m.media-amazon.com/images/M/MV5BYzY2ODdmZDItMzQ4MS00ZDczLWIyZmItNDljYmMwZjQ2NGU3XkEyXkFqcGc@._V1_.jpg,imdb-suggest,tt0097493,Heathers,2026-06-21T07:12:52+00:00
1286,Somewhere in Time (1980),Somewhere in Time,1980,https://en.wikipedia.org/wiki/Special:FilePath/Somewhere_sheetr.jpg,wikipedia-infobox,920296,Somewhere in Time (film),2026-06-20T18:54:43+00:00
1287,Ben-Hur (1959),Ben-Hur,1959,https://en.wikipedia.org/wiki/Special:FilePath/Ben_Hur_1959_film_Poster.jpg,wikipedia-infobox,1343342,Ben-Hur (1959 film),2026-06-20T18:54:42+00:00
1288,This Is Spinal Tap (1984),This Is Spinal Tap,1984,https://en.wikipedia.org/wiki/Special:FilePath/Thisisspinaltapposter.jpg,wikipedia-infobox,99545,This Is Spinal Tap,2026-06-20T18:54:43+00:00
1289,Koyaanisqatsi (1983),Koyaanisqatsi,1983,https://commons.wikimedia.org/wiki/Special:FilePath/Koyaanisqatsi%20%281982%20poster%29.jpg,wikidata:P3383,Q1127828,Koyaanisqatsi,2026-06-21T07:21:10+00:00
1290,Some Kind of Wonderful (1987),Some Kind of Wonderful,1987,https://en.wikipedia.org/wiki/Special:FilePath/Some_kind_of_wonderful_poster.jpg,wikipedia-infobox,703963,Some Kind of Wonderful (film),2026-06-20T18:54:43+00:00
1291,Indiana Jones and the Last Crusade (1989),Indiana Jones and the Last Crusade,1989,https://en.wikipedia.org/wiki/Special:FilePath/Indiana_Jones_and_the_Last_Crusade.png,wikipedia-infobox,51888,Indiana Jones and the Last Crusade,2026-06-20T18:54:43+00:00
1292,Being There (1979),Being There,1979,https://en.wikipedia.org/wiki/Special:FilePath/Original_movie_poster_for_Being_There.jpg,wikipedia-infobox,164376,Being There,2026-06-20T18:54:42+00:00
1293,Gandhi (1982),Gandhi,1982,https://en.wikipedia.org/wiki/Special:FilePath/Gandhi-poster.png,wikipedia-infobox,369508,Gandhi (film),2026-06-20T18:54:42+00:00
1294,M*A*S*H (1970),M*A*S*H,1970,https://en.wikipedia.org/wiki/Special:FilePath/Mash_sign.jpg,wikipedia-infobox,727941,M*A*S*H,2026-06-20T18:54:43+00:00
1295,"Unbearable Lightness of Being, The (1988)","Unbearable Lightness of Being, The",1988,https://en.wikipedia.org/wiki/Special:FilePath/Unbearable_lightness_of_being_poster.jpg,wikipedia-infobox,7758136,The Unbearable Lightness of Being (film),2026-06-20T18:54:43+00:00
1296,"Room with a View, A (1986)","Room with a View, A",1986,https://en.wikipedia.org/wiki/Special:FilePath/A_Room_with_a_View.jpg,wikipedia-infobox,113470,A Room with a View,2026-06-20T18:54:43+00:00
1297,Real Genius (1985),Real Genius,1985,https://en.wikipedia.org/wiki/Special:FilePath/real_genius.jpg,wikipedia-infobox,483745,Real Genius,2026-06-20T18:56:21+00:00
1298,Pink Floyd - The Wall (1982),Pink Floyd - The Wall,1982,https://en.wikipedia.org/wiki/Special:FilePath/Pink_Floyd_The_Wall.jpg,wikipedia-infobox,1539714,Pink Floyd – The Wall,2026-06-20T18:56:21+00:00
1299,"Killing Fields, The (1984)","Killing Fields, The",1984,https://en.wikipedia.org/wiki/Special:FilePath/The_Killing_Fields_film.jpg,wikipedia-infobox,1217079,The Killing Fields (film),2026-06-20T18:56:22+00:00
1300,My Life as a Dog (Mitt liv som hund) (1985),My Life as a Dog (Mitt liv som hund),1985,https://en.wikipedia.org/wiki/Special:FilePath/Mylifeasadog.jpg,wikipedia-infobox,3645450,My Life as a Dog,2026-06-20T20:35:05+00:00
1301,Forbidden Planet (1956),Forbidden Planet,1956,https://en.wikipedia.org/wiki/Special:FilePath/Forbiddenplanetposter.jpg,wikipedia-infobox,54999,Forbidden Planet,2026-06-20T18:56:21+00:00
1302,Field of Dreams (1989),Field of Dreams,1989,https://en.wikipedia.org/wiki/Special:FilePath/Field_of_Dreams_poster.jpg,wikipedia-infobox,129524,Field of Dreams,2026-06-20T18:56:21+00:00
1303,"Man Who Would Be King, The (1975)","Man Who Would Be King, The",1975,https://en.wikipedia.org/wiki/Special:FilePath/The_Phantom_Rickshaw_%26_Other_Eerie_Tales.jpg,wikipedia-infobox,72398,The Man Who Would Be King,2026-06-20T18:56:21+00:00
1304,Butch Cassidy and the Sundance Kid (1969),Butch Cassidy and the Sundance Kid,1969,https://en.wikipedia.org/wiki/Special:FilePath/Butch_sundance_poster.jpg,wikipedia-infobox,99031,Butch Cassidy and the Sundance Kid,2026-06-20T18:56:21+00:00
1305,"Paris, Texas (1984)","Paris, Texas",1984,https://en.wikipedia.org/wiki/Special:FilePath/Paris%2C_Texas_%281984_film_poster%29.png,wikipedia-infobox,237134,"Paris, Texas (film)",2026-06-20T18:56:22+00:00
1306,Until the End of the World (Bis ans Ende der Welt) (1991),Until the End of the World (Bis ans Ende der Welt),1991,https://en.wikipedia.org/wiki/Special:FilePath/Until_the_End_of_the_World_poster.jpg,wikipedia-infobox,31908,Until the End of the World,2026-06-20T20:35:05+00:00
1307,When Harry Met Sally... (1989),When Harry Met Sally...,1989,https://en.wikipedia.org/wiki/Special:FilePath/WhenHarryMetSallyPoster.jpg,wikipedia-infobox,33270,When Harry Met Sally...,2026-06-20T18:56:21+00:00
1310,Hype! (1996),Hype!,1996,https://en.wikipedia.org/wiki/Special:FilePath/Hype%21_FilmPoster.jpeg,wikipedia-infobox,1195558,Hype!,2026-06-20T18:56:21+00:00
1311,Santa with Muscles (1996),Santa with Muscles,1996,https://en.wikipedia.org/wiki/Special:FilePath/Santa_With_Muscles.jpg,wikipedia-infobox,303039,Santa with Muscles,2026-06-20T18:56:21+00:00
1312,Female Perversions (1996),Female Perversions,1996,https://en.wikipedia.org/wiki/Special:FilePath/Female_Perversions_film_poster.png,wikipedia-infobox,30306989,Female Perversions,2026-06-20T18:56:21+00:00
1313,Mad Dog Time (1996),Mad Dog Time,1996,https://en.wikipedia.org/wiki/Special:FilePath/Mad_dog_time_4841.jpg,wikipedia-infobox,4697464,Mad Dog Time,2026-06-20T18:56:21+00:00
1315,Paris Was a Woman (1995),Paris Was a Woman,1995,https://m.media-amazon.com/images/M/MV5BMTM5NDk3MDI4MF5BMl5BanBnXkFtZTcwNjAzOTYyMQ@@._V1_.jpg,imdb-suggest,tt0114093,Paris Was a Woman,2026-06-21T07:25:22+00:00
1316,Anna (1996),Anna,1996,https://m.media-amazon.com/images/M/MV5BZGFjMWZhYzktOTlmMS00MjY0LWE2MDMtMDc4ZDg0ODZhYTkxXkEyXkFqcGc@._V1_.jpg,imdb-suggest,tt2661954,Anna,2026-06-21T07:12:56+00:00
1317,I'm Not Rappaport (1996),I'm Not Rappaport,1996,https://en.wikipedia.org/wiki/Special:FilePath/I%27m_Not_Rappaport_%28film%29.jpg,wikipedia-infobox,18152165,I'm Not Rappaport (film),2026-06-20T13:31:04+00:00
1320,Alien³ (1992),Alien³,1992,https://en.wikipedia.org/wiki/Special:FilePath/Alien3_poster.jpg,wikipedia-infobox,213251,Alien 3,2026-06-20T13:31:03+00:00
1321,"American Werewolf in London, An (1981)","American Werewolf in London, An",1981,https://en.wikipedia.org/wiki/Special:FilePath/An_American_Werewolf_in_London_poster.jpg,wikipedia-infobox,471370,An American Werewolf in London,2026-06-20T13:31:01+00:00
1322,Amityville 1992: It's About Time (1992),Amityville 1992: It's About Time,1992,https://en.wikipedia.org/wiki/Special:FilePath/Amityville_Its_About_Time.jpg,wikipedia-infobox,6563151,Amityville: It's About Time,2026-06-20T13:31:03+00:00
1323,Amityville 3-D (1983),Amityville 3-D,1983,https://en.wikipedia.org/wiki/Special:FilePath/Amityville_three_d.jpg,wikipedia-infobox,6562375,Amityville 3-D,2026-06-20T13:31:03+00:00
1324,Amityville: Dollhouse (1996),Amityville: Dollhouse,1996,https://en.wikipedia.org/wiki/Special:FilePath/Amityville_Dollhouse.jpg,wikipedia-infobox,6563473,Amityville Dollhouse,2026-06-20T13:31:03+00:00
1325,Amityville: A New Generation (1993),Amityville: A New Generation,1993,https://en.wikipedia.org/wiki/Special:FilePath/Amityville_New_Generation.jpg,wikipedia-infobox,6563355,Amityville: A New Generation,2026-06-20T13:31:03+00:00
1326,Amityville II: The Possession (1982),Amityville II: The Possession,1982,https://en.wikipedia.org/wiki/Special:FilePath/amityville_ii_the_possession.jpg,wikipedia-infobox,2140002,Amityville II: The Possession,2026-06-20T13:31:03+00:00
1327,"Amityville Horror, The (1979)","Amityville Horror, The",1979,https://en.wikipedia.org/wiki/Special:FilePath/amityville_poster.jpg,wikipedia-infobox,3954917,The Amityville Horror (1979 film),2026-06-20T13:31:01+00:00
1328,"Amityville Curse, The (1990)","Amityville Curse, The",1990,https://en.wikipedia.org/wiki/Special:FilePath/The_Amityville_Curse_1990_DVD_Cover.JPG,wikipedia-infobox,6562947,The Amityville Curse,2026-06-20T13:31:03+00:00
1329,Blood For Dracula (Andy Warhol's Dracula) (1974),Blood For Dracula (Andy Warhol's Dracula),1974,https://en.wikipedia.org/wiki/Special:FilePath/Blood-for-dracula-german-movie-poster-md.jpg,wikipedia-infobox,3644034,Blood for Dracula,2026-06-20T20:35:06+00:00
1330,April Fool's Day (1986),April Fool's Day,1986,https://en.wikipedia.org/wiki/Special:FilePath/Aprilfoolsday_poster.jpg,wikipedia-infobox,3427588,April Fool's Day (1986 film),2026-06-20T13:31:01+00:00
1331,Audrey Rose (1977),Audrey Rose,1977,https://en.wikipedia.org/wiki/Special:FilePath/Audrey_Rose_movie_poster.jpg,wikipedia-infobox,2672672,Audrey Rose (film),2026-06-20T13:31:04+00:00
1332,"Believers, The (1987)","Believers, The",1987,https://en.wikipedia.org/wiki/Special:FilePath/Believersposter.jpg,wikipedia-infobox,4294005,The Believers (film),2026-06-20T13:31:04+00:00
1333,"Birds, The (1963)","Birds, The",1963,https://en.wikipedia.org/wiki/Special:FilePath/The_Birds_original_poster.jpg,wikipedia-infobox,304428,The Birds (film),2026-06-20T13:31:01+00:00
1334,"Blob, The (1958)","Blob, The",1958,https://en.wikipedia.org/wiki/Special:FilePath/The_Blob_%281958%29_theatrical_poster.jpg,wikipedia-infobox,761788,The Blob,2026-06-20T13:31:01+00:00
1335,Blood Beach (1981),Blood Beach,1981,https://en.wikipedia.org/wiki/Special:FilePath/Blood-beach.jpg,wikipedia-infobox,23842374,Blood Beach,2026-06-20T13:31:03+00:00
1336,Body Parts (1991),Body Parts,1991,https://en.wikipedia.org/wiki/Special:FilePath/Bodypartsposter.jpg,wikipedia-infobox,9659901,Body Parts (film),2026-06-20T13:31:01+00:00
1337,"Body Snatcher, The (1945)","Body Snatcher, The",1945,https://en.wikipedia.org/wiki/Special:FilePath/The_Body_Snatcher_%281945_poster%29.jpg,wikipedia-infobox,3263044,The Body Snatcher (1945 film),2026-06-20T13:31:01+00:00
1339,Bram Stoker's Dracula (1992),Bram Stoker's Dracula,1992,https://en.wikipedia.org/wiki/Special:FilePath/Bram_Stoker%27s_Dracula_%281992_film%29.jpg,wikipedia-infobox,337740,Bram Stoker's Dracula (1992 film),2026-06-20T13:31:01+00:00
1340,Bride of Frankenstein (1935),Bride of Frankenstein,1935,https://en.wikipedia.org/wiki/Special:FilePath/The_Bride_of_Frankenstein_%281935_poster%29.jpg,wikipedia-infobox,73375,Bride of Frankenstein,2026-06-20T13:31:03+00:00
1341,Burnt Offerings (1976),Burnt Offerings,1976,https://en.wikipedia.org/wiki/Special:FilePath/burnt_offerings_movie_poster.jpg,wikipedia-infobox,3954720,Burnt Offerings (film),2026-06-20T13:31:04+00:00
1342,Candyman (1992),Candyman,1992,https://en.wikipedia.org/wiki/Special:FilePath/Candymanposter.jpg,wikipedia-infobox,1256990,Candyman (1992 film),2026-06-20T13:31:01+00:00
1343,Cape Fear (1991),Cape Fear,1991,https://en.wikipedia.org/wiki/Special:FilePath/Cape_fear_91.jpg,wikipedia-infobox,171026,Cape Fear (1991 film),2026-06-20T13:31:01+00:00
1344,Cape Fear (1962),Cape Fear,1962,https://en.wikipedia.org/wiki/Special:FilePath/Cape_fear1960s.jpg,wikipedia-infobox,171029,Cape Fear (1962 film),2026-06-20T13:31:01+00:00
1345,Carrie (1976),Carrie,1976,https://en.wikipedia.org/wiki/Special:FilePath/Carrieposter.jpg,wikipedia-infobox,4899791,Carrie (1976 film),2026-06-20T13:31:01+00:00
1346,Cat People (1982),Cat People,1982,https://en.wikipedia.org/wiki/Special:FilePath/Cat_People_1982_movie.jpg,wikipedia-infobox,1056696,Cat People (1982 film),2026-06-20T13:31:01+00:00
1347,"Nightmare on Elm Street, A (1984)","Nightmare on Elm Street, A",1984,https://en.wikipedia.org/wiki/Special:FilePath/A_Nightmare_on_Elm_Street_%281984%29_theatrical_poster.jpg,wikipedia-infobox,3028191,A Nightmare on Elm Street,2026-06-20T13:31:01+00:00
1348,"Nosferatu (Nosferatu, eine Symphonie des Grauens) (1922)","Nosferatu (Nosferatu, eine Symphonie des Grauens)",1922,https://en.wikipedia.org/wiki/Special:FilePath/Nosferatu_poster_%28Albin_Grau%2C_1922%29_1.jpg,wikipedia-infobox,82423,Nosferatu,2026-06-20T20:35:04+00:00
1349,Nosferatu a Venezia (1986),Nosferatu a Venezia,1986,https://m.media-amazon.com/images/M/MV5BNTQ2ZTE1OGEtZjU0Zi00NTM0LTk4ZGItYmEyNWRjNzY0YzNlXkEyXkFqcGc@._V1_.jpg,imdb-suggest,tt0091651,Vampire in Venice,2026-06-21T07:31:25+00:00
1350,"Omen, The (1976)","Omen, The",1976,https://en.wikipedia.org/wiki/Special:FilePath/Omen_ver4.jpg,wikipedia-infobox,186856,The Omen,2026-06-20T13:31:01+00:00
1351,Blood & Wine (1997),Blood & Wine,1997,https://m.media-amazon.com/images/M/MV5BYmI2NzQxZGEtODQzNy00MDE3LTkyYjUtYTllN2E4ZTM1ZTNmXkEyXkFqcGc@._V1_.jpg,imdb-suggest,tt29223999,Blood Wine,2026-06-21T07:12:58+00:00
1352,Albino Alligator (1996),Albino Alligator,1996,https://en.wikipedia.org/wiki/Special:FilePath/AlbinoAlligatorPoster.jpg,wikipedia-infobox,3505437,Albino Alligator,2026-06-20T13:31:03+00:00
1353,"Mirror Has Two Faces, The (1996)","Mirror Has Two Faces, The",1996,https://en.wikipedia.org/wiki/Special:FilePath/Mirror_has_two_faces_poster.jpg,wikipedia-infobox,3105139,The Mirror Has Two Faces,2026-06-20T13:31:03+00:00
1354,Breaking the Waves (1996),Breaking the Waves,1996,https://en.wikipedia.org/wiki/Special:FilePath/Breaking_the_Waves_%28Danish_poster%29.png,wikipedia-infobox,781946,Breaking the Waves,2026-06-20T13:31:03+00:00
1355,Nightwatch (1997),Nightwatch,1997,https://en.wikipedia.org/wiki/Special:FilePath/Nightwatch_ver1.jpg,wikipedia-infobox,1624928,Nightwatch (1997 film),2026-06-20T13:31:01+00:00
1356,Star Trek: First Contact (1996),Star Trek: First Contact,1996,https://en.wikipedia.org/wiki/Special:FilePath/Star_trek_first_contact_poster.jpg,wikipedia-infobox,27097,Star Trek: First Contact,2026-06-20T13:31:03+00:00
1357,Shine (1996),Shine,1996,https://en.wikipedia.org/wiki/Special:FilePath/Shine_ver1.jpg,wikipedia-infobox,142443,Shine (film),2026-06-20T13:31:01+00:00
1358,Sling Blade (1996),Sling Blade,1996,https://en.wikipedia.org/wiki/Special:FilePath/Slingbladeposter.jpg,wikipedia-infobox,171522,Sling Blade,2026-06-20T13:31:03+00:00
1359,Jingle All the Way (1996),Jingle All the Way,1996,https://en.wikipedia.org/wiki/Special:FilePath/Jingle_All_the_Way_poster.JPG,wikipedia-infobox,1244836,Jingle All the Way,2026-06-20T13:31:03+00:00
1360,Identification of a Woman (Identificazione di una donna) (1982),Identification of a Woman (Identificazione di una donna),1982,https://en.wikipedia.org/wiki/Special:FilePath/Identification_of_a_Woman.jpg,wikipedia-infobox,13573527,Identification of a Woman,2026-06-20T20:35:06+00:00
1361,Paradise Lost: The Child Murders at Robin Hood Hills (1996),Paradise Lost: The Child Murders at Robin Hood Hills,1996,https://en.wikipedia.org/wiki/Special:FilePath/Paradise_Lost_Dvd.jpg,wikipedia-infobox,183907,Paradise Lost: The Child Murders at Robin Hood Hills,2026-06-20T13:31:03+00:00
1362,"Garden of Finzi-Contini, The (Giardino dei Finzi-Contini, Il) (1970)","Garden of Finzi-Contini, The (Giardino dei Finzi-Contini, Il)",1970,https://m.media-amazon.com/images/M/MV5BNGIzNzQwNzEtN2JjNi00MGQwLWJhOWQtNmQ4ZGZlMzI3NGU1XkEyXkFqcGc@._V1_.jpg,imdb-suggest,tt0065777,The Garden of the Finzi-Continis,2026-06-21T07:13:00+00:00
1363,"Preacher's Wife, The (1996)","Preacher's Wife, The",1996,https://en.wikipedia.org/wiki/Special:FilePath/ThePreachersWife-movie.jpg,wikipedia-infobox,682275,The Preacher's Wife,2026-06-20T13:31:03+00:00
1364,Zero Kelvin (Kjærlighetens kjøtere) (1995),Zero Kelvin (Kjærlighetens kjøtere),1995,https://en.wikipedia.org/wiki/Special:FilePath/Kj%C3%A6rlighetenskj%C3%B8tere.jpg,wikipedia-infobox,8434137,Zero Kelvin (film),2026-06-20T20:35:06+00:00
1365,Ridicule (1996),Ridicule,1996,https://en.wikipedia.org/wiki/Special:FilePath/Ridicule_poster.jpg,wikipedia-infobox,234827,Ridicule (film),2026-06-20T13:31:04+00:00
1366,"Crucible, The (1996)","Crucible, The",1996,https://en.wikipedia.org/wiki/Special:FilePath/The_Crucible_%281996%29_poster.jpg,wikipedia-infobox,1494750,The Crucible (1996 film),2026-06-20T13:31:01+00:00
1367,101 Dalmatians (1996),101 Dalmatians,1996,https://en.wikipedia.org/wiki/Special:FilePath/One_hundred_and_one_dalmatians_ver2.jpg,wikipedia-infobox,179326,101 Dalmatians (1996 film),2026-06-20T13:31:01+00:00
1369,I Can't Sleep (J'ai pas sommeil) (1994),I Can't Sleep (J'ai pas sommeil),1994,https://en.wikipedia.org/wiki/Special:FilePath/I_Can%27t_Sleep_%28film%29.jpg,wikipedia-infobox,11469434,I Can't Sleep (film),2026-06-20T20:35:06+00:00
1370,Die Hard 2 (1990),Die Hard 2,1990,https://en.wikipedia.org/wiki/Special:FilePath/Die_Hard_2.jpg,wikipedia-infobox,433824,Die Hard 2,2026-06-20T13:31:03+00:00
1371,Star Trek: The Motion Picture (1979),Star Trek: The Motion Picture,1979,https://en.wikipedia.org/wiki/Special:FilePath/Star_Trek_The_Motion_Picture_poster.png,wikipedia-infobox,277006,Star Trek: The Motion Picture,2026-06-20T13:31:03+00:00
1372,Star Trek VI: The Undiscovered Country (1991),Star Trek VI: The Undiscovered Country,1991,https://en.wikipedia.org/wiki/Special:FilePath/Star_Trek_VI-poster.png,wikipedia-infobox,161190,Star Trek VI: The Undiscovered Country,2026-06-20T13:31:03+00:00
1373,Star Trek V: The Final Frontier (1989),Star Trek V: The Final Frontier,1989,https://en.wikipedia.org/wiki/Special:FilePath/Star_Trek_V_The_Final_Frontier.png,wikipedia-infobox,145359,Star Trek V: The Final Frontier,2026-06-20T13:31:03+00:00
1374,Star Trek: The Wrath of Khan (1982),Star Trek: The Wrath of Khan,1982,https://en.wikipedia.org/wiki/Special:FilePath/Star_Trek_II_The_Wrath_of_Khan.png,wikipedia-infobox,27098,Star Trek II: The Wrath of Khan,2026-06-20T13:31:03+00:00
1375,Star Trek III: The Search for Spock (1984),Star Trek III: The Search for Spock,1984,https://en.wikipedia.org/wiki/Special:FilePath/Star_Trek_III_The_Search_for_Spock.png,wikipedia-infobox,206879,Star Trek III: The Search for Spock,2026-06-20T13:31:03+00:00
1376,Star Trek IV: The Voyage Home (1986),Star Trek IV: The Voyage Home,1986,https://en.wikipedia.org/wiki/Special:FilePath/Star_Trek_IV_The_Voyage_Home.png,wikipedia-infobox,88609,Star Trek IV: The Voyage Home,2026-06-20T13:31:03+00:00
1377,Batman Returns (1992),Batman Returns,1992,https://en.wikipedia.org/wiki/Special:FilePath/Batman_returns_poster2.jpg,wikipedia-infobox,4728,Batman Returns,2026-06-20T13:31:03+00:00
1378,Young Guns (1988),Young Guns,1988,https://en.wikipedia.org/wiki/Special:FilePath/Young_Guns_%281988_film%29_poster.jpg,wikipedia-infobox,673694,Young Guns (film),2026-06-20T13:31:04+00:00
1379,Young Guns II (1990),Young Guns II,1990,https://en.wikipedia.org/wiki/Special:FilePath/Young_guns_ii.jpg,wikipedia-infobox,675213,Young Guns II,2026-06-20T13:31:03+00:00
1380,Grease (1978),Grease,1978,https://en.wikipedia.org/wiki/Special:FilePath/Grease_ver2.jpg,wikipedia-infobox,336846,Grease (film),2026-06-20T13:31:02+00:00
1381,Grease 2 (1982),Grease 2,1982,https://en.wikipedia.org/wiki/Special:FilePath/Grease_2.jpg,wikipedia-infobox,289253,Grease 2,2026-06-20T13:31:03+00:00
1382,Marked for Death (1990),Marked for Death,1990,https://en.wikipedia.org/wiki/Special:FilePath/Marked_For_Death_film.jpg,wikipedia-infobox,67414,Marked for Death,2026-06-20T13:31:03+00:00
1383,Adrenalin: Fear the Rush (1996),Adrenalin: Fear the Rush,1996,https://en.wikipedia.org/wiki/Special:FilePath/Adrenalin_Fear_the_Rush.jpg,wikipedia-infobox,9340076,Adrenalin: Fear the Rush,2026-06-20T13:31:03+00:00
1384,"Substance of Fire, The (1996)","Substance of Fire, The",1996,https://m.media-amazon.com/images/M/MV5BNDcyNjkwMTY1OF5BMl5BanBnXkFtZTcwNDAzNTQyMQ@@._V1_.jpg,imdb-suggest,tt0117773,The Substance of Fire,2026-06-21T07:13:05+00:00
1385,Under Siege (1992),Under Siege,1992,https://en.wikipedia.org/wiki/Special:FilePath/Under_Siege_poster.jpg,wikipedia-infobox,67417,Under Siege,2026-06-20T13:31:03+00:00
1386,Terror in a Texas Town (1958),Terror in a Texas Town,1958,https://en.wikipedia.org/wiki/Special:FilePath/Terror_in_a_Texas_Town.jpg,wikipedia-infobox,30549208,Terror in a Texas Town,2026-06-20T13:31:03+00:00
1387,Jaws (1975),Jaws,1975,https://en.wikipedia.org/wiki/Special:FilePath/Jaws_movie_poster.jpg,wikipedia-infobox,74830,Jaws (film),2026-06-20T13:31:02+00:00
1388,Jaws 2 (1978),Jaws 2,1978,https://en.wikipedia.org/wiki/Special:FilePath/Jaws2_poster.jpg,wikipedia-infobox,352795,Jaws 2,2026-06-20T13:31:03+00:00
1389,Jaws 3-D (1983),Jaws 3-D,1983,https://en.wikipedia.org/wiki/Special:FilePath/jaws_3d.jpg,wikipedia-infobox,1173339,Jaws 3-D,2026-06-20T13:31:03+00:00
1390,My Fellow Americans (1996),My Fellow Americans,1996,https://en.wikipedia.org/wiki/Special:FilePath/MyFellowAmericansMoviePoster.jpg,wikipedia-infobox,39826024,My Fellow Americans,2026-06-20T13:31:04+00:00
1391,Mars Attacks! (1996),Mars Attacks!,1996,https://en.wikipedia.org/wiki/Special:FilePath/Mars_attacks_ver1.jpg,wikipedia-infobox,3565461,Mars Attacks!,2026-06-20T13:31:04+00:00
1392,Citizen Ruth (1996),Citizen Ruth,1996,https://en.wikipedia.org/wiki/Special:FilePath/CitizenRuthPoster.jpg,wikipedia-infobox,1181830,Citizen Ruth,2026-06-20T13:31:04+00:00
1393,Jerry Maguire (1996),Jerry Maguire,1996,https://en.wikipedia.org/wiki/Special:FilePath/Jerry_Maguire_movie_poster.jpg,wikipedia-infobox,142435,Jerry Maguire,2026-06-20T13:31:04+00:00
1394,Raising Arizona (1987),Raising Arizona,1987,https://en.wikipedia.org/wiki/Special:FilePath/Raising-Arizona-Poster.jpg,wikipedia-infobox,279813,Raising Arizona,2026-06-20T13:31:04+00:00
1395,Tin Men (1987),Tin Men,1987,https://en.wikipedia.org/wiki/Special:FilePath/Tin_men_poster.jpg,wikipedia-infobox,2177984,Tin Men,2026-06-20T13:31:04+00:00
1396,Sneakers (1992),Sneakers,1992,https://en.wikipedia.org/wiki/Special:FilePath/Sneakersmovie.jpg,wikipedia-infobox,1252047,Sneakers (1992 film),2026-06-20T13:31:02+00:00
1397,Bastard Out of Carolina (1996),Bastard Out of Carolina,1996,https://en.wikipedia.org/wiki/Special:FilePath/Bastard_Out_of_Carolina_novel.jpg,wikipedia-infobox,6326826,Bastard Out of Carolina,2026-06-20T13:31:04+00:00
1398,In Love and War (1996),In Love and War,1996,https://en.wikipedia.org/wiki/Special:FilePath/In_love_and_war_poster.jpg,wikipedia-infobox,7977308,In Love and War (1996 film),2026-06-20T13:31:02+00:00
1399,Marvin's Room (1996),Marvin's Room,1996,https://en.wikipedia.org/wiki/Special:FilePath/Marvins_room_poster.jpg,wikipedia-infobox,781934,Marvin's Room (film),2026-06-20T18:56:25+00:00
1401,Ghosts of Mississippi (1996),Ghosts of Mississippi,1996,https://en.wikipedia.org/wiki/Special:FilePath/Ghosts_of_mississippi.jpg,wikipedia-infobox,1367574,Ghosts of Mississippi,2026-06-20T18:56:24+00:00
1404,Night Falls on Manhattan (1997),Night Falls on Manhattan,1997,https://m.media-amazon.com/images/M/MV5BZTFlNDk4YjktZGEwNC00MTExLThiYmYtZGM0ZDkxNGZkNWRjXkEyXkFqcGc@._V1_.jpg,imdb-suggest,tt0119783,Night Falls on Manhattan,2026-06-21T07:25:22+00:00
1405,Beavis and Butt-head Do America (1996),Beavis and Butt-head Do America,1996,https://en.wikipedia.org/wiki/Special:FilePath/Beavis_And_Butthead_Do_America.jpg,wikipedia-infobox,1528430,Beavis and Butt-Head Do America,2026-06-20T18:56:24+00:00
1406,"Cérémonie, La (1995)","Cérémonie, La",1995,https://m.media-amazon.com/images/M/MV5BNjA1YWVhNTMtMDhiMS00ZmFkLWI5MWUtZGUxODIxNDA5OTMxXkEyXkFqcGc@._V1_.jpg,imdb-suggest,tt0112769,La cérémonie,2026-06-21T07:13:09+00:00
1407,Scream (1996),Scream,1996,https://en.wikipedia.org/wiki/Special:FilePath/Scream_%281996_film%29_poster.jpg,wikipedia-infobox,113549,Scream (1996 film),2026-06-20T18:56:24+00:00
1408,"Last of the Mohicans, The (1992)","Last of the Mohicans, The",1992,https://en.wikipedia.org/wiki/Special:FilePath/Mohicansposter.jpg,wikipedia-infobox,1428048,The Last of the Mohicans (1992 film),2026-06-20T18:56:24+00:00
1409,Michael (1996),Michael,1996,https://en.wikipedia.org/wiki/Special:FilePath/Michael_ver2.jpg,wikipedia-infobox,3143504,Michael (1996 film),2026-06-20T18:56:24+00:00
1410,"Evening Star, The (1996)","Evening Star, The",1996,https://en.wikipedia.org/wiki/Special:FilePath/The_Evening_Star_%281996_film%29_poster.jpg,wikipedia-infobox,1693888,The Evening Star,2026-06-20T18:56:24+00:00
1411,Hamlet (1996),Hamlet,1996,https://en.wikipedia.org/wiki/Special:FilePath/Hamlet_a192cc9d.png,wikipedia-infobox,101398,Hamlet (1996 film),2026-06-20T18:56:24+00:00
1412,Some Mother's Son (1996),Some Mother's Son,1996,https://en.wikipedia.org/wiki/Special:FilePath/Some_mothers_son.jpg,wikipedia-infobox,5432379,Some Mother's Son,2026-06-20T18:56:24+00:00
1413,"Whole Wide World, The (1996)","Whole Wide World, The",1996,https://en.wikipedia.org/wiki/Special:FilePath/The_Whole_Wide_World.jpg,wikipedia-infobox,1518813,The Whole Wide World,2026-06-20T18:56:24+00:00
1414,Mother (1996),Mother,1996,https://en.wikipedia.org/wiki/Special:FilePath/momposter.jpg,wikipedia-infobox,4470790,Mother (1996 film),2026-06-20T18:56:24+00:00
1415,"Thieves (Voleurs, Les) (1996)","Thieves (Voleurs, Les)",1996,https://en.wikipedia.org/wiki/Special:FilePath/Le_voleurs.jpg,wikipedia-infobox,24388963,Thieves (1996 film),2026-06-20T20:35:08+00:00
1416,Evita (1996),Evita,1996,https://en.wikipedia.org/wiki/Special:FilePath/Madonna_-_Evita_%28poster%29.png,wikipedia-infobox,2651130,Evita (1996 film),2026-06-20T18:56:24+00:00
1417,"Portrait of a Lady, The (1996)","Portrait of a Lady, The",1996,https://en.wikipedia.org/wiki/Special:FilePath/The_Portrait_of_a_lady_cover.jpg,wikipedia-infobox,603551,The Portrait of a Lady,2026-06-20T18:56:27+00:00
1419,Walkabout (1971),Walkabout,1971,https://en.wikipedia.org/wiki/Special:FilePath/Walkaboutposter.jpg,wikipedia-infobox,594257,Walkabout (film),2026-06-20T18:56:28+00:00
1420,Message to Love: The Isle of Wight Festival (1996),Message to Love: The Isle of Wight Festival,1996,https://m.media-amazon.com/images/M/MV5BMTc3MTAwMDQwNl5BMl5BanBnXkFtZTcwMzE1NDYyMQ@@._V1_.jpg,imdb-suggest,tt0117028,Message to Love: The Isle of Wight Festival,2026-06-21T07:13:10+00:00
1421,Grateful Dead (1995),Grateful Dead,1995,https://en.wikipedia.org/wiki/Special:FilePath/Grateful_Dead_%281970%29_%28high_quality%29.png,wikipedia-infobox,12542,Grateful Dead,2026-06-20T13:54:32+00:00
1422,Murder at 1600 (1997),Murder at 1600,1997,https://en.wikipedia.org/wiki/Special:FilePath/Murder_at_sixteen_hundred_ver2.jpg,wikipedia-infobox,2709182,Murder at 1600,2026-06-20T13:54:32+00:00
1423,Hearts and Minds (1996),Hearts and Minds,1996,https://en.wikipedia.org/wiki/Special:FilePath/HeartsandMindsDVD.jpg,wikipedia-infobox,1828331,Hearts and Minds (film),2026-06-20T13:54:33+00:00
1425,Fierce Creatures (1997),Fierce Creatures,1997,https://en.wikipedia.org/wiki/Special:FilePath/Fierce_creatures.jpg,wikipedia-infobox,222534,Fierce Creatures,2026-06-20T13:54:32+00:00
1426,Zeus and Roxanne (1997),Zeus and Roxanne,1997,https://en.wikipedia.org/wiki/Special:FilePath/Zeus_and_roxanne_poster.jpg,wikipedia-infobox,5649438,Zeus and Roxanne,2026-06-20T13:54:32+00:00
1427,Turbulence (1997),Turbulence,1997,https://en.wikipedia.org/wiki/Special:FilePath/Turbulence_poster.jpg,wikipedia-infobox,2472440,Turbulence (1997 film),2026-06-20T13:54:31+00:00
1428,Angel Baby (1995),Angel Baby,1995,https://en.wikipedia.org/wiki/Special:FilePath/Angel_Baby_VideoCover.png,wikipedia-infobox,10438595,Angel Baby (1995 film),2026-06-20T13:54:31+00:00
1429,Jackie Chan's First Strike (1996),Jackie Chan's First Strike,1996,https://en.wikipedia.org/wiki/Special:FilePath/FirstStrike_Poster.jpg,wikipedia-infobox,2695729,First Strike (1996 film),2026-06-20T13:54:32+00:00
1430,Underworld (1997),Underworld,1997,https://m.media-amazon.com/images/M/MV5BOGRkYTMzMWMtYmJlMi00MDNmLTk0MGUtOTc1M2RiNTQyOGU4XkEyXkFqcGc@._V1_.jpg,imdb-suggest,tt0301971,The Underworld,2026-06-21T07:13:12+00:00
1431,Beverly Hills Ninja (1997),Beverly Hills Ninja,1997,https://en.wikipedia.org/wiki/Special:FilePath/Beverly_Hills_Ninja_poster.jpg,wikipedia-infobox,3153023,Beverly Hills Ninja,2026-06-20T13:54:32+00:00
1432,Metro (1997),Metro,1997,https://en.wikipedia.org/wiki/Special:FilePath/Metro_movie_eddie_murphy.jpg,wikipedia-infobox,2620748,Metro (1997 film),2026-06-20T13:54:31+00:00
1433,"Machine, The (1994)","Machine, The",1994,https://en.wikipedia.org/wiki/Special:FilePath/The_Machine_1994_film_poster.jpg,wikipedia-infobox,80210640,The Machine (1994 film),2026-06-20T13:54:31+00:00
1434,"Stranger, The (1994)","Stranger, The",1994,https://m.media-amazon.com/images/M/MV5BZDg4MTI2MGMtZjgxNS00YmExLTg2YTctYjBlZWFkNjdiNTk4XkEyXkFqcGc@._V1_.jpg,imdb-suggest,tt0123281,The Stranger,2026-06-21T07:13:13+00:00
1436,Falling in Love Again (1980),Falling in Love Again,1980,https://en.wikipedia.org/wiki/Special:FilePath/Falling-in-love-again-movie-poster-1980.jpg,wikipedia-infobox,27768169,Falling in Love Again (1980 film),2026-06-20T13:54:31+00:00
1437,"Cement Garden, The (1993)","Cement Garden, The",1993,https://en.wikipedia.org/wiki/Special:FilePath/CementGarden.jpg,wikipedia-infobox,1610045,The Cement Garden,2026-06-20T13:54:32+00:00
1438,Dante's Peak (1997),Dante's Peak,1997,https://en.wikipedia.org/wiki/Special:FilePath/Dantes_peak_ver2.jpg,wikipedia-infobox,410036,Dante's Peak,2026-06-20T13:54:32+00:00
1439,Meet Wally Sparks (1997),Meet Wally Sparks,1997,https://en.wikipedia.org/wiki/Special:FilePath/Meet_Wally_Sparks_%281997%29_poster.jpg,wikipedia-infobox,7266768,Meet Wally Sparks,2026-06-20T13:54:32+00:00
1440,Amos & Andrew (1993),Amos & Andrew,1993,https://en.wikipedia.org/wiki/Special:FilePath/Amos_and_andrew.jpg,wikipedia-infobox,5158963,Amos & Andrew,2026-06-20T13:54:32+00:00
1441,Benny & Joon (1993),Benny & Joon,1993,https://en.wikipedia.org/wiki/Special:FilePath/Benny_and_joon_ver1.jpg,wikipedia-infobox,436955,Benny & Joon,2026-06-20T13:54:32+00:00
1442,Prefontaine (1997),Prefontaine,1997,https://en.wikipedia.org/wiki/Special:FilePath/Prefontaineposter.jpg,wikipedia-infobox,1607765,Prefontaine (film),2026-06-20T13:54:33+00:00
1444,Guantanamera (1994),Guantanamera,1994,https://m.media-amazon.com/images/M/MV5BMzQzZjUzMDUtZDg0Yy00Y2RmLWI5YjQtZjE4NzExZGUyYjc2XkEyXkFqcGc@._V1_.jpg,imdb-suggest,tt0109949,Guantanamera,2026-06-21T07:25:23+00:00
1445,McHale's Navy (1997),McHale's Navy,1997,https://en.wikipedia.org/wiki/Special:FilePath/Mchales_navy_poster.jpg,wikipedia-infobox,5973389,McHale's Navy (1997 film),2026-06-20T13:54:31+00:00
1446,Kolya (1996),Kolya,1996,https://en.wikipedia.org/wiki/Special:FilePath/Kolya.jpg,wikipedia-infobox,744783,Kolya (film),2026-06-20T13:54:33+00:00
1447,Gridlock'd (1997),Gridlock'd,1997,https://en.wikipedia.org/wiki/Special:FilePath/Gridlockdposter.jpg,wikipedia-infobox,2932827,Gridlock'd,2026-06-20T13:54:32+00:00
1449,Waiting for Guffman (1996),Waiting for Guffman,1996,https://en.wikipedia.org/wiki/Special:FilePath/Waiting_for_Guffman.jpg,wikipedia-infobox,706860,Waiting for Guffman,2026-06-20T13:54:32+00:00
1450,Prisoner of the Mountains (Kavkazsky Plennik) (1996),Prisoner of the Mountains (Kavkazsky Plennik),1996,https://en.wikipedia.org/wiki/Special:FilePath/PrisoneroftheMountains.jpg,wikipedia-infobox,8423598,Prisoner of the Mountains,2026-06-20T20:35:09+00:00
1453,"Beautician and the Beast, The (1997)","Beautician and the Beast, The",1997,https://en.wikipedia.org/wiki/Special:FilePath/TheBeauticianandtheBeast.jpg,wikipedia-infobox,1006812,The Beautician and the Beast,2026-06-20T13:54:32+00:00
1454,SubUrbia (1997),SubUrbia,1997,https://en.wikipedia.org/wiki/Special:FilePath/SubUrbia_film_poster.jpg,wikipedia-infobox,3175826,SubUrbia (film),2026-06-20T13:54:33+00:00
1455,Hotel de Love (1996),Hotel de Love,1996,https://en.wikipedia.org/wiki/Special:FilePath/Hotel_de_Love.jpg,wikipedia-infobox,32605350,Hotel de Love,2026-06-20T13:54:32+00:00
1456,"Pest, The (1997)","Pest, The",1997,https://en.wikipedia.org/wiki/Special:FilePath/ThePestMoviePoster.jpg,wikipedia-infobox,3107308,The Pest (1997 film),2026-06-20T13:54:31+00:00
1457,Fools Rush In (1997),Fools Rush In,1997,https://en.wikipedia.org/wiki/Special:FilePath/Fools_rush_in_ver2.jpg,wikipedia-infobox,143814,Fools Rush In (1997 film),2026-06-20T13:54:31+00:00
1458,Touch (1997),Touch,1997,https://en.wikipedia.org/wiki/Special:FilePath/Touch_%281997%29_movie_poster.png,wikipedia-infobox,3300749,Touch (1997 film),2026-06-20T13:54:31+00:00
1459,Absolute Power (1997),Absolute Power,1997,https://en.wikipedia.org/wiki/Special:FilePath/Absolute_power.jpg,wikipedia-infobox,3123893,Absolute Power (film),2026-06-20T13:54:33+00:00
1460,That Darn Cat! (1997),That Darn Cat!,1997,https://en.wikipedia.org/wiki/Special:FilePath/That_Darn_Cat_-_1965_Poster.jpg,wikipedia-infobox,1204699,That Darn Cat!,2026-06-20T13:54:32+00:00
1461,Vegas Vacation (1997),Vegas Vacation,1997,https://en.wikipedia.org/wiki/Special:FilePath/Vegas_Vacation_Poster.jpg,wikipedia-infobox,2255067,Vegas Vacation,2026-06-20T13:54:32+00:00
1463,That Old Feeling (1997),That Old Feeling,1997,https://en.wikipedia.org/wiki/Special:FilePath/That_old_feeling_ver3.jpg,wikipedia-infobox,6369452,That Old Feeling (film),2026-06-20T13:54:33+00:00
1464,Lost Highway (1997),Lost Highway,1997,https://en.wikipedia.org/wiki/Special:FilePath/Lost_Higway_%281997%29.png,wikipedia-infobox,204839,Lost Highway (film),2026-06-20T13:54:31+00:00
1465,Rosewood (1997),Rosewood,1997,https://en.wikipedia.org/wiki/Special:FilePath/Rosewood_1997_poster.jpg,wikipedia-infobox,3050069,Rosewood (film),2026-06-20T13:54:33+00:00
1466,Donnie Brasco (1997),Donnie Brasco,1997,https://en.wikipedia.org/wiki/Special:FilePath/Donnie_brasco_ver2.jpg,wikipedia-infobox,1995696,Donnie Brasco (film),2026-06-20T20:19:07+00:00
1468,Booty Call (1997),Booty Call,1997,https://en.wikipedia.org/wiki/Special:FilePath/Booty_call_poster.jpg,wikipedia-infobox,1291727,Booty Call (film),2026-06-20T13:54:33+00:00
1470,Rhyme & Reason (1997),Rhyme & Reason,1997,https://en.wikipedia.org/wiki/Special:FilePath/rhymeandreason.jpg,wikipedia-infobox,18238051,Rhyme & Reason (film),2026-06-20T13:54:56+00:00
1471,Boys Life 2 (1997),Boys Life 2,1997,https://en.wikipedia.org/wiki/Special:FilePath/Boys_Life_2_poster.jpg,wikipedia-infobox,1496793,Boys Life 2,2026-06-20T13:54:55+00:00
1472,City of Industry (1997),City of Industry,1997,https://en.wikipedia.org/wiki/Special:FilePath/City-of-Industry-Poster.jpg,wikipedia-infobox,5733528,City of Industry (film),2026-06-20T13:54:56+00:00
1473,Best Men (1997),Best Men,1997,https://en.wikipedia.org/wiki/Special:FilePath/Best_Men.jpg,wikipedia-infobox,3027912,Best Men,2026-06-20T13:54:55+00:00
1474,Jungle2Jungle (a.k.a. Jungle 2 Jungle) (1997),Jungle2Jungle (a.k.a. Jungle 2 Jungle),1997,https://en.wikipedia.org/wiki/Special:FilePath/Jungle_two_jungle_ver1.jpg,wikipedia-infobox,1250208,Jungle 2 Jungle,2026-06-20T20:35:09+00:00
1475,Kama Sutra: A Tale of Love (1996),Kama Sutra: A Tale of Love,1996,https://en.wikipedia.org/wiki/Special:FilePath/Kamsutraposter.jpg,wikipedia-infobox,852742,Kama Sutra: A Tale of Love,2026-06-20T13:54:55+00:00
1476,Private Parts (1997),Private Parts,1997,https://en.wikipedia.org/wiki/Special:FilePath/Howard_Sterns_Private_Parts_Film_Poster.JPG,wikipedia-infobox,9468375,Private Parts (1997 film),2026-06-20T13:54:54+00:00
1477,Love Jones (1997),Love Jones,1997,https://en.wikipedia.org/wiki/Special:FilePath/LoveJonesMovie.jpg,wikipedia-infobox,2812852,Love Jones (film),2026-06-20T13:54:54+00:00
1479,"Saint, The (1997)","Saint, The",1997,https://en.wikipedia.org/wiki/Special:FilePath/The_Saint_1997_poster.jpg,wikipedia-infobox,1567200,The Saint (1997 film),2026-06-20T13:54:54+00:00
1480,Smilla's Sense of Snow (1997),Smilla's Sense of Snow,1997,https://en.wikipedia.org/wiki/Special:FilePath/Smillaposter.jpg,wikipedia-infobox,15469761,Smilla's Sense of Snow (film),2026-06-20T20:19:07+00:00
1482,"Van, The (1996)","Van, The",1996,https://en.wikipedia.org/wiki/Special:FilePath/The_Van_1996_poster.jpg,wikipedia-infobox,14637197,The Van (1996 film),2026-06-20T13:54:54+00:00
1483,Crash (1996),Crash,1996,https://en.wikipedia.org/wiki/Special:FilePath/Crash1996movieposter.jpg,wikipedia-infobox,2077360,Crash (1996 film),2026-06-20T13:54:54+00:00
1484,"Daytrippers, The (1996)","Daytrippers, The",1996,https://en.wikipedia.org/wiki/Special:FilePath/Film_poster_for_the_1996_film_The_Daytrippers.jpg,wikipedia-infobox,3524152,The Daytrippers,2026-06-20T13:54:55+00:00
1485,Liar Liar (1997),Liar Liar,1997,https://en.wikipedia.org/wiki/Special:FilePath/Liar_Liar_poster.JPG,wikipedia-infobox,657446,Liar Liar,2026-06-20T13:54:54+00:00
1486,"Quiet Room, The (1996)","Quiet Room, The",1996,https://en.wikipedia.org/wiki/Special:FilePath/TheQuietRoom.jpg,wikipedia-infobox,24396026,The Quiet Room (1996 film),2026-06-20T13:54:54+00:00
1487,Selena (1997),Selena,1997,https://en.wikipedia.org/wiki/Special:FilePath/Selena_Quintanilla-P%C3%A9rez.jpg,wikipedia-infobox,69795,Selena,2026-06-20T13:54:55+00:00
1488,"Devil's Own, The (1997)","Devil's Own, The",1997,https://en.wikipedia.org/wiki/Special:FilePath/Devils_own_film.jpg,wikipedia-infobox,673903,The Devil's Own,2026-06-20T13:54:55+00:00
1489,Cats Don't Dance (1997),Cats Don't Dance,1997,https://en.wikipedia.org/wiki/Special:FilePath/Cats_dont_dance_poster.jpg,wikipedia-infobox,668614,Cats Don't Dance,2026-06-20T13:54:55+00:00
1490,B*A*P*S (1997),B*A*P*S,1997,https://en.wikipedia.org/wiki/Special:FilePath/BAPsFilmPoster.jpg,wikipedia-infobox,2850308,B.A.P.S.,2026-06-20T13:54:55+00:00
1493,Love and Other Catastrophes (1996),Love and Other Catastrophes,1996,https://en.wikipedia.org/wiki/Special:FilePath/Love_and_Other_Catastrophes_1996.jpg,wikipedia-infobox,7444251,Love and Other Catastrophes,2026-06-20T13:54:55+00:00
1494,"Sixth Man, The (1997)","Sixth Man, The",1997,https://en.wikipedia.org/wiki/Special:FilePath/Sixth_man_poster.jpg,wikipedia-infobox,5969984,The 6th Man,2026-06-20T13:54:55+00:00
1495,Turbo: A Power Rangers Movie (1997),Turbo: A Power Rangers Movie,1997,https://en.wikipedia.org/wiki/Special:FilePath/Turbo_a_power_rangers_movie.jpg,wikipedia-infobox,1594408,Turbo: A Power Rangers Movie,2026-06-20T13:54:55+00:00
1496,Anna Karenina (1997),Anna Karenina,1997,https://en.wikipedia.org/wiki/Special:FilePath/Leo_tolstoys_anna_karenina.jpg,wikipedia-infobox,11501271,Anna Karenina (1997 film),2026-06-20T13:54:54+00:00
1497,Double Team (1997),Double Team,1997,https://en.wikipedia.org/wiki/Special:FilePath/Double_team_ver1.jpg,wikipedia-infobox,2862407,Double Team (film),2026-06-20T13:54:56+00:00
1498,Inventing the Abbotts (1997),Inventing the Abbotts,1997,https://en.wikipedia.org/wiki/Special:FilePath/Inventing_the_abbotts_poster.jpg,wikipedia-infobox,2415806,Inventing the Abbotts,2026-06-20T13:54:55+00:00
1499,Anaconda (1997),Anaconda,1997,https://en.wikipedia.org/wiki/Special:FilePath/Anaconda_ver2.jpg,wikipedia-infobox,703970,Anaconda (1997 film),2026-06-20T13:54:54+00:00
1500,Grosse Pointe Blank (1997),Grosse Pointe Blank,1997,https://en.wikipedia.org/wiki/Special:FilePath/Grosse_Pointe_Blank_poster.jpg,wikipedia-infobox,1533664,Grosse Pointe Blank,2026-06-20T13:54:55+00:00
1501,Keys to Tulsa (1997),Keys to Tulsa,1997,https://en.wikipedia.org/wiki/Special:FilePath/Keys_to_tulsa.jpg,wikipedia-infobox,2508590,Keys to Tulsa,2026-06-20T13:54:55+00:00
1502,Kissed (1996),Kissed,1996,https://en.wikipedia.org/wiki/Special:FilePath/Kissed_%281996_movie_poster%29.jpg,wikipedia-infobox,4198198,Kissed,2026-06-20T13:54:55+00:00
1503,8 Heads in a Duffel Bag (1997),8 Heads in a Duffel Bag,1997,https://en.wikipedia.org/wiki/Special:FilePath/Eight_heads_in_a_duffel_bag.jpg,wikipedia-infobox,3787708,8 Heads in a Duffel Bag,2026-06-20T13:54:55+00:00
1504,Hollow Reed (1996),Hollow Reed,1996,https://en.wikipedia.org/wiki/Special:FilePath/Hollow_Reed_film_poster.jpg,wikipedia-infobox,26122983,Hollow Reed,2026-06-20T13:54:55+00:00
1507,Paradise Road (1997),Paradise Road,1997,https://en.wikipedia.org/wiki/Special:FilePath/ParadiseRoad1997Poster.jpg,wikipedia-infobox,4299492,Paradise Road (1997 film),2026-06-20T13:54:54+00:00
1508,Traveller (1997),Traveller,1997,https://en.wikipedia.org/wiki/Special:FilePath/Traveller_movie_poster.jpg,wikipedia-infobox,5646183,Traveller (1997 film),2026-06-20T13:54:54+00:00
1509,All Over Me (1997),All Over Me,1997,https://en.wikipedia.org/wiki/Special:FilePath/AllOverMeIndieFilm.jpg,wikipedia-infobox,2298243,All Over Me (film),2026-06-20T13:54:56+00:00
1510,"Brother's Kiss, A (1997)","Brother's Kiss, A",1997,https://en.wikipedia.org/wiki/Special:FilePath/A_Brother%27s_Kiss_poster.jpg,wikipedia-infobox,55052950,A Brother's Kiss,2026-06-20T13:54:55+00:00
1511,A Chef in Love (1996),A Chef in Love,1996,https://en.wikipedia.org/wiki/Special:FilePath/A_Chef_in_Love_VideoCover.jpeg,wikipedia-infobox,7810848,A Chef in Love,2026-06-20T13:54:55+00:00
1513,Romy and Michele's High School Reunion (1997),Romy and Michele's High School Reunion,1997,https://en.wikipedia.org/wiki/Special:FilePath/Romy_and_michele_s_high_school_reunion.jpg,wikipedia-infobox,201553,Romy and Michele's High School Reunion,2026-06-20T13:54:55+00:00
1514,Temptress Moon (Feng Yue) (1996),Temptress Moon (Feng Yue),1996,https://en.wikipedia.org/wiki/Special:FilePath/Temptressmoon.jpg,wikipedia-infobox,781321,Temptress Moon,2026-06-20T20:35:09+00:00
1515,Volcano (1997),Volcano,1997,https://en.wikipedia.org/wiki/Special:FilePath/Volcano_%281997_film%29.jpg,wikipedia-infobox,545187,Volcano (1997 film),2026-06-20T13:54:54+00:00
1516,Children of the Revolution (1996),Children of the Revolution,1996,https://en.wikipedia.org/wiki/Special:FilePath/Children_of_the_Revolution_%281996_film%29.jpg,wikipedia-infobox,6040862,Children of the Revolution (1996 film),2026-06-20T13:54:54+00:00
1517,Austin Powers: International Man of Mystery (1997),Austin Powers: International Man of Mystery,1997,https://en.wikipedia.org/wiki/Special:FilePath/Austin_Powers_International_Man_of_Mystery_theatrical_poster.jpg,wikipedia-infobox,151465,Austin Powers: International Man of Mystery,2026-06-20T18:56:27+00:00
1518,Breakdown (1997),Breakdown,1997,https://en.wikipedia.org/wiki/Special:FilePath/Breakdownmovie.jpg,wikipedia-infobox,1730420,Breakdown (1997 film),2026-06-20T18:56:27+00:00
1519,Broken English (1996),Broken English,1996,https://en.wikipedia.org/wiki/Special:FilePath/Brokenenglish1996.jpg,wikipedia-infobox,9417340,Broken English (1996 film),2026-06-20T18:56:27+00:00
1520,Commandments (1997),Commandments,1997,https://en.wikipedia.org/wiki/Special:FilePath/Commandments_1997_DVD_cover.jpg,wikipedia-infobox,1007563,Commandments (film),2026-06-20T18:56:28+00:00
1522,Ripe (1996),Ripe,1996,https://en.wikipedia.org/wiki/Special:FilePath/Ripe.jpg,wikipedia-infobox,12428333,Ripe (1996 film),2026-06-20T18:56:27+00:00
1523,"Truth or Consequences, N.M. (1997)","Truth or Consequences, N.M.",1997,https://en.wikipedia.org/wiki/Special:FilePath/truthconsequencescover.jpg,wikipedia-infobox,4317405,"Truth or Consequences, N.M. (film)",2026-06-20T18:56:28+00:00
1525,Warriors of Virtue (1997),Warriors of Virtue,1997,https://en.wikipedia.org/wiki/Special:FilePath/Warriors_of_virtue.jpg,wikipedia-infobox,4446736,Warriors of Virtue,2026-06-20T18:56:27+00:00
1526,Fathers' Day (1997),Fathers' Day,1997,https://en.wikipedia.org/wiki/Special:FilePath/Fathers_day_poster.jpg,wikipedia-infobox,961937,Fathers' Day (1997 film),2026-06-20T18:56:27+00:00
1527,"Fifth Element, The (1997)","Fifth Element, The",1997,https://en.wikipedia.org/wiki/Special:FilePath/Fifth_element_poster_%281997%29.jpg,wikipedia-infobox,143809,The Fifth Element,2026-06-20T18:56:27+00:00
1528,Intimate Relations (1996),Intimate Relations,1996,https://en.wikipedia.org/wiki/Special:FilePath/Intimate-relations.jpg,wikipedia-infobox,1744691,Intimate Relations (1996 film),2026-06-20T18:56:27+00:00
1529,Nowhere (1997),Nowhere,1997,https://en.wikipedia.org/wiki/Special:FilePath/Nowhere_araki.jpg,wikipedia-infobox,1223386,Nowhere (1997 film),2026-06-20T18:56:27+00:00
1531,Losing Chase (1996),Losing Chase,1996,https://en.wikipedia.org/wiki/Special:FilePath/Losing_chase.jpg,wikipedia-infobox,38144684,Losing Chase,2026-06-20T18:57:01+00:00
1532,Sprung (1997),Sprung,1997,https://en.wikipedia.org/wiki/Special:FilePath/SprungMoviePoster.jpg,wikipedia-infobox,2966368,Sprung (film),2026-06-20T18:57:02+00:00
1533,"Promise, The (La Promesse) (1996)","Promise, The (La Promesse)",1996,https://en.wikipedia.org/wiki/Special:FilePath/La_Promesse_poster.jpg,wikipedia-infobox,3342063,La Promesse,2026-06-20T20:35:08+00:00
1534,"Bonheur, Le (1965)","Bonheur, Le",1965,https://m.media-amazon.com/images/M/MV5BZTc0MTc0NjQtMjM3ZS00OGYwLThmNDEtMzA2YzJkZDMzOTg1XkEyXkFqcGc@._V1_.jpg,imdb-suggest,tt0058985,Happiness,2026-06-21T07:31:25+00:00
1535,Love! Valour! Compassion! (1997),Love! Valour! Compassion!,1997,https://en.wikipedia.org/wiki/Special:FilePath/Love%21_Valour%21_Compassion%21_%28film%29.jpg,wikipedia-infobox,18168131,Love! Valour! Compassion! (film),2026-06-20T18:57:02+00:00
1537,Shall We Dance? (Shall We Dansu?) (1996),Shall We Dance? (Shall We Dansu?),1996,https://en.wikipedia.org/wiki/Special:FilePath/Shall_We_Dansu.jpg,wikipedia-infobox,1320563,Shall We Dance? (1996 film),2026-06-20T20:35:08+00:00
1538,"Second Jungle Book: Mowgli & Baloo, The (1997)","Second Jungle Book: Mowgli & Baloo, The",1997,https://en.wikipedia.org/wiki/Special:FilePath/The_Second_Jungle_Book-_Mowgli_%26_Baloo_VideoCover.jpeg,wikipedia-infobox,5498919,The Second Jungle Book: Mowgli & Baloo,2026-06-20T18:57:01+00:00
1539,Twin Town (1997),Twin Town,1997,https://en.wikipedia.org/wiki/Special:FilePath/Twin_town.jpg,wikipedia-infobox,1710667,Twin Town,2026-06-20T18:57:01+00:00
1541,Addicted to Love (1997),Addicted to Love,1997,https://en.wikipedia.org/wiki/Special:FilePath/Addicted_to_love_poster.jpg,wikipedia-infobox,319017,Addicted to Love (film),2026-06-20T18:56:29+00:00
1542,Brassed Off (1996),Brassed Off,1996,https://en.wikipedia.org/wiki/Special:FilePath/BrassedOff_G1_C234.jpg,wikipedia-infobox,1265864,Brassed Off,2026-06-20T18:57:01+00:00
1543,"Designated Mourner, The (1997)","Designated Mourner, The",1997,https://m.media-amazon.com/images/M/MV5BMTY2NDE5NjY4MV5BMl5BanBnXkFtZTcwNzkzNDIyMQ@@._V1_.jpg,imdb-suggest,tt0118964,The Designated Mourner,2026-06-21T07:13:18+00:00
1544,"Lost World: Jurassic Park, The (1997)","Lost World: Jurassic Park, The",1997,https://en.wikipedia.org/wiki/Special:FilePath/The_Lost_World_%E2%80%93_Jurassic_Park_poster.jpg,wikipedia-infobox,666923,The Lost World: Jurassic Park,2026-06-20T18:57:01+00:00
1545,Ponette (1996),Ponette,1996,https://en.wikipedia.org/wiki/Special:FilePath/Ponette.jpg,wikipedia-infobox,2966044,Ponette,2026-06-20T18:57:01+00:00
1546,Schizopolis (1996),Schizopolis,1996,https://en.wikipedia.org/wiki/Special:FilePath/Schizopolis.jpg,wikipedia-infobox,527169,Schizopolis,2026-06-20T18:57:01+00:00
1547,Shiloh (1997),Shiloh,1997,https://m.media-amazon.com/images/M/MV5BZjU2YzYxMjktMzExMC00YTc3LTkyN2QtNDU2NDE5NzljZmQ5XkEyXkFqcGc@._V1_.jpg,imdb-suggest,tt0120118,Shiloh,2026-06-21T07:25:23+00:00
1548,"War at Home, The (1996)","War at Home, The",1996,https://en.wikipedia.org/wiki/Special:FilePath/The_War_at_Home_DVD_Cover.jpg,wikipedia-infobox,1352821,The War at Home (1996 film),2026-06-20T18:56:29+00:00
1549,Rough Magic (1995),Rough Magic,1995,https://en.wikipedia.org/wiki/Special:FilePath/Rough_Magic.jpg,wikipedia-infobox,36610303,Rough Magic,2026-06-20T18:57:01+00:00
1550,Trial and Error (1997),Trial and Error,1997,https://en.wikipedia.org/wiki/Special:FilePath/Trial_and_error_poster.jpg,wikipedia-infobox,4459059,Trial and Error (1997 film),2026-06-20T18:56:29+00:00
1551,Buddy (1997),Buddy,1997,https://en.wikipedia.org/wiki/Special:FilePath/Buddy_poster.jpg,wikipedia-infobox,6599431,Buddy (1997 film),2026-06-20T18:56:29+00:00
1552,Con Air (1997),Con Air,1997,https://en.wikipedia.org/wiki/Special:FilePath/Conairinternational.jpg,wikipedia-infobox,559847,Con Air,2026-06-20T18:57:01+00:00
1553,Late Bloomers (1996),Late Bloomers,1996,https://m.media-amazon.com/images/M/MV5BYzVkM2M4NDEtYWI5Zi00ODE2LWI0N2UtMDgwNzIxMGU0YWM1XkEyXkFqcGc@._V1_.jpg,imdb-suggest,tt0116834,Late Bloomers,2026-06-21T07:13:21+00:00
1554,"Pillow Book, The (1995)","Pillow Book, The",1995,https://m.media-amazon.com/images/M/MV5BNDJiYTI4ZjMtMzExZS00N2NhLThlZjEtYWQzODlhYzdjZjNmXkEyXkFqcGc@._V1_.jpg,imdb-suggest,tt0114134,The Pillow Book,2026-06-21T07:25:23+00:00
1555,"To Have, or Not (1995)","To Have, or Not",1995,https://m.media-amazon.com/images/M/MV5BZDlkYjJjMDItMzcxZi00OGJiLTgyMWYtNGY4YTliMjRmNmY1XkEyXkFqcGc@._V1_.jpg,imdb-suggest,tt0112951,To Have (or Not),2026-06-21T07:13:24+00:00
1556,Speed 2: Cruise Control (1997),Speed 2: Cruise Control,1997,https://en.wikipedia.org/wiki/Special:FilePath/Speed_two_cruise_control.jpg,wikipedia-infobox,1046769,Speed 2: Cruise Control,2026-06-20T18:57:04+00:00
1558,Sudden Manhattan (1996),Sudden Manhattan,1996,https://m.media-amazon.com/images/M/MV5BMTM5OTE0NDMyOF5BMl5BanBnXkFtZTcwMjcxMTYxMQ@@._V1_.jpg,imdb-suggest,tt0117775,Sudden Manhattan,2026-06-21T07:13:26+00:00
1561,Wedding Bell Blues (1996),Wedding Bell Blues,1996,https://en.wikipedia.org/wiki/Special:FilePath/Wedding_Bell_Blues_%28film%29.jpg,wikipedia-infobox,12459069,Wedding Bell Blues (film),2026-06-20T18:57:05+00:00
1562,Batman & Robin (1997),Batman & Robin,1997,https://en.wikipedia.org/wiki/Special:FilePath/Batman_%26_Robin_poster.jpg,wikipedia-infobox,4729,Batman & Robin (film),2026-06-20T18:57:04+00:00
1563,Dream With the Fishes (1997),Dream With the Fishes,1997,https://m.media-amazon.com/images/M/MV5BNzgzNmY1ODktNzMwZi00ZGJiLTk3MDEtYzQ0ZGZkZTg4Y2JiXkEyXkFqcGc@._V1_.jpg,imdb-suggest,tt0119019,Dream with the Fishes,2026-06-21T07:13:28+00:00
1564,Roseanna's Grave (For Roseanna) (1997),Roseanna's Grave (For Roseanna),1997,https://en.wikipedia.org/wiki/Special:FilePath/For_Roseanna.jpg,wikipedia-infobox,25918153,Roseanna's Grave,2026-06-20T20:36:05+00:00
1565,Head Above Water (1996),Head Above Water,1996,https://en.wikipedia.org/wiki/Special:FilePath/Headabovewaterposter.jpg,wikipedia-infobox,2182638,Head Above Water (film),2026-06-20T13:55:53+00:00
1566,Hercules (1997),Hercules,1997,https://en.wikipedia.org/wiki/Special:FilePath/Hercules_%281997_film%29_poster.jpg,wikipedia-infobox,165289,Hercules (1997 film),2026-06-20T13:55:52+00:00
1567,"Last Time I Committed Suicide, The (1997)","Last Time I Committed Suicide, The",1997,https://en.wikipedia.org/wiki/Special:FilePath/LastTimeICommittedSuicide.jpg,wikipedia-infobox,1931336,The Last Time I Committed Suicide,2026-06-20T13:55:53+00:00
1569,My Best Friend's Wedding (1997),My Best Friend's Wedding,1997,https://en.wikipedia.org/wiki/Special:FilePath/My_Best_Friends_Wedding.jpg,wikipedia-infobox,277148,My Best Friend's Wedding,2026-06-20T13:55:53+00:00
1570,Tetsuo II: Body Hammer (1992),Tetsuo II: Body Hammer,1992,https://en.wikipedia.org/wiki/Special:FilePath/Tetsuo_2_body_hammer_poster.jpg,wikipedia-infobox,4241206,Tetsuo II: Body Hammer,2026-06-20T13:55:53+00:00
1571,When the Cats Away (Chacun cherche son chat) (1996),When the Cats Away (Chacun cherche son chat),1996,https://en.wikipedia.org/wiki/Special:FilePath/Chacun_cherche_son_chat.jpg,wikipedia-infobox,5150992,When the Cat's Away (1996 film),2026-06-20T20:36:05+00:00
1572,Contempt (Le Mépris) (1963),Contempt (Le Mépris),1963,https://en.wikipedia.org/wiki/Special:FilePath/1963_Le_mepris_1.jpg,wikipedia-infobox,1109777,Contempt (film),2026-06-20T20:36:05+00:00
1573,Face/Off (1997),Face/Off,1997,https://en.wikipedia.org/wiki/Special:FilePath/FaceOff_poster.jpg,wikipedia-infobox,648921,Face/Off,2026-06-20T13:55:53+00:00
1574,Fall (1997),Fall,1997,https://en.wikipedia.org/wiki/Special:FilePath/Fall_1997_film_cover.jpg,wikipedia-infobox,32508126,Fall (1997 film),2026-06-20T13:55:52+00:00
1575,Gabbeh (1996),Gabbeh,1996,https://en.wikipedia.org/wiki/Special:FilePath/Gabbeh_film_poster.jpg,wikipedia-infobox,4767062,Gabbeh (film),2026-06-20T13:55:53+00:00
1579,For Ever Mozart (1996),For Ever Mozart,1996,https://en.wikipedia.org/wiki/Special:FilePath/for-ever-mozart.jpg,wikipedia-infobox,17756102,For Ever Mozart,2026-06-20T13:55:53+00:00
1580,Men in Black (1997),Men in Black,1997,https://en.wikipedia.org/wiki/Special:FilePath/Men_in_Black_Poster.jpg,wikipedia-infobox,167599,Men in Black (1997 film),2026-06-20T13:55:52+00:00
1581,Out to Sea (1997),Out to Sea,1997,https://en.wikipedia.org/wiki/Special:FilePath/Out_to_sea_poster.jpg,wikipedia-infobox,2272403,Out to Sea,2026-06-20T13:55:53+00:00
1582,Wild America (1997),Wild America,1997,https://en.wikipedia.org/wiki/Special:FilePath/Wild_America_poster.jpg,wikipedia-infobox,5703641,Wild America (film),2026-06-20T13:55:53+00:00
1583,"Simple Wish, A (1997)","Simple Wish, A",1997,https://en.wikipedia.org/wiki/Special:FilePath/Asimplewish.jpg,wikipedia-infobox,704063,A Simple Wish,2026-06-20T13:55:53+00:00
1584,Contact (1997),Contact,1997,https://en.wikipedia.org/wiki/Special:FilePath/Contact_ver2.jpg,wikipedia-infobox,Q270215,Contact,2026-06-20T13:56:12+00:00
1585,Love Serenade (1996),Love Serenade,1996,https://en.wikipedia.org/wiki/Special:FilePath/Love_Serenade_%281996_film%29.jpg,wikipedia-infobox,9767038,Love Serenade,2026-06-20T13:55:53+00:00
1586,G.I. Jane (1997),G.I. Jane,1997,https://en.wikipedia.org/wiki/Special:FilePath/Gijane.jpg,wikipedia-infobox,706803,G.I. Jane,2026-06-20T13:55:53+00:00
1587,Conan the Barbarian (1982),Conan the Barbarian,1982,https://en.wikipedia.org/wiki/Special:FilePath/Conan_movie_psoter.jpg,wikipedia-infobox,3444797,Conan the Barbarian (1982 film),2026-06-20T13:55:52+00:00
1588,George of the Jungle (1997),George of the Jungle,1997,https://en.wikipedia.org/wiki/Special:FilePath/GeorgeOfTheJungleVHS.jpg,wikipedia-infobox,680014,George of the Jungle,2026-06-20T13:55:53+00:00
1589,Cop Land (1997),Cop Land,1997,https://en.wikipedia.org/wiki/Special:FilePath/cop_land_movie_poster.jpg,wikipedia-infobox,1045986,Cop Land,2026-06-20T13:55:53+00:00
1590,Event Horizon (1997),Event Horizon,1997,https://en.wikipedia.org/wiki/Special:FilePath/Event_horizon_ver1.jpg,wikipedia-infobox,29320113,Event Horizon (film),2026-06-20T13:55:53+00:00
1591,Spawn (1997),Spawn,1997,https://en.wikipedia.org/wiki/Special:FilePath/spawnmovieposter.jpg,wikipedia-infobox,1397876,Spawn (1997 film),2026-06-20T13:55:52+00:00
1592,Air Bud (1997),Air Bud,1997,https://en.wikipedia.org/wiki/Special:FilePath/Air_bud_poster.jpg,wikipedia-infobox,1204611,Air Bud,2026-06-20T13:55:53+00:00
1593,Picture Perfect (1997),Picture Perfect,1997,https://en.wikipedia.org/wiki/Special:FilePath/Picture_perfect_ver1.jpg,wikipedia-infobox,6241436,Picture Perfect (1997 film),2026-06-20T13:55:52+00:00
1594,In the Company of Men (1997),In the Company of Men,1997,https://en.wikipedia.org/wiki/Special:FilePath/In_the_Company_of_Men.jpg,wikipedia-infobox,463396,In the Company of Men,2026-06-20T13:55:53+00:00
1595,Free Willy 3: The Rescue (1997),Free Willy 3: The Rescue,1997,https://en.wikipedia.org/wiki/Special:FilePath/Free_Willy_3_The_Rescue.jpg,wikipedia-infobox,4032619,Free Willy 3: The Rescue,2026-06-20T13:55:53+00:00
1596,Career Girls (1997),Career Girls,1997,https://en.wikipedia.org/wiki/Special:FilePath/Career_girls_poster.jpg,wikipedia-infobox,3033392,Career Girls,2026-06-20T13:55:53+00:00
1597,Conspiracy Theory (1997),Conspiracy Theory,1997,https://en.wikipedia.org/wiki/Special:FilePath/Conspiracy_theory_poster.jpg,wikipedia-infobox,144161,Conspiracy Theory (film),2026-06-20T13:55:53+00:00
1598,Desperate Measures (1998),Desperate Measures,1998,https://en.wikipedia.org/wiki/Special:FilePath/Desperate_measures.jpg,wikipedia-infobox,2093587,Desperate Measures (film),2026-06-20T13:55:53+00:00
1599,Steel (1997),Steel,1997,https://en.wikipedia.org/wiki/Special:FilePath/Steelposter.jpg,wikipedia-infobox,2101749,Steel (1997 film),2026-06-20T13:55:52+00:00
1600,She's So Lovely (1997),She's So Lovely,1997,https://en.wikipedia.org/wiki/Special:FilePath/She%27s_So_Lovely.jpg,wikipedia-infobox,2423367,She's So Lovely,2026-06-20T13:55:53+00:00
1601,Hoodlum (1997),Hoodlum,1997,https://en.wikipedia.org/wiki/Special:FilePath/Hoodlumposter.jpg,wikipedia-infobox,1847229,Hoodlum (film),2026-06-20T13:55:53+00:00
1602,Leave It to Beaver (1997),Leave It to Beaver,1997,https://en.wikipedia.org/wiki/Special:FilePath/BeaverMovie.jpg,wikipedia-infobox,6503294,Leave It to Beaver (film),2026-06-20T13:55:52+00:00
1603,Mimic (1997),Mimic,1997,https://en.wikipedia.org/wiki/Special:FilePath/Mimic.jpg,wikipedia-infobox,1168522,Mimic (film),2026-06-20T13:55:53+00:00
1604,Money Talks (1997),Money Talks,1997,https://en.wikipedia.org/wiki/Special:FilePath/Money_talks_poster_1997.jpg,wikipedia-infobox,1620539,Money Talks (1997 film),2026-06-20T13:55:52+00:00
1605,Excess Baggage (1997),Excess Baggage,1997,https://en.wikipedia.org/wiki/Special:FilePath/Excess_baggage_poster.jpg,wikipedia-infobox,3422774,Excess Baggage (1997 film),2026-06-20T13:55:52+00:00
1606,Kull the Conqueror (1997),Kull the Conqueror,1997,https://en.wikipedia.org/wiki/Special:FilePath/Kull_the_Conquerorposter.jpg,wikipedia-infobox,1558226,Kull the Conqueror,2026-06-20T13:55:53+00:00
1608,Air Force One (1997),Air Force One,1997,https://en.wikipedia.org/wiki/Special:FilePath/Air_Force_One_%28movie_poster%29.jpg,wikipedia-infobox,238810,Air Force One (film),2026-06-20T13:55:53+00:00
1609,187 (1997),187,1997,https://en.wikipedia.org/wiki/Special:FilePath/One_eight_seven_ver1.jpg,wikipedia-infobox,2273470,One Eight Seven,2026-06-20T13:55:53+00:00
1610,"Hunt for Red October, The (1990)","Hunt for Red October, The",1990,https://en.wikipedia.org/wiki/Special:FilePath/HuntForRedOctober.JPG,wikipedia-infobox,30761,The Hunt for Red October,2026-06-20T18:57:04+00:00
1611,My Own Private Idaho (1991),My Own Private Idaho,1991,https://en.wikipedia.org/wiki/Special:FilePath/My_Own_Private_Idaho.png,wikipedia-infobox,605198,My Own Private Idaho,2026-06-20T18:57:04+00:00
1612,"Kiss Me, Guido (1997)","Kiss Me, Guido",1997,https://en.wikipedia.org/wiki/Special:FilePath/Kiss-me-guido.jpg,wikipedia-infobox,6199357,"Kiss Me, Guido",2026-06-20T18:57:04+00:00
1613,Star Maps (1997),Star Maps,1997,https://en.wikipedia.org/wiki/Special:FilePath/StarMapsfilm.jpg,wikipedia-infobox,27413062,Star Maps (film),2026-06-20T18:57:05+00:00
1614,In & Out (1997),In & Out,1997,https://en.wikipedia.org/wiki/Special:FilePath/In_%26_Out_%28film%29_poster.jpg,wikipedia-infobox,165794,In & Out (film),2026-06-20T18:57:05+00:00
1615,"Edge, The (1997)","Edge, The",1997,https://en.wikipedia.org/wiki/Special:FilePath/TheEdgeposter.jpg,wikipedia-infobox,181601,The Edge (1997 film),2026-06-20T18:57:04+00:00
1616,"Peacemaker, The (1997)","Peacemaker, The",1997,https://en.wikipedia.org/wiki/Special:FilePath/Peacemaker_imp.jpg,wikipedia-infobox,710094,The Peacemaker (1997 film),2026-06-20T18:57:04+00:00
1617,L.A. Confidential (1997),L.A. Confidential,1997,https://en.wikipedia.org/wiki/Special:FilePath/La_confidential.jpg,wikipedia-infobox,142457,L.A. Confidential (film),2026-06-20T18:57:05+00:00
1619,Seven Years in Tibet (1997),Seven Years in Tibet,1997,https://en.wikipedia.org/wiki/Special:FilePath/Seven_Years_in_Tibet_cover.jpeg,wikipedia-infobox,9796711,Seven Years in Tibet (1997 film),2026-06-20T18:57:04+00:00
1620,Kiss the Girls (1997),Kiss the Girls,1997,https://en.wikipedia.org/wiki/Special:FilePath/Kiss_the_Girls_movie.jpg,wikipedia-infobox,1164579,Kiss the Girls (1997 film),2026-06-20T18:57:07+00:00
1621,Soul Food (1997),Soul Food,1997,https://en.wikipedia.org/wiki/Special:FilePath/Soul-food-1997.jpg,wikipedia-infobox,1073955,Soul Food (film),2026-06-20T18:57:08+00:00
1622,Kicked in the Head (1997),Kicked in the Head,1997,https://en.wikipedia.org/wiki/Special:FilePath/Kicked-in-the-head-movie-poster-1997.jpg,wikipedia-infobox,48948141,Kicked in the Head (film),2026-06-20T18:57:08+00:00
1623,Wishmaster (1997),Wishmaster,1997,https://en.wikipedia.org/wiki/Special:FilePath/Wishmaster.jpg,wikipedia-infobox,456959,Wishmaster (film),2026-06-20T18:57:08+00:00
1624,"Thousand Acres, A (1997)","Thousand Acres, A",1997,https://en.wikipedia.org/wiki/Special:FilePath/Athousandacres.jpg,wikipedia-infobox,4908122,A Thousand Acres (film),2026-06-20T18:57:08+00:00
1625,"Game, The (1997)","Game, The",1997,https://en.wikipedia.org/wiki/Special:FilePath/The_Game_film_poster.jpg,wikipedia-infobox,3911312,The Game (1997 film),2026-06-20T18:57:07+00:00
1626,Fire Down Below (1997),Fire Down Below,1997,https://en.wikipedia.org/wiki/Special:FilePath/Fire_Down_Below.jpg,wikipedia-infobox,67431,Fire Down Below (1997 film),2026-06-20T18:57:07+00:00
1627,U Turn (1997),U Turn,1997,https://en.wikipedia.org/wiki/Special:FilePath/U-Turnposter.jpg,wikipedia-infobox,2423428,U Turn (1997 film),2026-06-20T18:57:07+00:00
1629,"MatchMaker, The (1997)","MatchMaker, The",1997,https://en.wikipedia.org/wiki/Special:FilePath/The_Matchmaker_%281997_movie_poster%29.jpg,wikipedia-infobox,8022805,The Matchmaker (1997 film),2026-06-20T18:57:07+00:00
1630,"Lay of the Land, The (1997)","Lay of the Land, The",1997,https://m.media-amazon.com/images/M/MV5BMTgyODA1ODU0OF5BMl5BanBnXkFtZTcwNTQxMTIyMQ@@._V1_.jpg,imdb-suggest,tt0123953,The Lay of the Land,2026-06-21T07:13:30+00:00
1631,"Assignment, The (1997)","Assignment, The",1997,https://en.wikipedia.org/wiki/Special:FilePath/Assignmentposter97.jpg,wikipedia-infobox,9078818,The Assignment (1997 film),2026-06-20T18:57:07+00:00
1632,"Smile Like Yours, A (1997)","Smile Like Yours, A",1997,https://en.wikipedia.org/wiki/Special:FilePath/ASmileLikeYours1997Poster.jpg,wikipedia-infobox,26253096,A Smile Like Yours,2026-06-20T18:57:08+00:00
1633,Ulee's Gold (1997),Ulee's Gold,1997,https://en.wikipedia.org/wiki/Special:FilePath/Ulees_gold.jpg,wikipedia-infobox,171550,Ulee's Gold,2026-06-20T18:57:08+00:00
1635,"Ice Storm, The (1997)","Ice Storm, The",1997,https://en.wikipedia.org/wiki/Special:FilePath/The_Ice_Storm_%28film%29.png,wikipedia-infobox,7770667,The Ice Storm (film),2026-06-20T18:57:08+00:00
1636,Stag (1997),Stag,1997,https://en.wikipedia.org/wiki/Special:FilePath/Stag_1997.jpg,wikipedia-infobox,20211854,Stag (film),2026-06-20T20:19:09+00:00
1639,Chasing Amy (1997),Chasing Amy,1997,https://en.wikipedia.org/wiki/Special:FilePath/Chasing_Amy_film.jpg,wikipedia-infobox,60293,Chasing Amy,2026-06-20T18:57:08+00:00
1640,How to Be a Player (1997),How to Be a Player,1997,https://en.wikipedia.org/wiki/Special:FilePath/Def_Jam%27s_How_to_Be_a_Player_film_poster.jpg,wikipedia-infobox,4191751,Def Jam's How to Be a Player,2026-06-20T18:57:08+00:00
1641,"Full Monty, The (1997)","Full Monty, The",1997,https://en.wikipedia.org/wiki/Special:FilePath/TheFullMonty.UKtheatricalposter.jpg,wikipedia-infobox,142453,The Full Monty,2026-06-20T18:57:08+00:00
1642,Indian Summer (a.k.a. Alive & Kicking) (1996),Indian Summer (a.k.a. Alive & Kicking),1996,https://en.wikipedia.org/wiki/Special:FilePath/Indian_Summer_film_poster_1996.jpg,wikipedia-infobox,28807198,Indian Summer (1996 film),2026-06-20T20:36:04+00:00
1643,"Mrs. Brown (Her Majesty, Mrs. Brown) (1997)","Mrs. Brown (Her Majesty, Mrs. Brown)",1997,https://en.wikipedia.org/wiki/Special:FilePath/Mrs_Brown_UK_theatrical_poster.jpg,wikipedia-infobox,143483,Mrs Brown,2026-06-20T20:36:05+00:00
1644,I Know What You Did Last Summer (1997),I Know What You Did Last Summer,1997,https://en.wikipedia.org/wiki/Special:FilePath/I_Know_What_You_Did_Last_Summer.jpg,wikipedia-infobox,255049,I Know What You Did Last Summer,2026-06-20T18:58:46+00:00
1645,"Devil's Advocate, The (1997)","Devil's Advocate, The",1997,https://en.wikipedia.org/wiki/Special:FilePath/Devilsadvocate.jpg,wikipedia-infobox,673274,The Devil's Advocate (1997 film),2026-06-20T18:58:46+00:00
1646,Rocket Man (1997),Rocket Man,1997,https://en.wikipedia.org/wiki/Special:FilePath/RocketMan_%281997_film%29.jpg,wikipedia-infobox,8829625,RocketMan (1997 film),2026-06-20T18:58:46+00:00
1647,Playing God (1997),Playing God,1997,https://en.wikipedia.org/wiki/Special:FilePath/Playinggodposter.jpg,wikipedia-infobox,6647358,Playing God (1997 film),2026-06-20T18:58:46+00:00
1648,"House of Yes, The (1997)","House of Yes, The",1997,https://en.wikipedia.org/wiki/Special:FilePath/The_House_of_Yes.jpg,wikipedia-infobox,2121431,The House of Yes,2026-06-20T18:58:47+00:00
1649,"Fast, Cheap & Out of Control (1997)","Fast, Cheap & Out of Control",1997,https://en.wikipedia.org/wiki/Special:FilePath/Fast-cheap-and-out-of-control.jpg,wikipedia-infobox,352693,"Fast, Cheap & Out of Control",2026-06-20T18:58:47+00:00
1650,Washington Square (1997),Washington Square,1997,https://en.wikipedia.org/wiki/Special:FilePath/WashingtonSquareMoviePoster.jpg,wikipedia-infobox,14137409,Washington Square (film),2026-06-20T18:58:46+00:00
1651,Telling Lies in America (1997),Telling Lies in America,1997,https://en.wikipedia.org/wiki/Special:FilePath/Telling_Lies_in_America_%281997%29_poster.jpg,wikipedia-infobox,5040274,Telling Lies in America,2026-06-20T18:58:47+00:00
1652,Year of the Horse (1997),Year of the Horse,1997,https://en.wikipedia.org/wiki/Special:FilePath/Neil_young_year_of_the_horse.jpg,wikipedia-infobox,1923288,Year of the Horse (film),2026-06-20T18:58:47+00:00
1653,Gattaca (1997),Gattaca,1997,https://en.wikipedia.org/wiki/Special:FilePath/Gattaca_poster.jpg,wikipedia-infobox,42886,Gattaca,2026-06-20T18:58:47+00:00
1654,FairyTale: A True Story (1997),FairyTale: A True Story,1997,https://en.wikipedia.org/wiki/Special:FilePath/Fairytale_a_true_story.jpg,wikipedia-infobox,3357705,FairyTale: A True Story,2026-06-20T18:58:47+00:00
1655,Phantoms (1998),Phantoms,1998,https://en.wikipedia.org/wiki/Special:FilePath/Phantomsposter.jpg,wikipedia-infobox,11922721,Phantoms (film),2026-06-20T13:56:50+00:00
1656,Swept from the Sea (1997),Swept from the Sea,1997,https://en.wikipedia.org/wiki/Special:FilePath/Sftspost.jpg,wikipedia-infobox,2442464,Swept from the Sea,2026-06-20T13:56:52+00:00
1657,Wonderland (1997),Wonderland,1997,https://m.media-amazon.com/images/M/MV5BYjkwYTEzZDctY2YyNi00NTI1LTljZTktYzk4ZGRjMWY5YWJiXkEyXkFqcGc@._V1_.jpg,imdb-suggest,tt0120529,Wonderland,2026-06-21T07:13:31+00:00
1658,"Life Less Ordinary, A (1997)","Life Less Ordinary, A",1997,https://en.wikipedia.org/wiki/Special:FilePath/Life_less.jpg,wikipedia-infobox,915192,A Life Less Ordinary,2026-06-20T13:56:52+00:00
1659,Hurricane Streets (1998),Hurricane Streets,1998,https://en.wikipedia.org/wiki/Special:FilePath/Hurricane_Streets_FilmPoster.jpeg,wikipedia-infobox,5697632,Hurricane Streets,2026-06-20T13:56:52+00:00
1660,Eve's Bayou (1997),Eve's Bayou,1997,https://en.wikipedia.org/wiki/Special:FilePath/EvesBayou.jpg,wikipedia-infobox,2159438,Eve's Bayou,2026-06-20T13:56:52+00:00
1661,Switchback (1997),Switchback,1997,https://en.wikipedia.org/wiki/Special:FilePath/Switchback_Poster.jpg,wikipedia-infobox,5101168,Switchback (film),2026-06-20T13:56:52+00:00
1662,Gang Related (1997),Gang Related,1997,https://en.wikipedia.org/wiki/Special:FilePath/Gang_related_ver1.jpg,wikipedia-infobox,4603146,Gang Related,2026-06-20T13:56:52+00:00
1663,Stripes (1981),Stripes,1981,https://en.wikipedia.org/wiki/Special:FilePath/Stripesposter.jpg,wikipedia-infobox,560511,Stripes (film),2026-06-20T13:56:52+00:00
1664,Nénette et Boni (1996),Nénette et Boni,1996,https://en.wikipedia.org/wiki/Special:FilePath/nenette-et-boni.jpg,wikipedia-infobox,11469460,Nénette and Boni,2026-06-20T13:56:52+00:00
1665,Bean (1997),Bean,1997,https://en.wikipedia.org/wiki/Special:FilePath/Bean_movie_poster.jpg,wikipedia-infobox,5079650,Bean (film),2026-06-20T13:56:50+00:00
1666,Hugo Pool (1997),Hugo Pool,1997,https://en.wikipedia.org/wiki/Special:FilePath/Hugo-Pool-film-poster.jpg,wikipedia-infobox,10536985,Hugo Pool,2026-06-20T13:56:52+00:00
1667,Mad City (1997),Mad City,1997,https://en.wikipedia.org/wiki/Special:FilePath/Mad_city_poster.jpg,wikipedia-infobox,12637837,Mad City (film),2026-06-20T13:56:52+00:00
1668,One Night Stand (1997),One Night Stand,1997,https://en.wikipedia.org/wiki/Special:FilePath/Onenightstandposter.jpg,wikipedia-infobox,5209312,One Night Stand (1997 film),2026-06-20T13:56:50+00:00
1669,"Tango Lesson, The (1997)","Tango Lesson, The",1997,https://en.wikipedia.org/wiki/Special:FilePath/Tangolessonposter101.jpg,wikipedia-infobox,262770,The Tango Lesson,2026-06-20T13:56:52+00:00
1670,Welcome To Sarajevo (1997),Welcome To Sarajevo,1997,https://en.wikipedia.org/wiki/Special:FilePath/Welcome_to_Sarajevo_Poster.jpg,wikipedia-infobox,2885391,Welcome to Sarajevo,2026-06-20T13:56:52+00:00
1671,Deceiver (1997),Deceiver,1997,https://en.wikipedia.org/wiki/Special:FilePath/Deceiver_Poster.jpg,wikipedia-infobox,13949859,Deceiver (film),2026-06-20T13:56:52+00:00
1672,"Rainmaker, The (1997)","Rainmaker, The",1997,https://en.wikipedia.org/wiki/Special:FilePath/John_grishams_the_rainmaker.jpg,wikipedia-infobox,190423,The Rainmaker (1997 film),2026-06-20T13:56:50+00:00
1673,Boogie Nights (1997),Boogie Nights,1997,https://en.wikipedia.org/wiki/Special:FilePath/Boogie_Nights_poster.png,wikipedia-infobox,452017,Boogie Nights,2026-06-20T13:56:52+00:00
1674,Witness (1985),Witness,1985,https://en.wikipedia.org/wiki/Special:FilePath/Witness_movie.jpg,wikipedia-infobox,84931,Witness (1985 film),2026-06-20T13:56:50+00:00
1675,Incognito (1997),Incognito,1997,https://en.wikipedia.org/wiki/Special:FilePath/Incognito1998Poster.jpg,wikipedia-infobox,11638265,Incognito (1997 film),2026-06-20T13:56:50+00:00
1676,Starship Troopers (1997),Starship Troopers,1997,https://en.wikipedia.org/wiki/Special:FilePath/Starship_Troopers_-_movie_poster.jpg,wikipedia-infobox,203841,Starship Troopers (film),2026-06-20T13:56:50+00:00
1677,Critical Care (1997),Critical Care,1997,https://en.wikipedia.org/wiki/Special:FilePath/Critical_care_poster.jpg,wikipedia-infobox,22633680,Critical Care (film),2026-06-20T13:56:52+00:00
1678,"Joy Luck Club, The (1993)","Joy Luck Club, The",1993,https://en.wikipedia.org/wiki/Special:FilePath/The_Joy_Luck_Club_%28film%29.jpg,wikipedia-infobox,5527808,The Joy Luck Club (film),2026-06-20T13:56:52+00:00
1679,Chairman of the Board (1998),Chairman of the Board,1998,https://en.wikipedia.org/wiki/Special:FilePath/Chairman_of_the_Board_poster.jpeg,wikipedia-infobox,30875429,Chairman of the Board (film),2026-06-20T13:56:52+00:00
1680,Sliding Doors (1998),Sliding Doors,1998,https://en.wikipedia.org/wiki/Special:FilePath/Sliding_Doors_poster.jpg,wikipedia-infobox,1653423,Sliding Doors,2026-06-20T13:56:52+00:00
1681,Mortal Kombat: Annihilation (1997),Mortal Kombat: Annihilation,1997,https://en.wikipedia.org/wiki/Special:FilePath/Mortal_kombat_annihilation.jpg,wikipedia-infobox,485540,Mortal Kombat Annihilation,2026-06-20T13:56:52+00:00
1682,"Truman Show, The (1998)","Truman Show, The",1998,https://en.wikipedia.org/wiki/Special:FilePath/Trumanshow.jpg,wikipedia-infobox,232711,The Truman Show,2026-06-20T13:56:52+00:00
1683,"Wings of the Dove, The (1997)","Wings of the Dove, The",1997,https://en.wikipedia.org/wiki/Special:FilePath/Wings_of_the_dove_ver1.jpg,wikipedia-infobox,3751746,The Wings of the Dove (1997 film),2026-06-20T13:56:50+00:00
1684,Mrs. Dalloway (1997),Mrs. Dalloway,1997,https://en.wikipedia.org/wiki/Special:FilePath/Mrs._Dalloway_cover.jpg,wikipedia-infobox,220272,Mrs Dalloway,2026-06-20T13:56:52+00:00
1685,"I Love You, I Love You Not (1996)","I Love You, I Love You Not",1996,https://en.wikipedia.org/wiki/Special:FilePath/I_Love_You_I_Love_You_Not_Poster.jpg,wikipedia-infobox,5981203,"I Love You, I Love You Not",2026-06-20T13:56:52+00:00
1686,Red Corner (1997),Red Corner,1997,https://en.wikipedia.org/wiki/Special:FilePath/Red_corner_poster.jpg,wikipedia-infobox,3014342,Red Corner,2026-06-20T13:56:52+00:00
1687,"Jackal, The (1997)","Jackal, The",1997,https://en.wikipedia.org/wiki/Special:FilePath/Jackal_film.jpg,wikipedia-infobox,1321819,The Jackal (1997 film),2026-06-20T13:56:50+00:00
1688,Anastasia (1997),Anastasia,1997,https://en.wikipedia.org/wiki/Special:FilePath/Anastasia-don-bluth.jpg,wikipedia-infobox,284752,Anastasia (1997 film),2026-06-20T13:56:50+00:00
1689,"Man Who Knew Too Little, The (1997)","Man Who Knew Too Little, The",1997,https://en.wikipedia.org/wiki/Special:FilePath/The_Man_Who_Knew_Too_Little.jpg,wikipedia-infobox,2457278,The Man Who Knew Too Little,2026-06-20T13:56:52+00:00
1690,Alien: Resurrection (1997),Alien: Resurrection,1997,https://en.wikipedia.org/wiki/Special:FilePath/Alien_Resurrection_poster.jpg,wikipedia-infobox,213246,Alien Resurrection,2026-06-20T13:56:52+00:00
1692,Alien Escape (1995),Alien Escape,1995,https://media.themoviedb.org/t/p/original/f58Pev9peTv9zDzWAYY2X7GiMbI.jpg,manual-curated,tmdb-web:alien-escape,Alien Escape,2026-06-21T07:45:33+00:00
1693,Amistad (1997),Amistad,1997,https://en.wikipedia.org/wiki/Special:FilePath/Amistad_%281997%29_poster.png,wikipedia-infobox,418110,Amistad (film),2026-06-20T13:56:50+00:00
1694,"Apostle, The (1997)","Apostle, The",1997,https://en.wikipedia.org/wiki/Special:FilePath/Apostleposter.jpg,wikipedia-infobox,171545,The Apostle,2026-06-20T13:56:52+00:00
1695,Artemisia (1997),Artemisia,1997,https://en.wikipedia.org/wiki/Special:FilePath/Artemisiaposter.jpg,wikipedia-infobox,17614109,Artemisia (film),2026-06-20T13:56:52+00:00
1696,Bent (1997),Bent,1997,https://en.wikipedia.org/wiki/Special:FilePath/Bent%2C_film_poster.jpg,wikipedia-infobox,16973860,Bent (1997 film),2026-06-20T18:58:46+00:00
1699,"Butcher Boy, The (1998)","Butcher Boy, The",1998,https://m.media-amazon.com/images/M/MV5BOWVhOTc0ZjUtYTRhNC00NTc3LTllMDEtZGUyZDc2ZjgyOGU3XkEyXkFqcGc@._V1_.jpg,imdb-suggest,tt0180812,The Butcher,2026-06-21T07:13:34+00:00
1701,Deconstructing Harry (1997),Deconstructing Harry,1997,https://en.wikipedia.org/wiki/Special:FilePath/Deconstructing_harry.jpg,wikipedia-infobox,2093628,Deconstructing Harry,2026-06-20T18:58:47+00:00
1702,Flubber (1997),Flubber,1997,https://en.wikipedia.org/wiki/Special:FilePath/Flubber.jpg,wikipedia-infobox,1344253,Flubber (film),2026-06-20T18:58:47+00:00
1703,For Richer or Poorer (1997),For Richer or Poorer,1997,https://en.wikipedia.org/wiki/Special:FilePath/For_richer_or_poorer.jpg,wikipedia-infobox,2262672,For Richer or Poorer,2026-06-20T18:58:47+00:00
1704,Good Will Hunting (1997),Good Will Hunting,1997,https://en.wikipedia.org/wiki/Special:FilePath/Good_Will_Hunting.png,wikipedia-infobox,142456,Good Will Hunting,2026-06-20T18:58:47+00:00
1707,Home Alone 3 (1997),Home Alone 3,1997,https://en.wikipedia.org/wiki/Special:FilePath/Home_Alone_3_film.jpg,wikipedia-infobox,695249,Home Alone 3,2026-06-20T18:58:47+00:00
1709,Legal Deceit (1997),Legal Deceit,1997,https://m.media-amazon.com/images/M/MV5BMDQxYWRkZmEtZTdhYS00Mzk2LThmZDgtYmY4NGM2YjllODZkXkEyXkFqcGc@._V1_.jpg,imdb-suggest,tt0130073,Legal Deceit,2026-06-21T07:13:36+00:00
1711,Midnight in the Garden of Good and Evil (1997),Midnight in the Garden of Good and Evil,1997,https://en.wikipedia.org/wiki/Special:FilePath/Midnight_in_the_Garden_of_Good_and_Evil_cover.jpg,wikipedia-infobox,296891,Midnight in the Garden of Good and Evil,2026-06-20T19:00:26+00:00
1713,Mouse Hunt (1997),Mouse Hunt,1997,https://en.wikipedia.org/wiki/Special:FilePath/Mouse_hunt_ver4.jpg,wikipedia-infobox,2245886,Mouse Hunt,2026-06-20T19:00:26+00:00
1714,Never Met Picasso (1996),Never Met Picasso,1996,https://en.wikipedia.org/wiki/Special:FilePath/Never_Met_Picasso.jpg,wikipedia-infobox,59851016,Never Met Picasso,2026-06-20T19:00:26+00:00
1715,Office Killer (1997),Office Killer,1997,https://en.wikipedia.org/wiki/Special:FilePath/Office_Killer_poster.jpg,wikipedia-infobox,1146934,Office Killer,2026-06-20T19:00:26+00:00
1717,Scream 2 (1997),Scream 2,1997,https://en.wikipedia.org/wiki/Special:FilePath/Scream_2.jpg,wikipedia-infobox,600320,Scream 2,2026-06-20T19:00:26+00:00
1718,Stranger in the House (1997),Stranger in the House,1997,https://en.wikipedia.org/wiki/Special:FilePath/TheStrangersInTheHouse.jpg,wikipedia-infobox,28813644,The Strangers in the House,2026-06-20T19:00:25+00:00
1719,"Sweet Hereafter, The (1997)","Sweet Hereafter, The",1997,https://en.wikipedia.org/wiki/Special:FilePath/The_Sweet_Hereafter_poster.jpg,wikipedia-infobox,11337966,The Sweet Hereafter (film),2026-06-20T19:00:27+00:00
1720,Time Tracers (1995),Time Tracers,1995,https://m.media-amazon.com/images/M/MV5BMWFiYjc0NTMtZTBmYi00OGQ3LWFjNmEtNmIzYzJkMDJkYjkyXkEyXkFqcGc@._V1_.jpg,imdb-suggest,tt0128755,Time Tracers,2026-06-21T07:25:23+00:00
1721,Titanic (1997),Titanic,1997,https://en.wikipedia.org/wiki/Special:FilePath/Titanic_%281997_film%29_poster.png,wikipedia-infobox,52371,Titanic (1997 film),2026-06-20T19:00:25+00:00
1722,Tomorrow Never Dies (1997),Tomorrow Never Dies,1997,https://en.wikipedia.org/wiki/Special:FilePath/Tomorrow_Never_Dies_%28UK_cinema_poster%29.jpg,wikipedia-infobox,317647,Tomorrow Never Dies,2026-06-20T19:00:26+00:00
1724,Full Speed (1996),Full Speed,1996,https://en.wikipedia.org/wiki/Special:FilePath/a-toute-vitesse.jpg,wikipedia-infobox,56026627,Full Speed (1996 film),2026-06-20T19:00:25+00:00
1725,"Education of Little Tree, The (1997)","Education of Little Tree, The",1997,https://en.wikipedia.org/wiki/Special:FilePath/The_Education_of_Little_Tree_%28film%29.jpg,wikipedia-infobox,39683621,The Education of Little Tree (film),2026-06-20T19:00:27+00:00
1726,"Postman, The (1997)","Postman, The",1997,https://en.wikipedia.org/wiki/Special:FilePath/The_Postman_film_poster.jpg,wikipedia-infobox,7570243,The Postman (film),2026-06-20T19:00:27+00:00
1727,"Horse Whisperer, The (1998)","Horse Whisperer, The",1998,https://en.wikipedia.org/wiki/Special:FilePath/Horse_whisperer.jpg,wikipedia-infobox,698969,The Horse Whisperer (film),2026-06-20T19:00:27+00:00
1728,"Winter Guest, The (1997)","Winter Guest, The",1997,https://en.wikipedia.org/wiki/Special:FilePath/Winter_guest.jpg,wikipedia-infobox,1210579,The Winter Guest,2026-06-20T19:00:26+00:00
1729,Jackie Brown (1997),Jackie Brown,1997,https://en.wikipedia.org/wiki/Special:FilePath/Jackie_Brown_%281997%29.png,wikipedia-infobox,394792,Jackie Brown,2026-06-20T19:00:25+00:00
1730,Kundun (1997),Kundun,1997,https://en.wikipedia.org/wiki/Special:FilePath/Kundun_film_poster.jpg,wikipedia-infobox,1590940,Kundun,2026-06-20T19:00:26+00:00
1731,Mr. Magoo (1997),Mr. Magoo,1997,https://en.wikipedia.org/wiki/Special:FilePath/MagooAndDog.jpg,wikipedia-infobox,1035996,Mr. Magoo,2026-06-20T19:00:26+00:00
1732,"Big Lebowski, The (1998)","Big Lebowski, The",1998,https://en.wikipedia.org/wiki/Special:FilePath/Biglebowskiposter.jpg,wikipedia-infobox,29782,The Big Lebowski,2026-06-20T19:00:26+00:00
1733,Afterglow (1997),Afterglow,1997,https://en.wikipedia.org/wiki/Special:FilePath/Afterglow_imp.jpg,wikipedia-infobox,508985,Afterglow (1997 film),2026-06-20T19:01:49+00:00
1734,My Life in Pink (Ma vie en rose) (1997),My Life in Pink (Ma vie en rose),1997,https://en.wikipedia.org/wiki/Special:FilePath/Ma_Vie_en_Rose_poster.jpg,wikipedia-infobox,1702672,Ma vie en rose,2026-06-20T20:36:05+00:00
1735,Great Expectations (1998),Great Expectations,1998,https://en.wikipedia.org/wiki/Special:FilePath/Great_expectations_poster.jpg,wikipedia-infobox,9022958,Great Expectations (1998 film),2026-06-20T19:01:49+00:00
1739,3 Ninjas: High Noon On Mega Mountain (1998),3 Ninjas: High Noon On Mega Mountain,1998,https://m.media-amazon.com/images/M/MV5BYjc4N2Y4MDEtYzdiNS00ODk1LTliNDktMDgzZjhkYzE4M2Y2XkEyXkFqcGc@._V1_.jpg,imdb-suggest,tt0118539,3 Ninjas: High Noon at Mega Mountain,2026-06-21T07:13:39+00:00
1741,"Midaq Alley (Callejón de los milagros, El) (1995)","Midaq Alley (Callejón de los milagros, El)",1995,https://en.wikipedia.org/wiki/Special:FilePath/El_callejon_de_los_milagros_english_poster.PNG,wikipedia-infobox,3630720,Midaq Alley (film),2026-06-20T20:36:06+00:00
1743,Arguing the World (1996),Arguing the World,1996,https://m.media-amazon.com/images/M/MV5BMTcxNTU4MTI1OF5BMl5BanBnXkFtZTcwOTI5NDA0MQ@@._V1_.jpg,imdb-suggest,tt0129758,Arguing the World,2026-06-21T07:25:23+00:00
1744,Firestorm (1998),Firestorm,1998,https://en.wikipedia.org/wiki/Special:FilePath/Firestorm_1998_poster.jpg,wikipedia-infobox,5847229,Firestorm (1998 film),2026-06-20T19:01:49+00:00
1746,Senseless (1998),Senseless,1998,https://en.wikipedia.org/wiki/Special:FilePath/Senselessposter.jpg,wikipedia-infobox,4186829,Senseless,2026-06-20T19:01:50+00:00
1747,Wag the Dog (1997),Wag the Dog,1997,https://en.wikipedia.org/wiki/Special:FilePath/Wag_The_Dog_Poster.jpg,wikipedia-infobox,92999,Wag the Dog,2026-06-20T19:01:50+00:00
1748,Dark City (1998),Dark City,1998,https://en.wikipedia.org/wiki/Special:FilePath/Dark_City_poster.jpg,wikipedia-infobox,1884712,Dark City (1998 film),2026-06-20T19:01:49+00:00
1749,"Leading Man, The (1996)","Leading Man, The",1996,https://en.wikipedia.org/wiki/Special:FilePath/The_Leading_Man.jpg,wikipedia-infobox,16395026,The Leading Man,2026-06-20T19:01:50+00:00
1750,Star Kid (1997),Star Kid,1997,https://en.wikipedia.org/wiki/Special:FilePath/Star_Kid.jpg,wikipedia-infobox,7138643,Star Kid,2026-06-20T19:01:50+00:00
1752,Hard Rain (1998),Hard Rain,1998,https://en.wikipedia.org/wiki/Special:FilePath/Hard_rain_ver3.jpg,wikipedia-infobox,2039953,Hard Rain (film),2026-06-20T19:01:51+00:00
1753,Half Baked (1998),Half Baked,1998,https://en.wikipedia.org/wiki/Special:FilePath/Half-baked-dvd-cover.jpg,wikipedia-infobox,677929,Half Baked,2026-06-20T19:01:50+00:00
1754,Fallen (1998),Fallen,1998,https://en.wikipedia.org/wiki/Special:FilePath/Fallen_film_poster.jpg,wikipedia-infobox,1151458,Fallen (1998 film),2026-06-20T19:01:49+00:00
1755,Shooting Fish (1997),Shooting Fish,1997,https://en.wikipedia.org/wiki/Special:FilePath/Shootingfishposter.jpg,wikipedia-infobox,2380254,Shooting Fish,2026-06-20T19:01:50+00:00
1756,"Prophecy II, The (1998)","Prophecy II, The",1998,https://en.wikipedia.org/wiki/Special:FilePath/Prophecyii.jpg,wikipedia-infobox,2761219,The Prophecy II,2026-06-20T19:01:50+00:00
1758,Dangerous Beauty (1998),Dangerous Beauty,1998,https://en.wikipedia.org/wiki/Special:FilePath/Dangerous_beauty_poster.jpg,wikipedia-infobox,2952395,Dangerous Beauty,2026-06-20T19:01:50+00:00
1759,Four Days in September (1997),Four Days in September,1997,https://en.wikipedia.org/wiki/Special:FilePath/OQEIsso.jpg,wikipedia-infobox,1553602,Four Days in September,2026-06-20T19:01:50+00:00
1760,Spice World (1997),Spice World,1997,https://en.wikipedia.org/wiki/Special:FilePath/spice_world.jpg,wikipedia-infobox,4362030,Spice World (film),2026-06-20T19:01:51+00:00
1762,Deep Rising (1998),Deep Rising,1998,https://en.wikipedia.org/wiki/Special:FilePath/Deep_rising_ver3.jpg,wikipedia-infobox,2667958,Deep Rising,2026-06-20T19:01:53+00:00
1764,Tainted (1998),Tainted,1998,https://m.media-amazon.com/images/M/MV5BMjA3ODk4MzM2MF5BMl5BanBnXkFtZTgwMzE4MDU1NjE@._V1_.jpg,imdb-suggest,tt0128690,Tainted,2026-06-21T07:13:42+00:00
1767,Music From Another Room (1998),Music From Another Room,1998,https://m.media-amazon.com/images/M/MV5BZmQ5N2UxMDAtOTQ0Zi00OGZmLTkyYTUtNzc2YWJlMmVkY2U0XkEyXkFqcGc@._V1_.jpg,imdb-suggest,tt0119734,Music from Another Room,2026-06-21T07:13:44+00:00
1769,"Replacement Killers, The (1998)","Replacement Killers, The",1998,https://m.media-amazon.com/images/M/MV5BOTNhYjViODktMjhhNS00MTAwLWE4YmYtY2M4OGQzNThiMTgzXkEyXkFqcGc@._V1_.jpg,imdb-suggest,tt0120008,The Replacement Killers,2026-06-21T07:13:46+00:00
1770,B. Monkey (1998),B. Monkey,1998,https://en.wikipedia.org/wiki/Special:FilePath/B._Monkey.jpg,wikipedia-infobox,27755114,B. Monkey,2026-06-20T19:01:53+00:00
1771,Night Flier (1997),Night Flier,1997,https://m.media-amazon.com/images/M/MV5BYTZhM2JmMmMtZDIwYy00OTM2LTkxZTgtMWExMWMxYThhNDQ1XkEyXkFqcGc@._V1_.jpg,imdb-suggest,tt0119784,The Night Flier,2026-06-21T07:13:47+00:00
1772,Blues Brothers 2000 (1998),Blues Brothers 2000,1998,https://en.wikipedia.org/wiki/Special:FilePath/Blues_brothers_2000_poster.jpg,wikipedia-infobox,238906,Blues Brothers 2000,2026-06-20T19:01:53+00:00
1773,Tokyo Fist (1995),Tokyo Fist,1995,https://en.wikipedia.org/wiki/Special:FilePath/Tokyo-Fist-poster.jpg,wikipedia-infobox,3676302,Tokyo Fist,2026-06-20T19:01:53+00:00
1777,"Wedding Singer, The (1998)","Wedding Singer, The",1998,https://en.wikipedia.org/wiki/Special:FilePath/The_Wedding_Singer_film_poster.jpg,wikipedia-infobox,454655,The Wedding Singer,2026-06-20T19:01:53+00:00
1779,Sphere (1998),Sphere,1998,https://en.wikipedia.org/wiki/Special:FilePath/Spheremovieposter.jpg,wikipedia-infobox,1307241,Sphere (1998 film),2026-06-20T19:01:52+00:00
1780,Ayn Rand: A Sense of Life (1997),Ayn Rand: A Sense of Life,1997,https://m.media-amazon.com/images/M/MV5BYzc3ZTQ4YjUtYjM1MS00MDFmLWI4MDEtZjAwMmYwYWY2ZWU0XkEyXkFqcGc@._V1_.jpg,imdb-suggest,tt0118662,Ayn Rand: A Sense of Life,2026-06-21T07:25:24+00:00
1782,Little City (1998),Little City,1998,https://m.media-amazon.com/images/M/MV5BMzE3NjNmNDYtYTk1Yy00YTQyLThiODItMGJkMzllZWE5MDk4XkEyXkFqcGc@._V1_.jpg,imdb-suggest,tt0119548,Little City,2026-06-21T07:25:24+00:00
1783,Palmetto (1998),Palmetto,1998,https://en.wikipedia.org/wiki/Special:FilePath/Palmetto_film_poster.jpg,wikipedia-infobox,2889278,Palmetto (film),2026-06-20T19:01:53+00:00
1784,As Good As It Gets (1997),As Good As It Gets,1997,https://en.wikipedia.org/wiki/Special:FilePath/As_good_as_it_gets.jpg,wikipedia-infobox,142447,As Good as It Gets,2026-06-20T19:01:53+00:00
1785,King of New York (1990),King of New York,1990,https://en.wikipedia.org/wiki/Special:FilePath/king_of_new_york_ver1.jpg,wikipedia-infobox,833502,King of New York,2026-06-20T19:01:53+00:00
1787,"Paralyzing Fear: The Story of Polio in America, A (1998)","Paralyzing Fear: The Story of Polio in America, A",1998,https://m.media-amazon.com/images/M/MV5BMTI0Mjg0NTg0MF5BMl5BanBnXkFtZTcwNjY0NjcyMQ@@._V1_.jpg,imdb-suggest,tt0145302,A Paralyzing Fear: The Story of Polio in America,2026-06-21T07:13:51+00:00
1788,Men With Guns (1997),Men With Guns,1997,https://en.wikipedia.org/wiki/Special:FilePath/Menwithgunscover.jpg,wikipedia-infobox,9105282,Men with Guns,2026-06-20T19:01:53+00:00
1791,Twilight (1998),Twilight,1998,https://en.wikipedia.org/wiki/Special:FilePath/Twilight_%281998_film%29_poster.jpg,wikipedia-infobox,823939,Twilight (1998 film),2026-06-20T19:01:52+00:00
1792,U.S. Marshalls (1998),U.S. Marshalls,1998,https://m.media-amazon.com/images/M/MV5BZTdlYTU2OGYtZjljOS00ZjFhLTk5NjAtZDQwZmNkYzk4YWQ5XkEyXkFqcGc@._V1_.jpg,imdb-suggest,tt0120873,U.S. Marshals,2026-06-21T07:13:53+00:00
1793,Welcome to Woop-Woop (1997),Welcome to Woop-Woop,1997,https://m.media-amazon.com/images/M/MV5BODg5NDE1NTk5M15BMl5BanBnXkFtZTcwNDU1Nzg0NQ@@._V1_.jpg,imdb-suggest,tt0120491,Welcome to Woop Woop,2026-06-21T07:13:54+00:00
1794,Love and Death on Long Island (1997),Love and Death on Long Island,1997,https://en.wikipedia.org/wiki/Special:FilePath/Love-and-death-on-long-island.jpg,wikipedia-infobox,303847,Love and Death on Long Island,2026-06-20T19:01:56+00:00
1795,"Callejón de los milagros, El (1995)","Callejón de los milagros, El",1995,https://m.media-amazon.com/images/M/MV5BMmI5M2NlMGEtOTE4My00N2NkLThmYjEtZWU3NWUyNTAzNWM1XkEyXkFqcGc@._V1_.jpg,imdb-suggest,tt0112619,Midaq Alley,2026-06-21T07:31:25+00:00
1796,In God's Hands (1998),In God's Hands,1998,https://en.wikipedia.org/wiki/Special:FilePath/In_God%27s_Hands_%281998_film%29.jpg,wikipedia-infobox,3307858,In God's Hands (film),2026-06-20T19:01:56+00:00
1797,Everest (1998),Everest,1998,https://en.wikipedia.org/wiki/Special:FilePath/Everest_by_MacGillivray_--_DVD_cover.jpg,wikipedia-infobox,3268070,Everest (1998 film),2026-06-20T19:01:55+00:00
1798,Hush (1998),Hush,1998,https://en.wikipedia.org/wiki/Special:FilePath/Hushposter.jpg,wikipedia-infobox,2216309,Hush (1998 film),2026-06-20T19:01:55+00:00
1799,Suicide Kings (1997),Suicide Kings,1997,https://en.wikipedia.org/wiki/Special:FilePath/Suicide_kings_poster.jpg,wikipedia-infobox,1337353,Suicide Kings,2026-06-20T19:01:56+00:00
1801,"Man in the Iron Mask, The (1998)","Man in the Iron Mask, The",1998,https://en.wikipedia.org/wiki/Special:FilePath/The_Man_in_the_Iron_Mask.jpg,wikipedia-infobox,5169996,The Man in the Iron Mask (1998 film),2026-06-20T19:01:55+00:00
1804,"Newton Boys, The (1998)","Newton Boys, The",1998,https://en.wikipedia.org/wiki/Special:FilePath/Newtonboysposter.jpg,wikipedia-infobox,723288,The Newton Boys,2026-06-20T19:01:56+00:00
1805,Wild Things (1998),Wild Things,1998,https://en.wikipedia.org/wiki/Special:FilePath/Wild_things_%28movie_poster%29.jpg,wikipedia-infobox,423372,Wild Things (film),2026-06-20T19:01:55+00:00
1806,Paulie (1998),Paulie,1998,https://en.wikipedia.org/wiki/Special:FilePath/paulie_poster.jpg,wikipedia-infobox,535969,Paulie (film),2026-06-20T19:01:56+00:00
1807,"Cool Dry Place, A (1998)","Cool Dry Place, A",1998,https://en.wikipedia.org/wiki/Special:FilePath/ACoolDryPlacePoster.jpg,wikipedia-infobox,666935,"A Cool, Dry Place",2026-06-20T19:01:56+00:00
1809,Hana-bi (1997),Hana-bi,1997,https://en.wikipedia.org/wiki/Special:FilePath/HanaBi_poster.jpg,wikipedia-infobox,748933,Hana-bi,2026-06-20T19:01:56+00:00
1810,Primary Colors (1998),Primary Colors,1998,https://en.wikipedia.org/wiki/Special:FilePath/Primaryposter.jpg,wikipedia-infobox,10286355,Primary Colors (film),2026-06-20T19:01:56+00:00
1811,"Niagara, Niagara (1997)","Niagara, Niagara",1997,https://en.wikipedia.org/wiki/Special:FilePath/Niagara%2C_Niagara.jpg,wikipedia-infobox,7064977,"Niagara, Niagara",2026-06-20T19:01:56+00:00
1812,Wide Awake (1998),Wide Awake,1998,https://en.wikipedia.org/wiki/Special:FilePath/Wideawakeposter.jpg,wikipedia-infobox,1041202,Wide Awake (1998 film),2026-06-20T19:01:55+00:00
1814,"Price Above Rubies, A (1998)","Price Above Rubies, A",1998,https://en.wikipedia.org/wiki/Special:FilePath/A_Price_Above_Rubies.jpg,wikipedia-infobox,15211401,A Price Above Rubies,2026-06-20T19:01:56+00:00
1815,Eden (1997),Eden,1997,https://m.media-amazon.com/images/M/MV5BZDUzMTUzNDEtMmRmOC00MzM4LThkNDAtZDM1ZDg4NWQxOGFhXkEyXkFqcGc@._V1_.jpg,imdb-suggest,tt0457213,Yellowstone: America's Eden,2026-06-21T07:13:58+00:00
1816,Two Girls and a Guy (1997),Two Girls and a Guy,1997,https://en.wikipedia.org/wiki/Special:FilePath/Two_Girls_and_a_Guy_poster.png,wikipedia-infobox,8022263,Two Girls and a Guy,2026-06-20T19:01:56+00:00
1817,No Looking Back (1998),No Looking Back,1998,https://en.wikipedia.org/wiki/Special:FilePath/No_Looking_Back_FilmPoster.jpeg,wikipedia-infobox,12394296,No Looking Back (1998 film),2026-06-20T19:01:55+00:00
1820,"Proposition, The (1998)","Proposition, The",1998,https://m.media-amazon.com/images/M/MV5BNjYxMjA1YzUtYmU5Zi00YjQwLWEzZTgtZWU4Yzk2YTFlNzgzXkEyXkFqcGc@._V1_.jpg,imdb-suggest,tt0120108,The Proposition,2026-06-21T07:14:00+00:00
1821,"Object of My Affection, The (1998)","Object of My Affection, The",1998,https://en.wikipedia.org/wiki/Special:FilePath/objectofmyaffectionposter.jpg,wikipedia-infobox,290633,The Object of My Affection,2026-06-20T19:03:35+00:00
1822,Meet the Deedles (1998),Meet the Deedles,1998,https://en.wikipedia.org/wiki/Special:FilePath/MeetTheDeedles.jpg,wikipedia-infobox,8509794,Meet the Deedles,2026-06-20T19:03:35+00:00
1824,Homegrown (1998),Homegrown,1998,https://en.wikipedia.org/wiki/Special:FilePath/Homegrown-poster.jpg,wikipedia-infobox,11251963,Homegrown (1998 film),2026-06-20T19:03:34+00:00
1825,"Player's Club, The (1998)","Player's Club, The",1998,https://en.wikipedia.org/wiki/Special:FilePath/Players_club.jpg,wikipedia-infobox,2305752,The Players Club,2026-06-20T19:03:35+00:00
1826,Barney's Great Adventure (1998),Barney's Great Adventure,1998,https://en.wikipedia.org/wiki/Special:FilePath/Barney%27s-Great-Adventure-Poster.jpeg,wikipedia-infobox,5033651,Barney's Great Adventure,2026-06-20T19:03:35+00:00
1827,"Big One, The (1997)","Big One, The",1997,https://en.wikipedia.org/wiki/Special:FilePath/The-Big-One-Poster.jpg,wikipedia-infobox,619964,The Big One (film),2026-06-20T19:03:35+00:00
1829,Chinese Box (1997),Chinese Box,1997,https://en.wikipedia.org/wiki/Special:FilePath/Chinese_box.jpg,wikipedia-infobox,406704,Chinese Box,2026-06-20T19:03:35+00:00
1830,Follow the Bitch (1998),Follow the Bitch,1998,https://m.media-amazon.com/images/M/MV5BMTYxODE3Mzc4Ml5BMl5BanBnXkFtZTcwMTAwMjkwOA@@._V1_.jpg,imdb-suggest,tt0119139,Follow the Bitch,2026-06-21T07:25:25+00:00
1831,Lost in Space (1998),Lost in Space,1998,https://en.wikipedia.org/wiki/Special:FilePath/Lost_in_space_movie_poster.jpg,wikipedia-infobox,565318,Lost in Space (film),2026-06-20T19:03:34+00:00
1832,Heaven's Burning (1997),Heaven's Burning,1997,https://en.wikipedia.org/wiki/Special:FilePath/Heavens_Burning_poster.jpg,wikipedia-infobox,20637977,Heaven's Burning,2026-06-20T19:03:35+00:00
1833,Mercury Rising (1998),Mercury Rising,1998,https://en.wikipedia.org/wiki/Special:FilePath/Mercuryrisingposter.jpg,wikipedia-infobox,689980,Mercury Rising,2026-06-20T19:03:35+00:00
1834,"Spanish Prisoner, The (1997)","Spanish Prisoner, The",1997,https://en.wikipedia.org/wiki/Special:FilePath/Spanish_prisoner.jpg,wikipedia-infobox,1952159,The Spanish Prisoner,2026-06-20T19:03:35+00:00
1835,City of Angels (1998),City of Angels,1998,https://en.wikipedia.org/wiki/Special:FilePath/City_Of_Angels.jpg,wikipedia-infobox,159171,City of Angels (film),2026-06-20T19:03:35+00:00
1836,"Last Days of Disco, The (1998)","Last Days of Disco, The",1998,https://en.wikipedia.org/wiki/Special:FilePath/Lastdaysdiscoposter.jpg,wikipedia-infobox,2995062,The Last Days of Disco,2026-06-20T19:03:35+00:00
1837,"Odd Couple II, The (1998)","Odd Couple II, The",1998,https://en.wikipedia.org/wiki/Special:FilePath/Neil_simons_the_odd_couple_ii.jpg,wikipedia-infobox,2272969,The Odd Couple II,2026-06-20T19:03:35+00:00
1839,My Giant (1998),My Giant,1998,https://en.wikipedia.org/wiki/Special:FilePath/My_giant_poster.jpg,wikipedia-infobox,4228739,My Giant,2026-06-20T19:03:35+00:00
1840,He Got Game (1998),He Got Game,1998,https://en.wikipedia.org/wiki/Special:FilePath/He_got_game_poster.jpg,wikipedia-infobox,1644364,He Got Game,2026-06-20T19:03:35+00:00
1841,"Gingerbread Man, The (1998)","Gingerbread Man, The",1998,https://en.wikipedia.org/wiki/Special:FilePath/Gingerbreadmanposter.jpg,wikipedia-infobox,6389163,The Gingerbread Man (film),2026-06-20T19:03:35+00:00
1842,Illtown (1996),Illtown,1996,https://m.media-amazon.com/images/M/MV5BNDc2YThlMTAtNGVhOS00NjdmLTkzYWItOWQyYTVlZTFhZTA4XkEyXkFqcGc@._V1_.jpg,imdb-suggest,tt0118229,Illtown,2026-06-21T07:14:03+00:00
1843,Slappy and the Stinkers (1998),Slappy and the Stinkers,1998,https://en.wikipedia.org/wiki/Special:FilePath/Slappy_and_stinkers.jpg,wikipedia-infobox,20548913,Slappy and the Stinkers,2026-06-20T19:03:35+00:00
1844,Live Flesh (1997),Live Flesh,1997,https://en.wikipedia.org/wiki/Special:FilePath/Carne_treumla.jpg,wikipedia-infobox,3950291,Live Flesh (film),2026-06-20T19:05:14+00:00
1845,Zero Effect (1998),Zero Effect,1998,https://en.wikipedia.org/wiki/Special:FilePath/Zero_Effect.jpg,wikipedia-infobox,3252445,Zero Effect,2026-06-20T19:05:13+00:00
1846,Nil By Mouth (1997),Nil By Mouth,1997,https://m.media-amazon.com/images/M/MV5BNzFkODEyNDctYjgyYi00ZmU3LThmOTUtMDhmYTE5NDU0ZTEwXkEyXkFqcGc@._V1_.jpg,imdb-suggest,tt0119792,Nil by Mouth,2026-06-21T07:14:05+00:00
1848,"Borrowers, The (1997)","Borrowers, The",1997,https://en.wikipedia.org/wiki/Special:FilePath/Borrowers_ver1.jpg,wikipedia-infobox,12149364,The Borrowers (1997 film),2026-06-20T19:05:13+00:00
1849,Prince Valiant (1997),Prince Valiant,1997,https://en.wikipedia.org/wiki/Special:FilePath/Prince_Valiant_1997.jpg,wikipedia-infobox,25361474,Prince Valiant (1997 film),2026-06-20T19:05:13+00:00
1850,"I Love You, Don't Touch Me! (1998)","I Love You, Don't Touch Me!",1998,https://m.media-amazon.com/images/M/MV5BMTI5MTk0MDk2N15BMl5BanBnXkFtZTYwMTA5Mjg5._V1_.jpg,imdb-suggest,tt0130019,"I Love You, Don't Touch Me!",2026-06-21T07:25:25+00:00
1851,Leather Jacket Love Story (1997),Leather Jacket Love Story,1997,https://m.media-amazon.com/images/M/MV5BMTQyMzIxODEzMl5BMl5BanBnXkFtZTcwOTM2MjkxMQ@@._V1_.jpg,imdb-suggest,tt0119508,Leather Jacket Love Story,2026-06-21T07:14:08+00:00
1852,Love Walked In (1998),Love Walked In,1998,https://m.media-amazon.com/images/M/MV5BMjQ3ZjdhNzAtOGVhZS00MzQ3LTk0MTQtZjY4NjY5ZWNmYzY4XkEyXkFqcGc@._V1_.jpg,imdb-suggest,tt0118727,Love Walked In,2026-06-21T07:25:26+00:00
1853,"Alan Smithee Film: Burn Hollywood Burn, An (1997)","Alan Smithee Film: Burn Hollywood Burn, An",1997,https://en.wikipedia.org/wiki/Special:FilePath/Alan_smithee_film_burn_hollywood_burn.jpg,wikipedia-infobox,261448,An Alan Smithee Film: Burn Hollywood Burn,2026-06-20T19:05:13+00:00
1854,Kissing a Fool (1998),Kissing a Fool,1998,https://en.wikipedia.org/wiki/Special:FilePath/Kissingafoolposter.jpg,wikipedia-infobox,3147593,Kissing a Fool,2026-06-20T19:05:13+00:00
1855,Krippendorf's Tribe (1998),Krippendorf's Tribe,1998,https://en.wikipedia.org/wiki/Special:FilePath/Krippendorfs_tribe_poster.jpg,wikipedia-infobox,4857566,Krippendorf's Tribe,2026-06-20T19:05:13+00:00
1856,Kurt & Courtney (1998),Kurt & Courtney,1998,https://en.wikipedia.org/wiki/Special:FilePath/kurtandcourtneydvd.jpg,wikipedia-infobox,23952807,Kurt & Courtney,2026-06-20T19:05:13+00:00
1857,"Real Blonde, The (1997)","Real Blonde, The",1997,https://en.wikipedia.org/wiki/Special:FilePath/The_Real_Blonde.jpg,wikipedia-infobox,2019000,The Real Blonde,2026-06-20T19:05:13+00:00
1858,Mr. Nice Guy (1997),Mr. Nice Guy,1997,https://en.wikipedia.org/wiki/Special:FilePath/MrNiceGuy_DVDcover.jpg,wikipedia-infobox,652418,Mr. Nice Guy (1997 film),2026-06-20T19:05:13+00:00
1859,Taste of Cherry (1997),Taste of Cherry,1997,https://en.wikipedia.org/wiki/Special:FilePath/Tasteofcherryposter.jpg,wikipedia-infobox,1873693,Taste of Cherry,2026-06-20T19:05:13+00:00
1860,Character (Karakter) (1997),Character (Karakter),1997,https://en.wikipedia.org/wiki/Special:FilePath/Karakter.jpg,wikipedia-infobox,334156,Character (film),2026-06-20T20:36:08+00:00
1861,Junk Mail (1997),Junk Mail,1997,https://en.wikipedia.org/wiki/Special:FilePath/Junk_Mail.jpg,wikipedia-infobox,7018379,Junk Mail (film),2026-06-20T19:05:14+00:00
1862,Species II (1998),Species II,1998,https://en.wikipedia.org/wiki/Special:FilePath/Species2.jpg,wikipedia-infobox,704406,Species II,2026-06-20T19:05:13+00:00
1863,Major League: Back to the Minors (1998),Major League: Back to the Minors,1998,https://en.wikipedia.org/wiki/Special:FilePath/Major_league_iii_back_to_the_minors_movie_poster.jpg,wikipedia-infobox,4559105,Major League: Back to the Minors,2026-06-20T19:05:13+00:00
1864,Sour Grapes (1998),Sour Grapes,1998,https://en.wikipedia.org/wiki/Special:FilePath/Sour_Grapes_1998_poster.jpg,wikipedia-infobox,2262145,Sour Grapes (1998 film),2026-06-20T19:05:13+00:00
1865,Wild Man Blues (1998),Wild Man Blues,1998,https://m.media-amazon.com/images/M/MV5BODI1YTk1ZGYtOTM5ZS00OTFkLWI0NjktM2VkMGI4NzE1NjA1XkEyXkFqcGc@._V1_.jpg,imdb-suggest,tt0141986,Wild Man Blues,2026-06-21T07:25:26+00:00
1866,"Big Hit, The (1998)","Big Hit, The",1998,https://en.wikipedia.org/wiki/Special:FilePath/Big_hit.jpg,wikipedia-infobox,839705,The Big Hit,2026-06-20T19:05:16+00:00
1867,Tarzan and the Lost City (1998),Tarzan and the Lost City,1998,https://en.wikipedia.org/wiki/Special:FilePath/Tarzan_and_the_Lost_City_Theatrical_poster.png,wikipedia-infobox,5512355,Tarzan and the Lost City,2026-06-20T19:05:16+00:00
1868,"Truce, The (1996)","Truce, The",1996,https://m.media-amazon.com/images/M/MV5BNDkyNTM5Mzc1M15BMl5BanBnXkFtZTcwNTExNjMyMQ@@._V1_.jpg,imdb-suggest,tt0115766,The Bruce,2026-06-21T07:14:13+00:00
1869,Black Dog (1998),Black Dog,1998,https://en.wikipedia.org/wiki/Special:FilePath/Black_Dog_film.jpg,wikipedia-infobox,2906058,Black Dog (1998 film),2026-06-20T19:05:16+00:00
1870,"Dancer, Texas Pop. 81 (1998)","Dancer, Texas Pop. 81",1998,https://en.wikipedia.org/wiki/Special:FilePath/Dancer_texas_pop_eighty_one.jpg,wikipedia-infobox,2886835,"Dancer, Texas Pop. 81",2026-06-20T19:05:16+00:00
1871,"Friend of the Deceased, A (1997)","Friend of the Deceased, A",1997,https://m.media-amazon.com/images/M/MV5BMjE2MTI1MTM2OF5BMl5BanBnXkFtZTcwODkzNDYxMQ@@._V1_.jpg,imdb-suggest,tt0119952,A Friend of the Deceased,2026-06-21T07:14:15+00:00
1872,Go Now (1995),Go Now,1995,https://en.wikipedia.org/wiki/Special:FilePath/Go_Now.jpg,wikipedia-infobox,7023512,Go Now (film),2026-06-20T19:05:17+00:00
1873,"Misérables, Les (1998)","Misérables, Les",1998,https://m.media-amazon.com/images/M/MV5BMDAyNzA4MjMtMWUwZi00MjE2LTk2ZWQtYzQ5NzI5NDcwZDNiXkEyXkFqcGc@._V1_.jpg,imdb-suggest,tt0119683,Les Misérables,2026-06-21T07:14:17+00:00
1874,Still Breathing (1997),Still Breathing,1997,https://en.wikipedia.org/wiki/Special:FilePath/Still_breathing_1997_film.jpg,wikipedia-infobox,4136180,Still Breathing (film),2026-06-20T19:05:17+00:00
1875,Clockwatchers (1997),Clockwatchers,1997,https://en.wikipedia.org/wiki/Special:FilePath/Clockwatchers1997MoviePoster.jpg,wikipedia-infobox,972816,Clockwatchers,2026-06-20T19:05:16+00:00
1876,Deep Impact (1998),Deep Impact,1998,https://en.wikipedia.org/wiki/Special:FilePath/Deep_Impact_poster.jpg,wikipedia-infobox,286544,Deep Impact (film),2026-06-20T19:05:17+00:00
1877,Little Men (1998),Little Men,1998,https://en.wikipedia.org/wiki/Special:FilePath/Little_Men_1st_ed.jpg,wikipedia-infobox,2066195,Little Men,2026-06-20T19:05:16+00:00
1878,Woo (1998),Woo,1998,https://en.wikipedia.org/wiki/Special:FilePath/Woo_1998_Film_Poster.jpg,wikipedia-infobox,1822446,Woo (film),2026-06-20T19:05:17+00:00
1879,"Hanging Garden, The (1997)","Hanging Garden, The",1997,https://en.wikipedia.org/wiki/Special:FilePath/The_Hanging_Garden_movie_poster.jpg,wikipedia-infobox,183610,The Hanging Garden (film),2026-06-20T19:05:17+00:00
1880,Lawn Dogs (1997),Lawn Dogs,1997,https://en.wikipedia.org/wiki/Special:FilePath/LawnDogs.jpg,wikipedia-infobox,2489108,Lawn Dogs,2026-06-20T19:05:16+00:00
1881,Quest for Camelot (1998),Quest for Camelot,1998,https://en.wikipedia.org/wiki/Special:FilePath/Quest_for_Camelot-_Poster.jpg,wikipedia-infobox,1285796,Quest for Camelot,2026-06-20T19:05:16+00:00
1882,Godzilla (1998),Godzilla,1998,https://en.wikipedia.org/wiki/Special:FilePath/Godzilla_%281998_Movie_Poster%29.jpg,wikipedia-infobox,1190931,Godzilla (1998 film),2026-06-20T19:05:16+00:00
1883,Bulworth (1998),Bulworth,1998,https://en.wikipedia.org/wiki/Special:FilePath/Bulworth.jpg,wikipedia-infobox,907949,Bulworth,2026-06-20T19:05:16+00:00
1884,Fear and Loathing in Las Vegas (1998),Fear and Loathing in Las Vegas,1998,https://en.wikipedia.org/wiki/Special:FilePath/FandlinLV.jpg,wikipedia-infobox,5842075,Fear and Loathing in Las Vegas (film),2026-06-20T19:05:17+00:00
1885,"Opposite of Sex, The (1998)","Opposite of Sex, The",1998,https://en.wikipedia.org/wiki/Special:FilePath/Opposite_of_sex.jpg,wikipedia-infobox,1204925,The Opposite of Sex,2026-06-20T19:05:19+00:00
1886,I Got the Hook Up (1998),I Got the Hook Up,1998,https://en.wikipedia.org/wiki/Special:FilePath/Igotthehookup01.jpg,wikipedia-infobox,5736981,I Got the Hook-Up,2026-06-20T19:05:19+00:00
1887,Almost Heroes (1998),Almost Heroes,1998,https://en.wikipedia.org/wiki/Special:FilePath/Almost_Heroes_poster.jpg,wikipedia-infobox,1598996,Almost Heroes,2026-06-20T19:05:19+00:00
1888,Hope Floats (1998),Hope Floats,1998,https://en.wikipedia.org/wiki/Special:FilePath/Hope_Floats.jpg,wikipedia-infobox,3146380,Hope Floats,2026-06-20T19:05:19+00:00
1889,Insomnia (1997),Insomnia,1997,https://en.wikipedia.org/wiki/Special:FilePath/Insomnia-Poster.jpg,wikipedia-infobox,4760947,Insomnia (1997 film),2026-06-20T19:05:19+00:00
1890,Little Boy Blue (1997),Little Boy Blue,1997,https://en.wikipedia.org/wiki/Special:FilePath/Little_boy_blue_1997.jpg,wikipedia-infobox,21150037,Little Boy Blue (1997 film),2026-06-20T19:05:19+00:00
1891,"Ugly, The (1997)","Ugly, The",1997,https://en.wikipedia.org/wiki/Special:FilePath/The_Ugly_1997_poster.jpg,wikipedia-infobox,6023801,The Ugly (1997 film),2026-06-20T19:05:19+00:00
1892,"Perfect Murder, A (1998)","Perfect Murder, A",1998,https://en.wikipedia.org/wiki/Special:FilePath/Perfectmurder.jpg,wikipedia-infobox,189088,A Perfect Murder,2026-06-20T19:05:19+00:00
1893,Beyond Silence (1996),Beyond Silence,1996,https://en.wikipedia.org/wiki/Special:FilePath/Jenseits_der_Stille.jpg,wikipedia-infobox,12259086,Beyond Silence (1996 film),2026-06-20T19:05:19+00:00
1894,Six Days Seven Nights (1998),Six Days Seven Nights,1998,https://en.wikipedia.org/wiki/Special:FilePath/Six_days_seven_nights.jpg,wikipedia-infobox,365039,"Six Days, Seven Nights",2026-06-20T19:05:19+00:00
1895,Can't Hardly Wait (1998),Can't Hardly Wait,1998,https://en.wikipedia.org/wiki/Special:FilePath/Can%27t_Hardly_Wait_Theatrical_Release_Poster.jpg,wikipedia-infobox,475977,Can't Hardly Wait,2026-06-20T19:05:19+00:00
1896,Cousin Bette (1998),Cousin Bette,1998,https://en.wikipedia.org/wiki/Special:FilePath/Cosuin_Bette.jpg,wikipedia-infobox,29892611,Cousin Bette (1998 film),2026-06-20T19:05:19+00:00
1897,High Art (1998),High Art,1998,https://en.wikipedia.org/wiki/Special:FilePath/High_art_ver1.jpg,wikipedia-infobox,1441031,High Art,2026-06-20T19:05:19+00:00
1898,"Land Girls, The (1998)","Land Girls, The",1998,https://en.wikipedia.org/wiki/Special:FilePath/The_Land_Girls.jpg,wikipedia-infobox,248613,The Land Girls,2026-06-20T13:59:46+00:00
1899,Passion in the Desert (1998),Passion in the Desert,1998,https://en.wikipedia.org/wiki/Special:FilePath/Passion_in_the_Desert.jpg,wikipedia-infobox,7940626,Passion in the Desert,2026-06-20T13:59:46+00:00
1900,"Children of Heaven, The (Bacheha-Ye Aseman) (1997)","Children of Heaven, The (Bacheha-Ye Aseman)",1997,https://en.wikipedia.org/wiki/Special:FilePath/children_of_heaven.jpg,wikipedia-infobox,916576,Children of Heaven (1997 film),2026-06-20T20:36:09+00:00
1901,Dear Jesse (1997),Dear Jesse,1997,https://en.wikipedia.org/wiki/Special:FilePath/Dear_Jesse_cover.jpg,wikipedia-infobox,900626,Dear Jesse,2026-06-20T13:59:46+00:00
1902,Dream for an Insomniac (1996),Dream for an Insomniac,1996,https://en.wikipedia.org/wiki/Special:FilePath/Dream-for-an-insomniac-movie-poster-1998-1020196371.jpg,wikipedia-infobox,2493559,Dream for an Insomniac,2026-06-20T13:59:46+00:00
1903,Hav Plenty (1997),Hav Plenty,1997,https://en.wikipedia.org/wiki/Special:FilePath/Hav_Plenty_DVD.jpg,wikipedia-infobox,5207496,Hav Plenty,2026-06-20T13:59:46+00:00
1904,Henry Fool (1997),Henry Fool,1997,https://en.wikipedia.org/wiki/Special:FilePath/Henry_fool.jpg,wikipedia-infobox,4110734,Henry Fool,2026-06-20T13:59:46+00:00
1905,Marie Baie Des Anges (1997),Marie Baie Des Anges,1997,https://m.media-amazon.com/images/M/MV5BYTA3MjkyMTctYTcyZC00ZjkyLWJlNWUtMjY5ZWMxNGQ1NjBiXkEyXkFqcGc@._V1_.jpg,imdb-suggest,tt0143614,Marie Baie des Anges,2026-06-21T07:14:18+00:00
1906,Mr. Jealousy (1997),Mr. Jealousy,1997,https://en.wikipedia.org/wiki/Special:FilePath/Mr._Jealousy.jpg,wikipedia-infobox,14147899,Mr. Jealousy,2026-06-20T13:59:46+00:00
1907,Mulan (1998),Mulan,1998,https://en.wikipedia.org/wiki/Special:FilePath/Movie_poster_mulan.JPG,wikipedia-infobox,55720,Mulan (1998 film),2026-06-20T13:59:45+00:00
1908,Resurrection Man (1998),Resurrection Man,1998,https://en.wikipedia.org/wiki/Special:FilePath/Resurrection-man-movie-poster.jpg,wikipedia-infobox,34549335,Resurrection Man (film),2026-06-20T13:59:47+00:00
1909,"X-Files: Fight the Future, The (1998)","X-Files: Fight the Future, The",1998,https://en.wikipedia.org/wiki/Special:FilePath/XFilesMoviePoster.jpg,wikipedia-infobox,1078863,The X-Files (film),2026-06-20T13:59:46+00:00
1910,I Went Down (1997),I Went Down,1997,https://en.wikipedia.org/wiki/Special:FilePath/I_Went_Down_FilmPoster.jpeg,wikipedia-infobox,8399302,I Went Down,2026-06-20T13:59:46+00:00
1911,Doctor Dolittle (1998),Doctor Dolittle,1998,https://en.wikipedia.org/wiki/Special:FilePath/The_Story_of_Doctor_Dolittle_title_page.jpg,wikipedia-infobox,182155,Doctor Dolittle,2026-06-20T13:59:46+00:00
1912,Out of Sight (1998),Out of Sight,1998,https://en.wikipedia.org/wiki/Special:FilePath/Out_of_Sight_1998_film_poster.jpg,wikipedia-infobox,506119,Out of Sight,2026-06-20T13:59:45+00:00
1913,Picnic at Hanging Rock (1975),Picnic at Hanging Rock,1975,https://en.wikipedia.org/wiki/Special:FilePath/Picnicathangingrock1.jpg,wikipedia-infobox,5878044,Picnic at Hanging Rock (film),2026-06-20T13:59:47+00:00
1914,Smoke Signals (1998),Smoke Signals,1998,https://en.wikipedia.org/wiki/Special:FilePath/Smoke_Signals.jpg,wikipedia-infobox,1469880,Smoke Signals (film),2026-06-20T13:59:47+00:00
1915,Voyage to the Beginning of the World (1997),Voyage to the Beginning of the World,1997,https://en.wikipedia.org/wiki/Special:FilePath/Viagem_ao_Princ%C3%ADpio_do_Mundo.jpg,wikipedia-infobox,22256773,Voyage to the Beginning of the World,2026-06-20T13:59:46+00:00
1916,Buffalo 66 (1998),Buffalo 66,1998,https://en.wikipedia.org/wiki/Special:FilePath/Buffalo_sixty_six_ver1.jpg,wikipedia-infobox,217835,Buffalo '66,2026-06-20T13:59:46+00:00
1917,Armageddon (1998),Armageddon,1998,https://en.wikipedia.org/wiki/Special:FilePath/Armageddon-poster06.jpg,wikipedia-infobox,52390,Armageddon (1998 film),2026-06-20T13:59:45+00:00
1918,Lethal Weapon 4 (1998),Lethal Weapon 4,1998,https://en.wikipedia.org/wiki/Special:FilePath/Lethal_Weapon_4_Poster.jpg,wikipedia-infobox,695283,Lethal Weapon 4,2026-06-20T13:59:46+00:00
1919,Madeline (1998),Madeline,1998,https://en.wikipedia.org/wiki/Special:FilePath/Madeline_movie_poster.jpg,wikipedia-infobox,43740594,Madeline (1998 film),2026-06-20T13:59:45+00:00
1920,Small Soldiers (1998),Small Soldiers,1998,https://en.wikipedia.org/wiki/Special:FilePath/Small_soldiers_movie_poster.jpg,wikipedia-infobox,171939,Small Soldiers,2026-06-20T13:59:46+00:00
1921,Pi (1998),Pi,1998,https://en.wikipedia.org/wiki/Special:FilePath/Piposter.jpg,wikipedia-infobox,42797521,Pi (film),2026-06-20T13:59:45+00:00
1922,Whatever (1998),Whatever,1998,https://m.media-amazon.com/images/M/MV5BMzUzZDFlMzUtNWNjNi00YWFmLTljYzctNzA1MjA1ODliYTcwXkEyXkFqcGc@._V1_.jpg,imdb-suggest,tt0140688,Whatever,2026-06-21T07:14:20+00:00
1923,There's Something About Mary (1998),There's Something About Mary,1998,https://en.wikipedia.org/wiki/Special:FilePath/There%27s_Something_About_Mary_POSTER.jpg,wikipedia-infobox,277149,There's Something About Mary,2026-06-20T13:59:46+00:00
1924,Plan 9 from Outer Space (1958),Plan 9 from Outer Space,1958,https://en.wikipedia.org/wiki/Special:FilePath/Plan_9_Alternative_poster.jpg,wikipedia-infobox,18491946,Plan 9 from Outer Space,2026-06-20T13:59:46+00:00
1925,Wings (1927),Wings,1927,https://en.wikipedia.org/wiki/Special:FilePath/Wings_%281927%29_poster.jpg,wikipedia-infobox,61046,Wings (1927 film),2026-06-20T13:59:45+00:00
1926,"Broadway Melody, The (1929)","Broadway Melody, The",1929,https://en.wikipedia.org/wiki/Special:FilePath/Broadway_Melody_poster.jpg,wikipedia-infobox,61182,The Broadway Melody,2026-06-20T13:59:46+00:00
1927,All Quiet on the Western Front (1930),All Quiet on the Western Front,1930,https://en.wikipedia.org/wiki/Special:FilePath/All_Quiet_on_the_Western_Front_%281930_film%29_poster.jpg,wikipedia-infobox,4592959,All Quiet on the Western Front (1930 film),2026-06-20T13:59:45+00:00
1928,Cimarron (1931),Cimarron,1931,https://en.wikipedia.org/wiki/Special:FilePath/Cimarron_%281931_film%29_poster.jpg,wikipedia-infobox,2410609,Cimarron (1931 film),2026-06-20T13:59:45+00:00
1929,Grand Hotel (1932),Grand Hotel,1932,https://en.wikipedia.org/wiki/Special:FilePath/GrandHotelFilmPoster.jpg,wikipedia-infobox,44752,Grand Hotel (1932 film),2026-06-20T13:59:45+00:00
1930,Cavalcade (1933),Cavalcade,1933,https://en.wikipedia.org/wiki/Special:FilePath/Cavalcade_film_poster.jpg,wikipedia-infobox,3947300,Cavalcade (1933 film),2026-06-20T13:59:45+00:00
1931,Mutiny on the Bounty (1935),Mutiny on the Bounty,1935,https://en.wikipedia.org/wiki/Special:FilePath/Mutiny_on_the_Bounty_poster.jpg,wikipedia-infobox,3992212,Mutiny on the Bounty (1935 film),2026-06-20T13:59:45+00:00
1932,"Great Ziegfeld, The (1936)","Great Ziegfeld, The",1936,https://en.wikipedia.org/wiki/Special:FilePath/Great-Ziegfeld-1936-Poster.jpg,wikipedia-infobox,44437,The Great Ziegfeld,2026-06-20T13:59:46+00:00
1933,"Life of Émile Zola, The (1937)","Life of Émile Zola, The",1937,https://en.wikipedia.org/wiki/Special:FilePath/The_Life_of_Emile_Zola_%281937_film_poster%29.jpg,wikipedia-infobox,44210,The Life of Emile Zola,2026-06-20T13:59:46+00:00
1934,You Can't Take It With You (1938),You Can't Take It With You,1938,https://en.wikipedia.org/wiki/Special:FilePath/You_Can%27t_Take_it_With_You_film_poster.jpg,wikipedia-infobox,18388326,You Can't Take It with You (film),2026-06-20T13:59:47+00:00
1935,How Green Was My Valley (1941),How Green Was My Valley,1941,https://en.wikipedia.org/wiki/Special:FilePath/How_Green_Was_My_Valley_%281941_poster_-_Style_A%29.jpg,wikipedia-infobox,4837038,How Green Was My Valley (film),2026-06-20T13:59:47+00:00
1936,Mrs. Miniver (1942),Mrs. Miniver,1942,https://en.wikipedia.org/wiki/Special:FilePath/Mrs._Miniver_%281942_poster_-_Style_C%29.jpg,wikipedia-infobox,4836948,Mrs. Miniver,2026-06-20T13:59:46+00:00
1937,Going My Way (1944),Going My Way,1944,https://en.wikipedia.org/wiki/Special:FilePath/Going_My_Way_%281944_poster%29.jpg,wikipedia-infobox,42383,Going My Way,2026-06-20T13:59:46+00:00
1938,"Lost Weekend, The (1945)","Lost Weekend, The",1945,https://en.wikipedia.org/wiki/Special:FilePath/The_Lost_Weekend_%281945_film%29.jpg,wikipedia-infobox,42294,The Lost Weekend,2026-06-20T14:00:15+00:00
1939,"Best Years of Our Lives, The (1946)","Best Years of Our Lives, The",1946,https://en.wikipedia.org/wiki/Special:FilePath/The_Best_Years_of_Our_Lives_%281946_poster%29.jpg,wikipedia-infobox,42159,The Best Years of Our Lives,2026-06-20T14:00:15+00:00
1940,Gentleman's Agreement (1947),Gentleman's Agreement,1947,https://en.wikipedia.org/wiki/Special:FilePath/Gentleman%27s_Agreement_%281947_poster%29.jpg,wikipedia-infobox,42093,Gentleman's Agreement,2026-06-20T14:00:15+00:00
1941,Hamlet (1948),Hamlet,1948,https://en.wikipedia.org/wiki/Special:FilePath/Amleto48-01.jpg,wikipedia-infobox,80530,Hamlet (1948 film),2026-06-20T14:00:14+00:00
1942,All the King's Men (1949),All the King's Men,1949,https://en.wikipedia.org/wiki/Special:FilePath/All_the_King%27s_Men_%281949_film_poster%29.jpg,wikipedia-infobox,4500088,All the King's Men (1949 film),2026-06-20T14:00:14+00:00
1943,"Greatest Show on Earth, The (1952)","Greatest Show on Earth, The",1952,https://en.wikipedia.org/wiki/Special:FilePath/Cecil_B._DeMille%27s_Greatest_%21_The_Greatest_Show_on_Earth%2C_1952.jpg,wikipedia-infobox,42137,The Greatest Show on Earth (film),2026-06-20T14:00:16+00:00
1944,From Here to Eternity (1953),From Here to Eternity,1953,https://en.wikipedia.org/wiki/Special:FilePath/From_Here_to_Eternity_%281953_poster%29.jpg,wikipedia-infobox,42293,From Here to Eternity,2026-06-20T14:00:15+00:00
1945,On the Waterfront (1954),On the Waterfront,1954,https://en.wikipedia.org/wiki/Special:FilePath/On_the_Waterfront_%281954_poster%29.jpg,wikipedia-infobox,42361,On the Waterfront,2026-06-20T14:00:15+00:00
1946,Marty (1955),Marty,1955,https://en.wikipedia.org/wiki/Special:FilePath/Marty_%281955_film_poster%29.jpg,wikipedia-infobox,13609396,Marty (film),2026-06-20T14:00:16+00:00
1947,West Side Story (1961),West Side Story,1961,https://en.wikipedia.org/wiki/Special:FilePath/West_Side_Story_1961_film_poster.jpg,wikipedia-infobox,4608223,West Side Story (1961 film),2026-06-20T14:00:14+00:00
1948,Tom Jones (1963),Tom Jones,1963,https://en.wikipedia.org/wiki/Special:FilePath/Poster_-_Tom_Jones_01.jpg,wikipedia-infobox,97732,Tom Jones (1963 film),2026-06-20T14:00:14+00:00
1949,"Man for All Seasons, A (1966)","Man for All Seasons, A",1966,https://en.wikipedia.org/wiki/Special:FilePath/A_Man_for_All_Seasons_%281966_movie_poster%29.gif,wikipedia-infobox,4836350,A Man for All Seasons (1966 film),2026-06-20T14:00:14+00:00
1950,In the Heat of the Night (1967),In the Heat of the Night,1967,https://en.wikipedia.org/wiki/Special:FilePath/In_the_Heat_of_the_Night_%28film%29.jpg,wikipedia-infobox,1715414,In the Heat of the Night (film),2026-06-20T14:00:16+00:00
1951,Oliver! (1968),Oliver!,1968,https://en.wikipedia.org/wiki/Special:FilePath/OLIVER111.jpeg,wikipedia-infobox,99017,Oliver!,2026-06-20T14:00:15+00:00
1952,Midnight Cowboy (1969),Midnight Cowboy,1969,https://en.wikipedia.org/wiki/Special:FilePath/Midnight_Cowboy-poster.jpg,wikipedia-infobox,42147,Midnight Cowboy,2026-06-20T14:00:14+00:00
1953,"French Connection, The (1971)","French Connection, The",1971,https://en.wikipedia.org/wiki/Special:FilePath/TheFrenchConnection.jpg,wikipedia-infobox,99463,The French Connection (film),2026-06-20T14:00:16+00:00
1954,Rocky (1976),Rocky,1976,https://en.wikipedia.org/wiki/Special:FilePath/Rocky_poster.jpg,wikipedia-infobox,45772,Rocky,2026-06-20T14:00:14+00:00
1955,Kramer Vs. Kramer (1979),Kramer Vs. Kramer,1979,https://en.wikipedia.org/wiki/Special:FilePath/Oscar_posters_79.jpg,wikipedia-infobox,103026,Kramer vs. Kramer,2026-06-20T14:00:15+00:00
1956,Ordinary People (1980),Ordinary People,1980,https://en.wikipedia.org/wiki/Special:FilePath/OrdinaryPeople.jpg,wikipedia-infobox,106335,Ordinary People,2026-06-20T14:00:14+00:00
1957,Chariots of Fire (1981),Chariots of Fire,1981,https://en.wikipedia.org/wiki/Special:FilePath/Chariots_of_fire.jpg,wikipedia-infobox,5729,Chariots of Fire,2026-06-20T14:00:15+00:00
1958,Terms of Endearment (1983),Terms of Endearment,1983,https://en.wikipedia.org/wiki/Special:FilePath/Terms_of_endearment.png,wikipedia-infobox,113427,Terms of Endearment,2026-06-20T14:00:15+00:00
1959,Out of Africa (1985),Out of Africa,1985,https://en.wikipedia.org/wiki/Special:FilePath/Out_of_Africa_%281985%29.jpg,wikipedia-infobox,89793,Out of Africa (film),2026-06-20T14:00:14+00:00
1960,"Last Emperor, The (1987)","Last Emperor, The",1987,https://en.wikipedia.org/wiki/Special:FilePath/The-last-emperor_1012c19e.jpg,wikipedia-infobox,129246,The Last Emperor,2026-06-20T14:00:15+00:00
1961,Rain Man (1988),Rain Man,1988,https://en.wikipedia.org/wiki/Special:FilePath/Rain_Man_poster.jpg,wikipedia-infobox,129368,Rain Man,2026-06-20T14:00:15+00:00
1962,Driving Miss Daisy (1989),Driving Miss Daisy,1989,https://en.wikipedia.org/wiki/Special:FilePath/Driving_Miss_Daisy_.jpg,wikipedia-infobox,129444,Driving Miss Daisy,2026-06-20T14:00:15+00:00
1963,Take the Money and Run (1969),Take the Money and Run,1969,https://en.wikipedia.org/wiki/Special:FilePath/Original_movie_poster_for_the_film_Take_the_Money_and_Run.jpg,wikipedia-infobox,298925,Take the Money and Run (film),2026-06-20T14:00:16+00:00
1964,Klute (1971),Klute,1971,https://en.wikipedia.org/wiki/Special:FilePath/Klute-Poster.jpg,wikipedia-infobox,223902,Klute,2026-06-20T14:00:15+00:00
1965,Repo Man (1984),Repo Man,1984,https://en.wikipedia.org/wiki/Special:FilePath/Repo-Man-Poster.jpg,wikipedia-infobox,26541,Repo Man (film),2026-06-20T14:00:14+00:00
1966,Metropolitan (1990),Metropolitan,1990,https://en.wikipedia.org/wiki/Special:FilePath/Metropolitan-poster.jpg,wikipedia-infobox,3493786,Metropolitan (1990 film),2026-06-20T14:00:14+00:00
1967,Labyrinth (1986),Labyrinth,1986,https://en.wikipedia.org/wiki/Special:FilePath/Labyrinth_ver2.jpg,wikipedia-infobox,177906,Labyrinth (1986 film),2026-06-20T14:00:14+00:00
1968,"Breakfast Club, The (1985)","Breakfast Club, The",1985,https://en.wikipedia.org/wiki/Special:FilePath/The_Breakfast_Club_poster.jpg,wikipedia-infobox,29943,The Breakfast Club,2026-06-20T14:00:14+00:00
1969,"Nightmare on Elm Street Part 2: Freddy's Revenge, A (1985)","Nightmare on Elm Street Part 2: Freddy's Revenge, A",1985,https://en.wikipedia.org/wiki/Special:FilePath/A_Nightmare_on_Elm_Street_2_-_Freddy%27s_Revenge_%281985%29_theatrical_poster.jpg,wikipedia-infobox,31658692,A Nightmare on Elm Street 2: Freddy's Revenge,2026-06-20T14:00:15+00:00
1970,"Nightmare on Elm Street 3: Dream Warriors, A (1987)","Nightmare on Elm Street 3: Dream Warriors, A",1987,https://en.wikipedia.org/wiki/Special:FilePath/A_Nightmare_on_Elm_Street_3_Dream_Warriors.jpg,wikipedia-infobox,3037946,A Nightmare on Elm Street 3: Dream Warriors,2026-06-20T14:00:15+00:00
1971,"Nightmare on Elm Street 4: The Dream Master, A (1988)","Nightmare on Elm Street 4: The Dream Master, A",1988,https://en.wikipedia.org/wiki/Special:FilePath/A_Nightmare_on_Elm_Street_4_-_The_Dream_Master_%281988%29_theatrical_poster.jpg,wikipedia-infobox,3038038,A Nightmare on Elm Street 4: The Dream Master,2026-06-20T14:00:15+00:00
1972,"Nightmare on Elm Street 5: The Dream Child, A (1989)","Nightmare on Elm Street 5: The Dream Child, A",1989,https://en.wikipedia.org/wiki/Special:FilePath/A_Nightmare_on_Elm_Street_5_-_The_Dream_Child_-US_poster.jpg,wikipedia-infobox,3038054,A Nightmare on Elm Street 5: The Dream Child,2026-06-20T14:00:15+00:00
1973,Freddy's Dead: The Final Nightmare (1991),Freddy's Dead: The Final Nightmare,1991,https://en.wikipedia.org/wiki/Special:FilePath/Freddy%27s_Dead_Poster.jpg,wikipedia-infobox,2933385,Freddy's Dead: The Final Nightmare,2026-06-20T14:00:15+00:00
1974,Friday the 13th (1980),Friday the 13th,1980,https://en.wikipedia.org/wiki/Special:FilePath/Friday_the_13th_%281980%29_theatrical_poster.jpg,wikipedia-infobox,168958,Friday the 13th (1980 film),2026-06-20T14:00:14+00:00
1975,Friday the 13th Part 2 (1981),Friday the 13th Part 2,1981,https://en.wikipedia.org/wiki/Special:FilePath/Friday_the_13th_part2.jpg,wikipedia-infobox,2274938,Friday the 13th Part 2,2026-06-20T14:00:15+00:00
1976,Friday the 13th Part 3: 3D (1982),Friday the 13th Part 3: 3D,1982,https://en.wikipedia.org/wiki/Special:FilePath/Friday_the_13th_Part_III_%281982%29_theatrical_poster.jpg,wikipedia-infobox,2317340,Friday the 13th Part III,2026-06-20T14:00:15+00:00
1977,Friday the 13th: The Final Chapter (1984),Friday the 13th: The Final Chapter,1984,https://en.wikipedia.org/wiki/Special:FilePath/Friday_the_13th_The_Final_Chapter_poster.jpg,wikipedia-infobox,2546429,Friday the 13th: The Final Chapter,2026-06-20T14:00:15+00:00
1978,Friday the 13th Part V: A New Beginning (1985),Friday the 13th Part V: A New Beginning,1985,https://en.wikipedia.org/wiki/Special:FilePath/Friday_the_13th_A_New_Beginning.jpg,wikipedia-infobox,2328364,Friday the 13th: A New Beginning,2026-06-20T14:00:20+00:00
1979,Friday the 13th Part VI: Jason Lives (1986),Friday the 13th Part VI: Jason Lives,1986,https://en.wikipedia.org/wiki/Special:FilePath/Friday_the_13th_Part_VI_-_Jason_Lives_%281986%29_theatrical_poster.jpg,wikipedia-infobox,2313660,Friday the 13th Part VI: Jason Lives,2026-06-20T14:00:20+00:00
1980,Friday the 13th Part VII: The New Blood (1988),Friday the 13th Part VII: The New Blood,1988,https://en.wikipedia.org/wiki/Special:FilePath/Friday_the_13th_Part_VII_-_The_New_Blood_%281988%29_theatrical_poster.jpg,wikipedia-infobox,2546472,Friday the 13th Part VII: The New Blood,2026-06-20T14:00:20+00:00
1981,Friday the 13th Part VIII: Jason Takes Manhattan (1989),Friday the 13th Part VIII: Jason Takes Manhattan,1989,https://en.wikipedia.org/wiki/Special:FilePath/Friday_the_13th_Part_VIII_-_Jason_Takes_Manhattan_%281989%29_theatrical_poster.jpg,wikipedia-infobox,2351932,Friday the 13th Part VIII: Jason Takes Manhattan,2026-06-20T14:00:20+00:00
1982,Halloween (1978),Halloween,1978,https://en.wikipedia.org/wiki/Special:FilePath/Halloween_%281978%29_theatrical_poster.jpg,wikipedia-infobox,20179415,Halloween (1978 film),2026-06-20T14:00:19+00:00
1983,Halloween II (1981),Halloween II,1981,https://en.wikipedia.org/wiki/Special:FilePath/Halloween_II_%281981%29_theatrical_poster.jpg,wikipedia-infobox,2002104,Halloween II (1981 film),2026-06-20T14:00:19+00:00
1984,Halloween III: Season of the Witch (1983),Halloween III: Season of the Witch,1983,https://en.wikipedia.org/wiki/Special:FilePath/Halloween_III_Season_of_the_Witch_film_poster.jpg,wikipedia-infobox,243064,Halloween III: Season of the Witch,2026-06-20T14:00:20+00:00
1985,Halloween 4: The Return of Michael Myers (1988),Halloween 4: The Return of Michael Myers,1988,https://en.wikipedia.org/wiki/Special:FilePath/Halloween4poster.jpg,wikipedia-infobox,2002258,Halloween 4: The Return of Michael Myers,2026-06-20T14:00:20+00:00
1986,Halloween 5: The Revenge of Michael Myers (1989),Halloween 5: The Revenge of Michael Myers,1989,https://en.wikipedia.org/wiki/Special:FilePath/Halloween5poster.jpg,wikipedia-infobox,2002320,Halloween 5: The Revenge of Michael Myers,2026-06-20T14:00:20+00:00
1987,Prom Night (1980),Prom Night,1980,https://en.wikipedia.org/wiki/Special:FilePath/Prom_night_film_poster.jpg,wikipedia-infobox,2497347,Prom Night (1980 film),2026-06-20T14:00:19+00:00
1988,Hello Mary Lou: Prom Night II (1987),Hello Mary Lou: Prom Night II,1987,https://en.wikipedia.org/wiki/Special:FilePath/Prom_Night_2.jpg,wikipedia-infobox,6563913,Hello Mary Lou: Prom Night II,2026-06-20T14:00:20+00:00
1989,Prom Night III: The Last Kiss (1989),Prom Night III: The Last Kiss,1989,https://en.wikipedia.org/wiki/Special:FilePath/PromnightIII.jpg,wikipedia-infobox,6589209,Prom Night III: The Last Kiss,2026-06-20T14:00:20+00:00
1990,Prom Night IV: Deliver Us From Evil (1992),Prom Night IV: Deliver Us From Evil,1992,https://m.media-amazon.com/images/M/MV5BNDY4MjVjMmMtY2U5YS00MTdiLWFiMDQtOWVkNzQ5YjY4NzM3XkEyXkFqcGc@._V1_.jpg,imdb-suggest,tt0105179,Prom Night IV: Deliver Us from Evil,2026-06-21T07:25:26+00:00
1991,Child's Play (1988),Child's Play,1988,https://en.wikipedia.org/wiki/Special:FilePath/Childs_Play.jpg,wikipedia-infobox,534792,Child's Play (1988 film),2026-06-20T14:00:19+00:00
1992,Child's Play 2 (1990),Child's Play 2,1990,https://en.wikipedia.org/wiki/Special:FilePath/Childsplay2.jpg,wikipedia-infobox,534812,Child's Play 2,2026-06-20T14:00:20+00:00
1993,Child's Play 3 (1992),Child's Play 3,1992,https://en.wikipedia.org/wiki/Special:FilePath/Childsplay3.jpg,wikipedia-infobox,534778,Child's Play 3,2026-06-20T14:00:20+00:00
1994,Poltergeist (1982),Poltergeist,1982,https://en.wikipedia.org/wiki/Special:FilePath/Poltergeist_%281982%29.png,wikipedia-infobox,7051491,Poltergeist (1982 film),2026-06-20T14:00:19+00:00
1995,Poltergeist II: The Other Side (1986),Poltergeist II: The Other Side,1986,https://en.wikipedia.org/wiki/Special:FilePath/Poltergeist-2-the-other-side.jpg,wikipedia-infobox,7051746,Poltergeist II: The Other Side,2026-06-20T14:00:20+00:00
1996,Poltergeist III (1988),Poltergeist III,1988,https://en.wikipedia.org/wiki/Special:FilePath/poltergeist_iii_movie_poster.jpg,wikipedia-infobox,3316533,Poltergeist III,2026-06-20T14:00:20+00:00
1997,"Exorcist, The (1973)","Exorcist, The",1973,https://en.wikipedia.org/wiki/Special:FilePath/Exorcist_ver2.jpg,wikipedia-infobox,725459,The Exorcist,2026-06-20T14:00:20+00:00
1998,Exorcist II: The Heretic (1977),Exorcist II: The Heretic,1977,https://en.wikipedia.org/wiki/Special:FilePath/Exorcist2poster.jpg,wikipedia-infobox,571383,Exorcist II: The Heretic,2026-06-20T14:00:20+00:00
1999,"Exorcist III, The (1990)","Exorcist III, The",1990,https://en.wikipedia.org/wiki/Special:FilePath/The_Exorcist_3.jpg,wikipedia-infobox,30873695,The Exorcist III,2026-06-20T14:00:20+00:00
2000,Lethal Weapon (1987),Lethal Weapon,1987,https://en.wikipedia.org/wiki/Special:FilePath/Lethal_weapon1.jpg,wikipedia-infobox,235418,Lethal Weapon,2026-06-20T14:00:20+00:00
2001,Lethal Weapon 2 (1989),Lethal Weapon 2,1989,https://en.wikipedia.org/wiki/Special:FilePath/Lethal_Weapon_2_Poster.jpg,wikipedia-infobox,695227,Lethal Weapon 2,2026-06-20T14:00:20+00:00
2002,Lethal Weapon 3 (1992),Lethal Weapon 3,1992,https://en.wikipedia.org/wiki/Special:FilePath/Lethal_Weapon_3_Poster.jpg,wikipedia-infobox,695266,Lethal Weapon 3,2026-06-20T14:00:20+00:00
2003,Gremlins (1984),Gremlins,1984,https://en.wikipedia.org/wiki/Special:FilePath/Gremlins1.jpg,wikipedia-infobox,382387,Gremlins,2026-06-20T14:00:20+00:00
2004,Gremlins 2: The New Batch (1990),Gremlins 2: The New Batch,1990,https://en.wikipedia.org/wiki/Special:FilePath/Gremlins2poster.jpg,wikipedia-infobox,1323106,Gremlins 2: The New Batch,2026-06-20T14:00:20+00:00
2005,"Goonies, The (1985)","Goonies, The",1985,https://en.wikipedia.org/wiki/Special:FilePath/The_Goonies.jpg,wikipedia-infobox,89631,The Goonies,2026-06-20T14:00:20+00:00
2006,"Mask of Zorro, The (1998)","Mask of Zorro, The",1998,https://en.wikipedia.org/wiki/Special:FilePath/Mask_of_zorro.jpg,wikipedia-infobox,705756,The Mask of Zorro,2026-06-20T14:00:19+00:00
2007,Polish Wedding (1998),Polish Wedding,1998,https://en.wikipedia.org/wiki/Special:FilePath/Polish_wedding_poster.jpg,wikipedia-infobox,5980485,Polish Wedding,2026-06-20T14:00:20+00:00
2008,"This World, Then the Fireworks (1996)","This World, Then the Fireworks",1996,https://en.wikipedia.org/wiki/Special:FilePath/This_World_Then_The_Fireworks_film_poster.jpg,wikipedia-infobox,43335496,"This World, Then the Fireworks",2026-06-20T14:00:20+00:00
2009,Soylent Green (1973),Soylent Green,1973,https://en.wikipedia.org/wiki/Special:FilePath/Soylent_green.jpg,wikipedia-infobox,45481,Soylent Green,2026-06-20T14:00:20+00:00
2010,Metropolis (1926),Metropolis,1926,https://m.media-amazon.com/images/M/MV5BOWNiNjRjZWEtM2FkNi00NTQwLWI2ZWQtNGFhMDY2YjhkNDIzXkEyXkFqcGc@._V1_.jpg,imdb-suggest,tt14570966,Metropolis,2026-06-21T07:14:21+00:00
2011,Back to the Future Part II (1989),Back to the Future Part II,1989,https://en.wikipedia.org/wiki/Special:FilePath/Back_to_the_Future_Part_II.jpg,wikipedia-infobox,213270,Back to the Future Part II,2026-06-20T14:00:20+00:00
2012,Back to the Future Part III (1990),Back to the Future Part III,1990,https://en.wikipedia.org/wiki/Special:FilePath/Back_to_the_Future_Part_III.jpg,wikipedia-infobox,213275,Back to the Future Part III,2026-06-20T14:00:20+00:00
2013,"Poseidon Adventure, The (1972)","Poseidon Adventure, The",1972,https://en.wikipedia.org/wiki/Special:FilePath/PoseidonAdventure.jpg,wikipedia-infobox,511228,The Poseidon Adventure (1972 film),2026-06-20T14:00:19+00:00
2014,Freaky Friday (1977),Freaky Friday,1977,https://en.wikipedia.org/wiki/Special:FilePath/Freaky_Friday_1972_first_edition_hardcover.jpg,wikipedia-infobox,338872,Freaky Friday,2026-06-20T14:00:20+00:00
2015,"Absent Minded Professor, The (1961)","Absent Minded Professor, The",1961,https://en.wikipedia.org/wiki/Special:FilePath/The_Absent-Minded_Professor_-_1963_-_Poster.png,wikipedia-infobox,1440478,The Absent-Minded Professor,2026-06-20T14:00:20+00:00
2016,"Apple Dumpling Gang Rides Again, The (1979)","Apple Dumpling Gang Rides Again, The",1979,https://en.wikipedia.org/wiki/Special:FilePath/Appledumpling.jpg,wikipedia-infobox,5320225,The Apple Dumpling Gang Rides Again,2026-06-20T14:00:20+00:00
2017,Babes in Toyland (1961),Babes in Toyland,1961,https://en.wikipedia.org/wiki/Special:FilePath/Babes_in_toyland_1961_poster.jpg,wikipedia-infobox,1508176,Babes in Toyland (1961 film),2026-06-20T14:00:19+00:00
2018,Bambi (1942),Bambi,1942,https://en.wikipedia.org/wiki/Special:FilePath/Walt_Disney%27s_Bambi_poster.jpg,wikipedia-infobox,683122,Bambi,2026-06-20T14:00:52+00:00
2019,Seven Samurai (The Magnificent Seven) (Shichinin no samurai) (1954),Seven Samurai (The Magnificent Seven) (Shichinin no samurai),1954,https://en.wikipedia.org/wiki/Special:FilePath/Seven_Samurai_Poster.png,wikipedia-infobox,31371,Seven Samurai,2026-06-20T20:37:05+00:00
2020,Dangerous Liaisons (1988),Dangerous Liaisons,1988,https://en.wikipedia.org/wiki/Special:FilePath/DangerousLiaisonsPoster.jpg,wikipedia-infobox,75933,Dangerous Liaisons,2026-06-20T14:00:53+00:00
2021,Dune (1984),Dune,1984,https://en.wikipedia.org/wiki/Special:FilePath/Dune_1984_Poster.jpg,wikipedia-infobox,71415,Dune (1984 film),2026-06-20T14:00:52+00:00
2022,"Last Temptation of Christ, The (1988)","Last Temptation of Christ, The",1988,https://en.wikipedia.org/wiki/Special:FilePath/The_Last_Temptation_of_Christ_poster.png,wikipedia-infobox,7832768,The Last Temptation of Christ (film),2026-06-20T14:00:54+00:00
2023,"Godfather: Part III, The (1990)","Godfather: Part III, The",1990,https://en.wikipedia.org/wiki/Special:FilePath/GodfatherIII2.jpg,wikipedia-infobox,129644,The Godfather Part III,2026-06-20T14:00:53+00:00
2024,"Rapture, The (1991)","Rapture, The",1991,https://en.wikipedia.org/wiki/Special:FilePath/Raptureposter.jpg,wikipedia-infobox,4069403,The Rapture (1991 film),2026-06-20T14:00:52+00:00
2025,Lolita (1997),Lolita,1997,https://en.wikipedia.org/wiki/Special:FilePath/Lolita1997.jpg,wikipedia-infobox,1988806,Lolita (1997 film),2026-06-20T14:00:52+00:00
2026,Disturbing Behavior (1998),Disturbing Behavior,1998,https://en.wikipedia.org/wiki/Special:FilePath/Disturbing_behavior.jpg,wikipedia-infobox,2005355,Disturbing Behavior,2026-06-20T14:00:53+00:00
2027,Mafia! (1998),Mafia!,1998,https://en.wikipedia.org/wiki/Special:FilePath/Mafia%21poster.jpg,wikipedia-infobox,3918828,Mafia!,2026-06-20T14:00:53+00:00
2028,Saving Private Ryan (1998),Saving Private Ryan,1998,https://en.wikipedia.org/wiki/Special:FilePath/Saving_Private_Ryan_poster.jpg,wikipedia-infobox,28269,Saving Private Ryan,2026-06-20T14:00:53+00:00
2029,Billy's Hollywood Screen Kiss (1997),Billy's Hollywood Screen Kiss,1997,https://en.wikipedia.org/wiki/Special:FilePath/Billy%27s_Hollywood_Screen_Kiss.jpg,wikipedia-infobox,6919595,Billy's Hollywood Screen Kiss,2026-06-20T14:00:53+00:00
2031,"$1,000,000 Duck (1971)","$1,000,000 Duck",1971,https://en.wikipedia.org/wiki/Special:FilePath/MDollarDuck.jpg,wikipedia-infobox,13172792,The Million Dollar Duck,2026-06-20T14:00:53+00:00
2032,"Barefoot Executive, The (1971)","Barefoot Executive, The",1971,https://en.wikipedia.org/wiki/Special:FilePath/Poster_of_the_movie_The_Barefoot_Executive.jpg,wikipedia-infobox,10979410,The Barefoot Executive,2026-06-20T14:00:53+00:00
2033,"Black Cauldron, The (1985)","Black Cauldron, The",1985,https://en.wikipedia.org/wiki/Special:FilePath/The_Black_Cauldron_poster.jpg,wikipedia-infobox,805496,The Black Cauldron (film),2026-06-20T14:00:54+00:00
2034,"Black Hole, The (1979)","Black Hole, The",1979,https://en.wikipedia.org/wiki/Special:FilePath/The_Black_Hole_%281979_film%29_poster.jpg,wikipedia-infobox,341538,The Black Hole (1979 film),2026-06-20T14:00:52+00:00
2035,Blackbeard's Ghost (1968),Blackbeard's Ghost,1968,https://en.wikipedia.org/wiki/Special:FilePath/Blackbeards-Ghost-Poster.jpg,wikipedia-infobox,4750168,Blackbeard's Ghost,2026-06-20T14:00:53+00:00
2036,Blank Check (1994),Blank Check,1994,https://en.wikipedia.org/wiki/Special:FilePath/Blank_Check_film_poster.jpg,wikipedia-infobox,1039329,Blank Check (film),2026-06-20T14:00:54+00:00
2037,Candleshoe (1977),Candleshoe,1977,https://en.wikipedia.org/wiki/Special:FilePath/Candleshoe.png,wikipedia-infobox,2225976,Candleshoe,2026-06-20T14:00:53+00:00
2038,"Cat from Outer Space, The (1978)","Cat from Outer Space, The",1978,https://en.wikipedia.org/wiki/Special:FilePath/CatFromOuterSpace.jpg,wikipedia-infobox,1814089,The Cat from Outer Space,2026-06-20T14:00:53+00:00
2039,Cheetah (1989),Cheetah,1989,https://en.wikipedia.org/wiki/Special:FilePath/Cheetah_film_poster.jpg,wikipedia-infobox,14774463,Cheetah (1989 film),2026-06-20T14:00:52+00:00
2040,"Computer Wore Tennis Shoes, The (1970)","Computer Wore Tennis Shoes, The",1970,https://en.wikipedia.org/wiki/Special:FilePath/computer_wore_tennis_shoes_ver1.jpg,wikipedia-infobox,5453739,The Computer Wore Tennis Shoes,2026-06-20T14:00:53+00:00
2041,Condorman (1981),Condorman,1981,https://en.wikipedia.org/wiki/Special:FilePath/Condormanposter.jpg,wikipedia-infobox,3347962,Condorman,2026-06-20T14:00:53+00:00
2042,D2: The Mighty Ducks (1994),D2: The Mighty Ducks,1994,https://en.wikipedia.org/wiki/Special:FilePath/D_two_the_mighty_ducks.jpg,wikipedia-infobox,3070954,D2: The Mighty Ducks,2026-06-20T14:00:53+00:00
2043,Darby O'Gill and the Little People (1959),Darby O'Gill and the Little People,1959,https://en.wikipedia.org/wiki/Special:FilePath/Darby_o_gill_and_the_little_people.jpg,wikipedia-infobox,146709,Darby O'Gill and the Little People,2026-06-20T14:00:53+00:00
2044,"Devil and Max Devlin, The (1981)","Devil and Max Devlin, The",1981,https://en.wikipedia.org/wiki/Special:FilePath/The_Devil_and_Max_Devlin.jpg,wikipedia-infobox,4711743,The Devil and Max Devlin,2026-06-20T14:00:53+00:00
2045,"Far Off Place, A (1993)","Far Off Place, A",1993,https://en.wikipedia.org/wiki/Special:FilePath/Faroffplace.jpg,wikipedia-infobox,5329751,A Far Off Place,2026-06-20T14:00:53+00:00
2046,Flight of the Navigator (1986),Flight of the Navigator,1986,https://en.wikipedia.org/wiki/Special:FilePath/Flightofnavigatorpost.jpg,wikipedia-infobox,1646067,Flight of the Navigator,2026-06-20T14:00:53+00:00
2047,"Gnome-Mobile, The (1967)","Gnome-Mobile, The",1967,https://en.wikipedia.org/wiki/Special:FilePath/The_Gnome-Mobile.jpg,wikipedia-infobox,1096485,The Gnome-Mobile,2026-06-20T14:00:53+00:00
2048,"Great Mouse Detective, The (1986)","Great Mouse Detective, The",1986,https://en.wikipedia.org/wiki/Special:FilePath/Mousedetectposter.jpg,wikipedia-infobox,306812,The Great Mouse Detective,2026-06-20T14:00:53+00:00
2049,"Happiest Millionaire, The (1967)","Happiest Millionaire, The",1967,https://en.wikipedia.org/wiki/Special:FilePath/The_Happiest_Millionaire_-_1967_-_Poster.png,wikipedia-infobox,358363,The Happiest Millionaire,2026-06-20T14:00:53+00:00
2050,Herbie Goes Bananas (1980),Herbie Goes Bananas,1980,https://en.wikipedia.org/wiki/Special:FilePath/Herbie_goes_bananas_poster.jpg,wikipedia-infobox,2303104,Herbie Goes Bananas,2026-06-20T14:00:53+00:00
2051,Herbie Goes to Monte Carlo (1977),Herbie Goes to Monte Carlo,1977,https://en.wikipedia.org/wiki/Special:FilePath/montecarlo.jpeg,wikipedia-infobox,512161,Herbie Goes to Monte Carlo,2026-06-20T14:00:53+00:00
2052,Hocus Pocus (1993),Hocus Pocus,1993,https://en.wikipedia.org/wiki/Special:FilePath/Hocuspocusposter.jpg,wikipedia-infobox,1962219,Hocus Pocus (1993 film),2026-06-20T14:00:52+00:00
2053,"Honey, I Blew Up the Kid (1992)","Honey, I Blew Up the Kid",1992,https://en.wikipedia.org/wiki/Special:FilePath/honey_I_blew_up_the_kid_film_poster.jpg,wikipedia-infobox,924799,"Honey, I Blew Up the Kid",2026-06-20T14:00:53+00:00
2054,"Honey, I Shrunk the Kids (1989)","Honey, I Shrunk the Kids",1989,https://en.wikipedia.org/wiki/Special:FilePath/Honey_I_Shrunk_the_kids.jpg,wikipedia-infobox,1032620,"Honey, I Shrunk the Kids",2026-06-20T14:00:53+00:00
2055,Hot Lead and Cold Feet (1978),Hot Lead and Cold Feet,1978,https://en.wikipedia.org/wiki/Special:FilePath/Hot_Lead_and_Cold_Feet.jpg,wikipedia-infobox,6049239,Hot Lead and Cold Feet,2026-06-20T14:00:53+00:00
2056,In Search of the Castaways (1962),In Search of the Castaways,1962,https://en.wikipedia.org/wiki/Special:FilePath/%27The_Children_of_Captain_Grant%27_by_%C3%89douard_Riou_001.jpg,wikipedia-infobox,883407,In Search of the Castaways,2026-06-20T14:00:53+00:00
2057,"Incredible Journey, The (1963)","Incredible Journey, The",1963,https://en.wikipedia.org/wiki/Special:FilePath/The_Incredible_Journey.jpg,wikipedia-infobox,22591470,The Incredible Journey (film),2026-06-20T14:00:52+00:00
2058,"Negotiator, The (1998)","Negotiator, The",1998,https://en.wikipedia.org/wiki/Special:FilePath/The_Negotiator_poster.jpg,wikipedia-infobox,159447,The Negotiator,2026-06-20T14:00:53+00:00
2059,"Parent Trap, The (1998)","Parent Trap, The",1998,https://en.wikipedia.org/wiki/Special:FilePath/parenttrapposter.jpg,wikipedia-infobox,2236329,The Parent Trap (1998 film),2026-06-20T14:01:22+00:00
2060,BASEketball (1998),BASEketball,1998,https://en.wikipedia.org/wiki/Special:FilePath/baseketball.jpg,wikipedia-infobox,19878320,BASEketball,2026-06-20T14:01:23+00:00
2061,Full Tilt Boogie (1997),Full Tilt Boogie,1997,https://en.wikipedia.org/wiki/Special:FilePath/Full_tilt_boogie.jpg,wikipedia-infobox,6300323,Full Tilt Boogie,2026-06-20T14:01:23+00:00
2062,"Governess, The (1998)","Governess, The",1998,https://en.wikipedia.org/wiki/Special:FilePath/GovernessFilmPoster.jpg,wikipedia-infobox,12281413,The Governess,2026-06-20T14:01:23+00:00
2063,Seventh Heaven (Le Septième ciel) (1997),Seventh Heaven (Le Septième ciel),1997,https://en.wikipedia.org/wiki/Special:FilePath/Le_Septi%C3%A8me_Ciel_poster.jpg,wikipedia-infobox,44377807,Seventh Heaven (1997 film),2026-06-20T20:37:04+00:00
2064,Roger & Me (1989),Roger & Me,1989,https://en.wikipedia.org/wiki/Special:FilePath/Roger_and_me.jpg,wikipedia-infobox,98164,Roger & Me,2026-06-20T14:01:23+00:00
2065,"Purple Rose of Cairo, The (1985)","Purple Rose of Cairo, The",1985,https://en.wikipedia.org/wiki/Special:FilePath/Rosa-purpura-do-cairo-poster02.jpg,wikipedia-infobox,1635059,The Purple Rose of Cairo,2026-06-20T14:01:23+00:00
2066,Out of the Past (1947),Out of the Past,1947,https://en.wikipedia.org/wiki/Special:FilePath/Out_of_the_Past_%281947_poster_-_retouched%29.jpg,wikipedia-infobox,75266,Out of the Past,2026-06-20T14:01:23+00:00
2067,Doctor Zhivago (1965),Doctor Zhivago,1965,https://en.wikipedia.org/wiki/Special:FilePath/DrZhivago_Asheet.jpg,wikipedia-infobox,97758,Doctor Zhivago (film),2026-06-20T14:01:22+00:00
2068,Fanny and Alexander (1982),Fanny and Alexander,1982,https://en.wikipedia.org/wiki/Special:FilePath/Fanny%26Alexander.jpg,wikipedia-infobox,487300,Fanny and Alexander,2026-06-20T14:01:23+00:00
2069,"Trip to Bountiful, The (1985)","Trip to Bountiful, The",1985,https://en.wikipedia.org/wiki/Special:FilePath/Trip_to_bountiful.jpg,wikipedia-infobox,242550,The Trip to Bountiful,2026-06-20T14:01:23+00:00
2070,Tender Mercies (1983),Tender Mercies,1983,https://en.wikipedia.org/wiki/Special:FilePath/Tender_mercies.jpg,wikipedia-infobox,113445,Tender Mercies,2026-06-20T14:01:23+00:00
2071,And the Band Played On (1993),And the Band Played On,1993,https://en.wikipedia.org/wiki/Special:FilePath/And_the_Band_Played_On_%28first_edition%29.jpg,wikipedia-infobox,30456429,And the Band Played On,2026-06-20T14:01:23+00:00
2072,"'burbs, The (1989)","'burbs, The",1989,https://en.wikipedia.org/wiki/Special:FilePath/Burbsposter.jpg,wikipedia-infobox,600216,The 'Burbs,2026-06-20T14:01:23+00:00
2073,Fandango (1985),Fandango,1985,https://en.wikipedia.org/wiki/Special:FilePath/Fandango_%281985_movie_poster%29.jpg,wikipedia-infobox,1637570,Fandango (1985 film),2026-06-20T14:01:22+00:00
2074,"Night Porter, The (Il Portiere di notte) (1974)","Night Porter, The (Il Portiere di notte)",1974,https://en.wikipedia.org/wiki/Special:FilePath/Thenightporter.jpg,wikipedia-infobox,846654,The Night Porter,2026-06-20T20:37:05+00:00
2075,Mephisto (1981),Mephisto,1981,https://en.wikipedia.org/wiki/Special:FilePath/Mephisto_hungarian_poster_1981.png,wikipedia-infobox,6997771,Mephisto (1981 film),2026-06-20T14:01:22+00:00
2076,Blue Velvet (1986),Blue Velvet,1986,https://en.wikipedia.org/wiki/Special:FilePath/Blue_Velvet_%281986%29.png,wikipedia-infobox,3947,Blue Velvet (film),2026-06-20T14:01:24+00:00
2077,"Journey of Natty Gann, The (1985)","Journey of Natty Gann, The",1985,https://en.wikipedia.org/wiki/Special:FilePath/journey_of_natty_gann_movie_poster.jpg,wikipedia-infobox,1553486,The Journey of Natty Gann,2026-06-20T14:01:23+00:00
2078,"Jungle Book, The (1967)","Jungle Book, The",1967,https://en.wikipedia.org/wiki/Special:FilePath/Thejunglebook_movieposter.jpg,wikipedia-infobox,680006,The Jungle Book (1967 film),2026-06-20T14:01:22+00:00
2079,Kidnapped (1960),Kidnapped,1960,https://en.wikipedia.org/wiki/Special:FilePath/Kidnapped1960poster.jpg,wikipedia-infobox,7626909,Kidnapped (1960 film),2026-06-20T14:01:22+00:00
2080,Lady and the Tramp (1955),Lady and the Tramp,1955,https://en.wikipedia.org/wiki/Special:FilePath/Lady-and-tramp-1955-poster.jpg,wikipedia-infobox,286828,Lady and the Tramp,2026-06-20T14:01:22+00:00
2081,"Little Mermaid, The (1989)","Little Mermaid, The",1989,https://en.wikipedia.org/wiki/Special:FilePath/The_Little_Mermaid_%28Official_1989_Film_Poster%29.png,wikipedia-infobox,301574,The Little Mermaid (1989 film),2026-06-20T14:01:22+00:00
2082,"Mighty Ducks, The (1992)","Mighty Ducks, The",1992,https://en.wikipedia.org/wiki/Special:FilePath/Mightyducksposter.jpg,wikipedia-infobox,552592,The Mighty Ducks (film),2026-06-20T14:01:22+00:00
2083,"Muppet Christmas Carol, The (1992)","Muppet Christmas Carol, The",1992,https://en.wikipedia.org/wiki/Special:FilePath/Muppet_christmas_carol.jpg,wikipedia-infobox,1131832,The Muppet Christmas Carol,2026-06-20T14:01:23+00:00
2084,Newsies (1992),Newsies,1992,https://en.wikipedia.org/wiki/Special:FilePath/Newsies-Poster.jpg,wikipedia-infobox,944471,Newsies,2026-06-20T14:01:22+00:00
2085,101 Dalmatians (1961),101 Dalmatians,1961,https://en.wikipedia.org/wiki/Special:FilePath/One_Hundred_and_One_Dalmatians_movie_poster.jpg,wikipedia-infobox,179351,One Hundred and One Dalmatians,2026-06-20T14:01:22+00:00
2086,One Magic Christmas (1985),One Magic Christmas,1985,https://en.wikipedia.org/wiki/Special:FilePath/One_Magic_Christmas_Poster.jpg,wikipedia-infobox,2261684,One Magic Christmas,2026-06-20T14:01:23+00:00
2087,Peter Pan (1953),Peter Pan,1953,https://en.wikipedia.org/wiki/Special:FilePath/Peter_Pan_%281953_poster%29.jpg,wikipedia-infobox,982199,Peter Pan (1953 film),2026-06-20T14:01:22+00:00
2088,Popeye (1980),Popeye,1980,https://en.wikipedia.org/wiki/Special:FilePath/Popeyemovieposter.jpg,wikipedia-infobox,1339188,Popeye (film),2026-06-20T14:01:22+00:00
2089,"Rescuers Down Under, The (1990)","Rescuers Down Under, The",1990,https://en.wikipedia.org/wiki/Special:FilePath/Rescuersduposter.jpg,wikipedia-infobox,238004,The Rescuers Down Under,2026-06-20T14:01:23+00:00
2090,"Rescuers, The (1977)","Rescuers, The",1977,https://en.wikipedia.org/wiki/Special:FilePath/Rescuersposter.jpg,wikipedia-infobox,201448,The Rescuers,2026-06-20T14:01:22+00:00
2091,Return from Witch Mountain (1978),Return from Witch Mountain,1978,https://en.wikipedia.org/wiki/Special:FilePath/Return_from_Witch_Mountain%2C_film_poster.jpg,wikipedia-infobox,1722134,Return from Witch Mountain,2026-06-20T14:01:23+00:00
2092,"Return of Jafar, The (1993)","Return of Jafar, The",1993,https://en.wikipedia.org/wiki/Special:FilePath/Returnofjafar.jpg,wikipedia-infobox,358684,The Return of Jafar,2026-06-20T14:01:23+00:00
2093,Return to Oz (1985),Return to Oz,1985,https://en.wikipedia.org/wiki/Special:FilePath/Return_to_Oz_poster.jpg,wikipedia-infobox,583407,Return to Oz,2026-06-20T14:01:23+00:00
2094,"Rocketeer, The (1991)","Rocketeer, The",1991,https://en.wikipedia.org/wiki/Special:FilePath/Rocketeermovieposter.jpg,wikipedia-infobox,5807082,The Rocketeer (film),2026-06-20T14:01:24+00:00
2095,"Shaggy D.A., The (1976)","Shaggy D.A., The",1976,https://en.wikipedia.org/wiki/Special:FilePath/Shaggy_d_a_ver2.jpg,wikipedia-infobox,3093642,The Shaggy D.A.,2026-06-20T14:01:23+00:00
2096,Sleeping Beauty (1959),Sleeping Beauty,1959,https://en.wikipedia.org/wiki/Special:FilePath/Sleeping_Beauty_%281959_poster_-_Style_A%29.jpg,wikipedia-infobox,2287636,Sleeping Beauty (1959 film),2026-06-20T14:01:22+00:00
2097,Something Wicked This Way Comes (1983),Something Wicked This Way Comes,1983,https://en.wikipedia.org/wiki/Special:FilePath/Something_Wicked_This_Way_Comes_%281983_movie_poster%29.jpg,wikipedia-infobox,2210017,Something Wicked This Way Comes (film),2026-06-20T14:01:22+00:00
2098,Son of Flubber (1963),Son of Flubber,1963,https://en.wikipedia.org/wiki/Special:FilePath/Son_of_Flubber_-_1963_-_Poster.png,wikipedia-infobox,8343583,Son of Flubber,2026-06-20T14:01:23+00:00
2099,Song of the South (1946),Song of the South,1946,https://en.wikipedia.org/wiki/Special:FilePath/Song_of_the_South_%28three_sheet_poster%29.jpg,wikipedia-infobox,61141,Song of the South,2026-06-20T19:06:02+00:00
2100,Splash (1984),Splash,1984,https://en.wikipedia.org/wiki/Special:FilePath/Splash_ver2.jpg,wikipedia-infobox,338962,Splash (film),2026-06-20T19:05:22+00:00
2101,Squanto: A Warrior's Tale (1994),Squanto: A Warrior's Tale,1994,https://en.wikipedia.org/wiki/Special:FilePath/Squantoposter.jpg,wikipedia-infobox,8880229,Squanto: A Warrior's Tale,2026-06-20T19:06:02+00:00
2102,Steamboat Willie (1940),Steamboat Willie,1940,https://m.media-amazon.com/images/M/MV5BODhlNGQyZTAtNGE0ZS00OWVhLTkzODQtOTBiMmQ2ODZjNzI2XkEyXkFqcGc@._V1_.jpg,imdb-suggest,tt0019422,Steamboat Willie,2026-06-21T07:25:26+00:00
2103,Tall Tale (1994),Tall Tale,1994,https://m.media-amazon.com/images/M/MV5BZTJjYWZlOTMtNTZiZC00MmVmLTg3NzMtODFkMDZhNWExMzA0XkEyXkFqcGc@._V1_.jpg,imdb-suggest,tt0111359,Tall Tale,2026-06-21T07:25:26+00:00
2104,Tex (1982),Tex,1982,https://en.wikipedia.org/wiki/Special:FilePath/Poster_of_Tex_%28film%29.jpg,wikipedia-infobox,13562181,Tex (film),2026-06-20T19:06:03+00:00
2105,Tron (1982),Tron,1982,https://en.wikipedia.org/wiki/Special:FilePath/Tron_poster.jpg,wikipedia-infobox,312757,Tron,2026-06-20T19:06:02+00:00
2106,Swing Kids (1993),Swing Kids,1993,https://en.wikipedia.org/wiki/Special:FilePath/Swing_kids.jpg,wikipedia-infobox,1439951,Swing Kids (1993 film),2026-06-20T19:05:22+00:00
2107,Halloween: H20 (1998),Halloween: H20,1998,https://en.wikipedia.org/wiki/Special:FilePath/HalloweenH20poster.jpg,wikipedia-infobox,957928,Halloween H20: 20 Years Later,2026-06-20T19:06:02+00:00
2108,L.A. Story (1991),L.A. Story,1991,https://en.wikipedia.org/wiki/Special:FilePath/Lastoryposter.jpg,wikipedia-infobox,1034719,L.A. Story,2026-06-20T19:06:02+00:00
2109,"Jerk, The (1979)","Jerk, The",1979,https://en.wikipedia.org/wiki/Special:FilePath/The_Jerk.jpg,wikipedia-infobox,179044,The Jerk,2026-06-20T19:06:02+00:00
2110,Dead Men Don't Wear Plaid (1982),Dead Men Don't Wear Plaid,1982,https://en.wikipedia.org/wiki/Special:FilePath/Deadmenplaidposter.jpg,wikipedia-infobox,103088,Dead Men Don't Wear Plaid,2026-06-20T19:06:02+00:00
2111,"Man with Two Brains, The (1983)","Man with Two Brains, The",1983,https://en.wikipedia.org/wiki/Special:FilePath/Man_With_Two_Brains.jpg,wikipedia-infobox,199505,The Man with Two Brains,2026-06-20T19:06:02+00:00
2112,Grand Canyon (1991),Grand Canyon,1991,https://en.wikipedia.org/wiki/Special:FilePath/Grand_canyon_poster.jpg,wikipedia-infobox,2673320,Grand Canyon (1991 film),2026-06-20T19:05:22+00:00
2113,Graveyard Shift (1990),Graveyard Shift,1990,https://en.wikipedia.org/wiki/Special:FilePath/Graveyard_Shift_film.jpg,wikipedia-infobox,22304155,Graveyard Shift (1990 film),2026-06-20T19:05:22+00:00
2114,"Outsiders, The (1983)","Outsiders, The",1983,https://en.wikipedia.org/wiki/Special:FilePath/Outsidersposter.jpeg,wikipedia-infobox,3186725,The Outsiders (film),2026-06-20T19:06:03+00:00
2115,Indiana Jones and the Temple of Doom (1984),Indiana Jones and the Temple of Doom,1984,https://en.wikipedia.org/wiki/Special:FilePath/Indiana_Jones_and_the_Temple_of_Doom_PosterB.jpg,wikipedia-infobox,81503,Indiana Jones and the Temple of Doom,2026-06-20T19:06:02+00:00
2116,"Lord of the Rings, The (1978)","Lord of the Rings, The",1978,https://en.wikipedia.org/wiki/Special:FilePath/The_Lord_of_the_Rings_%281978%29.jpg,wikipedia-infobox,396607,The Lord of the Rings (1978 film),2026-06-20T19:05:22+00:00
2117,Nineteen Eighty-Four (1984),Nineteen Eighty-Four,1984,https://en.wikipedia.org/wiki/Special:FilePath/Nineteen_Eighty_Four.jpg,wikipedia-infobox,14254136,Nineteen Eighty-Four (1984 film),2026-06-20T19:05:22+00:00
2118,"Dead Zone, The (1983)","Dead Zone, The",1983,https://en.wikipedia.org/wiki/Special:FilePath/The_Dead_Zone.jpg,wikipedia-infobox,451062,The Dead Zone (film),2026-06-20T19:07:42+00:00
2119,Maximum Overdrive (1986),Maximum Overdrive,1986,https://en.wikipedia.org/wiki/Special:FilePath/MaximumOverdrivePoster.jpg,wikipedia-infobox,8931001,Maximum Overdrive,2026-06-20T19:07:41+00:00
2120,Needful Things (1993),Needful Things,1993,https://en.wikipedia.org/wiki/Special:FilePath/Needful_Things_Move_Poster.jpg,wikipedia-infobox,19752168,Needful Things (film),2026-06-20T19:07:42+00:00
2121,Cujo (1983),Cujo,1983,https://en.wikipedia.org/wiki/Special:FilePath/CujoVHScover.jpg,wikipedia-infobox,13235461,Cujo (film),2026-06-20T19:07:42+00:00
2122,Children of the Corn (1984),Children of the Corn,1984,https://en.wikipedia.org/wiki/Special:FilePath/ChildrenoftheCornPoster.jpg,wikipedia-infobox,26946311,Children of the Corn (1984 film),2026-06-20T19:07:40+00:00
2123,All Dogs Go to Heaven (1989),All Dogs Go to Heaven,1989,https://en.wikipedia.org/wiki/Special:FilePath/AllDogsGotoHeaven.jpg,wikipedia-infobox,513090,All Dogs Go to Heaven,2026-06-20T19:07:41+00:00
2124,"Addams Family, The (1991)","Addams Family, The",1991,https://en.wikipedia.org/wiki/Special:FilePath/The_Addams_Family.jpg,wikipedia-infobox,26742350,The Addams Family (1991 film),2026-06-20T19:07:40+00:00
2125,Ever After: A Cinderella Story (1998),Ever After: A Cinderella Story,1998,https://en.wikipedia.org/wiki/Special:FilePath/Everafterposter.jpg,wikipedia-infobox,816862,Ever After,2026-06-20T19:07:41+00:00
2126,Snake Eyes (1998),Snake Eyes,1998,https://en.wikipedia.org/wiki/Special:FilePath/SnakeEyesPoster.jpg,wikipedia-infobox,1556078,Snake Eyes (1998 film),2026-06-20T19:07:40+00:00
2127,"First Love, Last Rites (1997)","First Love, Last Rites",1997,https://m.media-amazon.com/images/M/MV5BMTg3NTM3NjQ3Ml5BMl5BanBnXkFtZTYwMjA2NTg5._V1_.jpg,imdb-suggest,tt0128214,"First Love, Last Rites",2026-06-21T07:14:27+00:00
2128,Safe Men (1998),Safe Men,1998,https://en.wikipedia.org/wiki/Special:FilePath/Safe_Men.jpg,wikipedia-infobox,4328223,Safe Men,2026-06-20T19:07:41+00:00
2129,"Saltmen of Tibet, The (1997)","Saltmen of Tibet, The",1997,https://m.media-amazon.com/images/M/MV5BNzEwNzQwNzczNV5BMl5BanBnXkFtZTcwNDQyMTAzMQ@@._V1_.jpg,imdb-suggest,tt0120056,Die Salzmänner von Tibet,2026-06-21T07:31:26+00:00
2130,Atlantic City (1980),Atlantic City,1980,https://en.wikipedia.org/wiki/Special:FilePath/Atlantic_City_%281980_film%29.jpg,wikipedia-infobox,106352,Atlantic City (1980 film),2026-06-20T19:07:40+00:00
2131,Autumn Sonata (Höstsonaten ) (1978),Autumn Sonata (Höstsonaten ),1978,https://en.wikipedia.org/wiki/Special:FilePath/Autumnsonataposter.jpg,wikipedia-infobox,225554,Autumn Sonata,2026-06-20T20:37:05+00:00
2132,Who's Afraid of Virginia Woolf? (1966),Who's Afraid of Virginia Woolf?,1966,https://en.wikipedia.org/wiki/Special:FilePath/Who%27s_Afraid_of_Virginia_Woolf.jpg,wikipedia-infobox,44885,Who's Afraid of Virginia Woolf?,2026-06-20T19:07:41+00:00
2133,Adventures in Babysitting (1987),Adventures in Babysitting,1987,https://en.wikipedia.org/wiki/Special:FilePath/Adventures_In_Babysitting.jpg,wikipedia-infobox,576198,Adventures in Babysitting,2026-06-20T19:07:40+00:00
2134,Weird Science (1985),Weird Science,1985,https://en.wikipedia.org/wiki/Special:FilePath/Movie_poster_for_Weird_Science_%281985%29.jpg,wikipedia-infobox,241171,Weird Science (film),2026-06-20T19:07:42+00:00
2135,Doctor Dolittle (1967),Doctor Dolittle,1967,https://en.wikipedia.org/wiki/Special:FilePath/Original_movie_poster_for_the_film_Doctor_Dolittle.jpg,wikipedia-infobox,99015,Doctor Dolittle (1967 film),2026-06-20T19:07:40+00:00
2136,"Nutty Professor, The (1963)","Nutty Professor, The",1963,https://en.wikipedia.org/wiki/Special:FilePath/The_Nutty_Professor_%281962_poster%29.jpg,wikipedia-infobox,587807,The Nutty Professor (1963 film),2026-06-20T19:07:40+00:00
2137,Charlotte's Web (1973),Charlotte's Web,1973,https://en.wikipedia.org/wiki/Special:FilePath/charlottes_web_poster.jpg,wikipedia-infobox,3777574,Charlotte's Web (1973 film),2026-06-20T19:07:40+00:00
2138,Watership Down (1978),Watership Down,1978,https://en.wikipedia.org/wiki/Special:FilePath/Richard_Adams_WatershipDown.jpg,wikipedia-infobox,67317,Watership Down,2026-06-20T19:09:20+00:00
2139,"Secret of NIMH, The (1982)","Secret of NIMH, The",1982,https://en.wikipedia.org/wiki/Special:FilePath/The_Secret_of_NIMH.jpg,wikipedia-infobox,558970,The Secret of NIMH,2026-06-20T19:09:20+00:00
2140,"Dark Crystal, The (1982)","Dark Crystal, The",1982,https://en.wikipedia.org/wiki/Special:FilePath/The_Dark_Crystal_Film_Poster.jpg,wikipedia-infobox,348292,The Dark Crystal,2026-06-20T19:09:20+00:00
2141,"American Tail, An (1986)","American Tail, An",1986,https://en.wikipedia.org/wiki/Special:FilePath/An_American_Tail_poster.jpg,wikipedia-infobox,973077,An American Tail,2026-06-20T19:09:20+00:00
2142,"American Tail: Fievel Goes West, An (1991)","American Tail: Fievel Goes West, An",1991,https://en.wikipedia.org/wiki/Special:FilePath/An_American_Tail_Fievel_Goes_West_poster.jpg,wikipedia-infobox,1456329,An American Tail: Fievel Goes West,2026-06-20T19:09:20+00:00
2143,Legend (1985),Legend,1985,https://en.wikipedia.org/wiki/Special:FilePath/Legend_%281985_film%29.png,wikipedia-infobox,922084,Legend (1985 film),2026-06-20T19:09:19+00:00
2144,Sixteen Candles (1984),Sixteen Candles,1984,https://en.wikipedia.org/wiki/Special:FilePath/Sixteen_Candles.jpg,wikipedia-infobox,685977,Sixteen Candles,2026-06-20T19:09:20+00:00
2145,Pretty in Pink (1986),Pretty in Pink,1986,https://en.wikipedia.org/wiki/Special:FilePath/Pretty_In_Pink_poster.jpg,wikipedia-infobox,454223,Pretty in Pink,2026-06-20T19:09:20+00:00
2146,St. Elmo's Fire (1985),St. Elmo's Fire,1985,https://en.wikipedia.org/wiki/Special:FilePath/st_elmo%27s_fire.jpg,wikipedia-infobox,607673,St. Elmo's Fire (film),2026-06-20T19:09:20+00:00
2147,"Clan of the Cave Bear, The (1986)","Clan of the Cave Bear, The",1986,https://en.wikipedia.org/wiki/Special:FilePath/The_Clan_of_the_Cave_Bear_cover.jpg,wikipedia-infobox,1106246,The Clan of the Cave Bear,2026-06-20T19:09:20+00:00
2148,House (1986),House,1986,https://m.media-amazon.com/images/M/MV5BNTFiYjAwMGQtZmQwNi00YTlhLTgxOGItYzNjYzJmNjZmNmRmXkEyXkFqcGc@._V1_.jpg,imdb-suggest,tt0202967,House on Fire,2026-06-21T07:14:30+00:00
2149,House II: The Second Story (1987),House II: The Second Story,1987,https://en.wikipedia.org/wiki/Special:FilePath/House_II_poster.jpg,wikipedia-infobox,5144617,House II: The Second Story,2026-06-20T19:09:20+00:00
2150,"Gods Must Be Crazy, The (1980)","Gods Must Be Crazy, The",1980,https://en.wikipedia.org/wiki/Special:FilePath/gods_must_be_crazyposter.jpg,wikipedia-infobox,261237,The Gods Must Be Crazy,2026-06-20T19:09:20+00:00
2151,"Gods Must Be Crazy II, The (1989)","Gods Must Be Crazy II, The",1989,https://en.wikipedia.org/wiki/Special:FilePath/Gods_must_be_crazy_ii.jpg,wikipedia-infobox,3384409,The Gods Must Be Crazy II,2026-06-20T19:09:20+00:00
2152,Air Bud: Golden Receiver (1998),Air Bud: Golden Receiver,1998,https://en.wikipedia.org/wiki/Special:FilePath/Air_Bud_-_Golden_Receiver.jpg,wikipedia-infobox,5012787,Air Bud: Golden Receiver,2026-06-20T19:09:20+00:00
2153,"Avengers, The (1998)","Avengers, The",1998,https://en.wikipedia.org/wiki/Special:FilePath/The_Avengers_%281998_film%29_poster.jpg,wikipedia-infobox,633411,The Avengers (1998 film),2026-06-20T19:09:19+00:00
2154,How Stella Got Her Groove Back (1998),How Stella Got Her Groove Back,1998,https://en.wikipedia.org/wiki/Special:FilePath/How_stella_got_her_groove_back.jpg,wikipedia-infobox,2602021,How Stella Got Her Groove Back,2026-06-20T19:09:20+00:00
2155,"Slums of Beverly Hills, The (1998)","Slums of Beverly Hills, The",1998,https://en.wikipedia.org/wiki/Special:FilePath/Slums_of_Beverly_Hills_film.jpg,wikipedia-infobox,1549991,Slums of Beverly Hills,2026-06-20T19:09:20+00:00
2156,"Best Man, The (Il Testimone dello sposo) (1997)","Best Man, The (Il Testimone dello sposo)",1997,https://m.media-amazon.com/images/M/MV5BMjdiMmVhODgtYmZhZi00Y2E0LWFiNTgtMzY0M2IyNDM2Y2RjXkEyXkFqcGc@._V1_.jpg,imdb-suggest,tt0133413,The Best Man,2026-06-21T07:14:32+00:00
2157,"Chambermaid on the Titanic, The (1998)","Chambermaid on the Titanic, The",1998,https://m.media-amazon.com/images/M/MV5BZjEyNTk3MWItNTY4Yi00N2ZlLWJhZmMtOGNjZmNhYmYyNzc5XkEyXkFqcGc@._V1_.jpg,imdb-suggest,tt0129923,The Chambermaid on the Titanic,2026-06-21T07:25:26+00:00
2158,"Henry: Portrait of a Serial Killer, Part 2 (1996)","Henry: Portrait of a Serial Killer, Part 2",1996,https://en.wikipedia.org/wiki/Special:FilePath/Henry%2C_Portrait_of_a_Serial_Killer_Part_II.jpeg,wikipedia-infobox,37871553,"Henry: Portrait of a Serial Killer, Part II",2026-06-20T19:10:58+00:00
2159,Henry: Portrait of a Serial Killer (1990),Henry: Portrait of a Serial Killer,1990,https://m.media-amazon.com/images/M/MV5BOGJjMzI2MmQtZTJmYS00OGI0LWE2MDktYWJmNmU0NTMxMjJkXkEyXkFqcGc@._V1_.jpg,imdb-suggest,tt0099763,Henry: Portrait of a Serial Killer,2026-06-21T07:25:26+00:00
2160,Rosemary's Baby (1968),Rosemary's Baby,1968,https://en.wikipedia.org/wiki/Special:FilePath/Rosemarys_baby_poster.jpg,wikipedia-infobox,9830229,Rosemary's Baby (film),2026-06-20T19:10:59+00:00
2161,"NeverEnding Story, The (1984)","NeverEnding Story, The",1984,https://en.wikipedia.org/wiki/Special:FilePath/Neverendingstoryposter.jpg,wikipedia-infobox,2829485,The NeverEnding Story (film),2026-06-20T19:10:59+00:00
2162,"NeverEnding Story II: The Next Chapter, The (1990)","NeverEnding Story II: The Next Chapter, The",1990,https://en.wikipedia.org/wiki/Special:FilePath/Neverending_story_two_poster.jpg,wikipedia-infobox,2993846,The NeverEnding Story II: The Next Chapter,2026-06-20T19:10:58+00:00
2163,Attack of the Killer Tomatoes! (1980),Attack of the Killer Tomatoes!,1980,https://m.media-amazon.com/images/M/MV5BMDE3Y2UxOWMtM2RkNC00ZjY1LTgyY2MtZDQwYzFhOWIxNDcxXkEyXkFqcGc@._V1_.jpg,imdb-suggest,tt0080391,Attack of the Killer Tomatoes!,2026-06-21T07:25:27+00:00
2164,Surf Nazis Must Die (1987),Surf Nazis Must Die,1987,https://en.wikipedia.org/wiki/Special:FilePath/Surf_Nazis.jpg,wikipedia-infobox,3213278,Surf Nazis Must Die,2026-06-20T19:10:58+00:00
2165,Your Friends and Neighbors (1998),Your Friends and Neighbors,1998,https://m.media-amazon.com/images/M/MV5BNDgwNDVkZTUtMmQzYy00YjliLWI5ZjgtNWQ2M2YyZjU1NDA2XkEyXkFqcGc@._V1_.jpg,imdb-suggest,tt0119517,Your Friends and Neighbors,2026-06-21T07:14:41+00:00
2166,Return to Paradise (1998),Return to Paradise,1998,https://en.wikipedia.org/wiki/Special:FilePath/Return_to_paradise.jpg,wikipedia-infobox,3273263,Return to Paradise (1998 film),2026-06-20T19:10:58+00:00
2167,Blade (1998),Blade,1998,https://en.wikipedia.org/wiki/Special:FilePath/Blade_movie.jpg,wikipedia-infobox,471544,Blade (1998 film),2026-06-20T19:10:58+00:00
2168,Dance with Me (1998),Dance with Me,1998,https://en.wikipedia.org/wiki/Special:FilePath/Dance_With_Me2.jpg,wikipedia-infobox,10349441,Dance with Me (1998 film),2026-06-20T19:10:58+00:00
2169,Dead Man on Campus (1998),Dead Man on Campus,1998,https://en.wikipedia.org/wiki/Special:FilePath/Dead_man_on_campus_poster.jpg,wikipedia-infobox,2699610,Dead Man on Campus,2026-06-20T19:10:58+00:00
2170,Wrongfully Accused (1998),Wrongfully Accused,1998,https://en.wikipedia.org/wiki/Special:FilePath/Wrongfully_Accused.jpg,wikipedia-infobox,1865502,Wrongfully Accused,2026-06-20T19:10:58+00:00
2171,"Next Stop, Wonderland (1998)","Next Stop, Wonderland",1998,https://m.media-amazon.com/images/M/MV5BYjE1ZTc0MzUtM2YxYy00ZjE0LWI2ZTctZDRjNDJmM2IyMTc0XkEyXkFqcGc@._V1_.jpg,imdb-suggest,tt0119778,Next Stop Wonderland,2026-06-21T07:14:42+00:00
2172,"Strike! (a.k.a. All I Wanna Do, The Hairy Bird) (1998)","Strike! (a.k.a. All I Wanna Do, The Hairy Bird)",1998,https://en.wikipedia.org/wiki/Special:FilePath/Thehairybird.jpeg,wikipedia-infobox,39216381,All I Wanna Do (1998 film),2026-06-20T20:37:04+00:00
2173,"Navigator: A Mediaeval Odyssey, The (1988)","Navigator: A Mediaeval Odyssey, The",1988,https://en.wikipedia.org/wiki/Special:FilePath/The_Navigator_1988_poster.jpg,wikipedia-infobox,1411281,The Navigator: A Medieval Odyssey,2026-06-20T19:10:58+00:00
2174,Beetlejuice (1988),Beetlejuice,1988,https://en.wikipedia.org/wiki/Special:FilePath/Beetlejuice_%281988_film_poster%29.png,wikipedia-infobox,293524,Beetlejuice,2026-06-20T19:10:58+00:00
2175,Déjà Vu (1997),Déjà Vu,1997,https://en.wikipedia.org/wiki/Special:FilePath/DejaVuredgrave.jpg,wikipedia-infobox,28506139,Déjà Vu (1997 film),2026-06-20T19:10:58+00:00
2176,Rope (1948),Rope,1948,https://en.wikipedia.org/wiki/Special:FilePath/Rope2.jpg,wikipedia-infobox,23477436,Rope (film),2026-06-20T19:10:58+00:00
2177,Family Plot (1976),Family Plot,1976,https://en.wikipedia.org/wiki/Special:FilePath/Family_plot_movie_poster.jpg,wikipedia-infobox,1573600,Family Plot,2026-06-20T19:10:58+00:00
2178,Frenzy (1972),Frenzy,1972,https://en.wikipedia.org/wiki/Special:FilePath/Frenzy_movieposter.jpg,wikipedia-infobox,508044,Frenzy,2026-06-20T19:11:01+00:00
2179,Topaz (1969),Topaz,1969,https://en.wikipedia.org/wiki/Special:FilePath/Topaz_movieposter.jpg,wikipedia-infobox,239532,Topaz (1969 film),2026-06-20T14:02:58+00:00
2180,Torn Curtain (1966),Torn Curtain,1966,https://en.wikipedia.org/wiki/Special:FilePath/Torn_curtain.jpg,wikipedia-infobox,1556135,Torn Curtain,2026-06-20T14:02:59+00:00
2181,Marnie (1964),Marnie,1964,https://en.wikipedia.org/wiki/Special:FilePath/Marnie1.jpg,wikipedia-infobox,264851,Marnie (film),2026-06-20T14:02:59+00:00
2182,"Wrong Man, The (1956)","Wrong Man, The",1956,https://en.wikipedia.org/wiki/Special:FilePath/The-Wrong-Man-poster.jpg,wikipedia-infobox,1582683,The Wrong Man,2026-06-20T14:02:59+00:00
2183,"Man Who Knew Too Much, The (1956)","Man Who Knew Too Much, The",1956,https://en.wikipedia.org/wiki/Special:FilePath/The_Man_Who_Knew_Too_Much_%281956_film%29.jpg,wikipedia-infobox,2345044,The Man Who Knew Too Much (1956 film),2026-06-20T14:02:58+00:00
2184,"Trouble with Harry, The (1955)","Trouble with Harry, The",1955,https://en.wikipedia.org/wiki/Special:FilePath/The_Trouble_with_Harry.jpg,wikipedia-infobox,579127,The Trouble with Harry,2026-06-20T14:02:59+00:00
2185,I Confess (1953),I Confess,1953,https://en.wikipedia.org/wiki/Special:FilePath/I_confess_poster.jpg,wikipedia-infobox,1093364,I Confess (film),2026-06-20T14:02:59+00:00
2186,Strangers on a Train (1951),Strangers on a Train,1951,https://en.wikipedia.org/wiki/Special:FilePath/Strangers_on_a_Train_%28film%29.jpg,wikipedia-infobox,261107,Strangers on a Train (film),2026-06-20T14:02:59+00:00
2187,Stage Fright (1950),Stage Fright,1950,https://en.wikipedia.org/wiki/Special:FilePath/Stage_fright_moviep.jpg,wikipedia-infobox,295973,Stage Fright (1950 film),2026-06-20T14:02:58+00:00
2188,54 (1998),54,1998,https://en.wikipedia.org/wiki/Special:FilePath/54_poster.jpg,wikipedia-infobox,686213,54 (film),2026-06-20T14:02:59+00:00
2189,I Married A Strange Person (1997),I Married A Strange Person,1997,https://en.wikipedia.org/wiki/Special:FilePath/Married_Poster.webp,wikipedia-infobox,4175289,I Married a Strange Person!,2026-06-20T14:02:59+00:00
2190,Why Do Fools Fall In Love? (1998),Why Do Fools Fall In Love?,1998,https://m.media-amazon.com/images/M/MV5BZGY2YTgyNjctNDNjMC00NGZlLWE5ZWMtNWIwZGM1OWFkYWUwXkEyXkFqcGc@._V1_.jpg,imdb-suggest,tt0123324,Why Do Fools Fall in Love,2026-06-21T07:14:44+00:00
2191,"Merry War, A (1997)","Merry War, A",1997,https://en.wikipedia.org/wiki/Special:FilePath/A_Merry_War.jpg,wikipedia-infobox,28149238,Keep the Aspidistra Flying (film),2026-06-20T14:02:59+00:00
2192,See the Sea (Regarde la mer) (1997),See the Sea (Regarde la mer),1997,https://en.wikipedia.org/wiki/Special:FilePath/Regarde_la_mer.jpg,wikipedia-infobox,1987149,See the Sea,2026-06-20T20:38:02+00:00
2193,Willow (1988),Willow,1988,https://en.wikipedia.org/wiki/Special:FilePath/Willow_movie.jpg,wikipedia-infobox,198313,Willow (1988 film),2026-06-20T14:02:58+00:00
2194,"Untouchables, The (1987)","Untouchables, The",1987,https://en.wikipedia.org/wiki/Special:FilePath/UntouchablesThe.jpg,wikipedia-infobox,3842730,The Untouchables (film),2026-06-20T14:02:58+00:00
2195,Dirty Work (1998),Dirty Work,1998,https://en.wikipedia.org/wiki/Special:FilePath/DirtyWork1998.jpg,wikipedia-infobox,560837,Dirty Work (1998 film),2026-06-20T14:02:58+00:00
2196,Knock Off (1998),Knock Off,1998,https://en.wikipedia.org/wiki/Special:FilePath/Knockoffposter.jpg,wikipedia-infobox,4106181,Knock Off (film),2026-06-20T14:02:59+00:00
2197,Firelight (1997),Firelight,1997,https://en.wikipedia.org/wiki/Special:FilePath/Firelight_cover.jpg,wikipedia-infobox,6097521,Firelight,2026-06-20T14:02:59+00:00
2198,Modulations (1998),Modulations,1998,https://en.wikipedia.org/wiki/Special:FilePath/Modulations.jpg,wikipedia-infobox,3930830,Modulations: Cinema for the Ear,2026-06-20T14:02:59+00:00
2200,Under Capricorn (1949),Under Capricorn,1949,https://en.wikipedia.org/wiki/Special:FilePath/Under_Capricorn_poster.jpg,wikipedia-infobox,1584981,Under Capricorn,2026-06-20T14:02:59+00:00
2201,"Paradine Case, The (1947)","Paradine Case, The",1947,https://en.wikipedia.org/wiki/Special:FilePath/The_Paradine_Case_Poster.jpg,wikipedia-infobox,287404,The Paradine Case,2026-06-20T14:02:59+00:00
2202,Lifeboat (1944),Lifeboat,1944,https://en.wikipedia.org/wiki/Special:FilePath/Lifeboat1.jpg,wikipedia-infobox,264869,Lifeboat (1944 film),2026-06-20T14:02:58+00:00
2203,Shadow of a Doubt (1943),Shadow of a Doubt,1943,https://en.wikipedia.org/wiki/Special:FilePath/Shadow_of_a_Doubt_%281942_poster_-_Style_C%29.jpg,wikipedia-infobox,76339,Shadow of a Doubt,2026-06-20T14:02:58+00:00
2204,Saboteur (1942),Saboteur,1942,https://en.wikipedia.org/wiki/Special:FilePath/Saboteurposter.jpg,wikipedia-infobox,1576720,Saboteur (film),2026-06-20T14:02:58+00:00
2205,Mr. & Mrs. Smith (1941),Mr. & Mrs. Smith,1941,https://en.wikipedia.org/wiki/Special:FilePath/Smith_moviep.jpg,wikipedia-infobox,1571083,Mr. & Mrs. Smith (1941 film),2026-06-20T14:02:58+00:00
2206,Suspicion (1941),Suspicion,1941,https://en.wikipedia.org/wiki/Special:FilePath/Suspicion_%281941_poster%29.jpg,wikipedia-infobox,74984,Suspicion (1941 film),2026-06-20T14:02:58+00:00
2207,Jamaica Inn (1939),Jamaica Inn,1939,https://en.wikipedia.org/wiki/Special:FilePath/Original_movie_poster_for_the_film_Jamaica_Inn.jpg,wikipedia-infobox,3291478,Jamaica Inn (film),2026-06-20T14:02:58+00:00
2208,"Lady Vanishes, The (1938)","Lady Vanishes, The",1938,https://en.wikipedia.org/wiki/Special:FilePath/The_Lady_Vanishes_1938_Poster.jpg,wikipedia-infobox,9404578,The Lady Vanishes,2026-06-20T14:02:58+00:00
2209,Young and Innocent (1937),Young and Innocent,1937,https://en.wikipedia.org/wiki/Special:FilePath/Young_and_Innocent_poster.jpg,wikipedia-infobox,9429,Young and Innocent,2026-06-20T14:02:59+00:00
2210,Sabotage (1936),Sabotage,1936,https://en.wikipedia.org/wiki/Special:FilePath/sabotage1936.jpg,wikipedia-infobox,247098,Sabotage (1936 film),2026-06-20T14:02:58+00:00
2211,Secret Agent (1936),Secret Agent,1936,https://en.wikipedia.org/wiki/Special:FilePath/Secret_Agent_%281936_film%29_poster.jpg,wikipedia-infobox,293623,Secret Agent (1936 film),2026-06-20T14:02:58+00:00
2212,"Man Who Knew Too Much, The (1934)","Man Who Knew Too Much, The",1934,https://en.wikipedia.org/wiki/Special:FilePath/The_Man_Who_Knew_Too_Much_%281934_film%29.jpg,wikipedia-infobox,2345042,The Man Who Knew Too Much (1934 film),2026-06-20T14:02:58+00:00
2213,Waltzes from Vienna (1933),Waltzes from Vienna,1933,https://en.wikipedia.org/wiki/Special:FilePath/waltzesfromviennapic.gif,wikipedia-infobox,1585028,Waltzes from Vienna,2026-06-20T14:02:59+00:00
2214,Number Seventeen (1932),Number Seventeen,1932,https://en.wikipedia.org/wiki/Special:FilePath/Number17poster.PNG,wikipedia-infobox,1623233,Number Seventeen,2026-06-20T14:02:59+00:00
2215,Rich and Strange (1932),Rich and Strange,1932,https://en.wikipedia.org/wiki/Special:FilePath/Richandstrange.jpg,wikipedia-infobox,1623252,Rich and Strange,2026-06-20T14:02:59+00:00
2217,Elstree Calling (1930),Elstree Calling,1930,https://en.wikipedia.org/wiki/Special:FilePath/ElstreeCalling.jpg,wikipedia-infobox,4263149,Elstree Calling,2026-06-20T14:02:59+00:00
2218,Juno and Paycock (1930),Juno and Paycock,1930,https://m.media-amazon.com/images/M/MV5BYjQwNjIzOWUtZDVjMS00ZmE0LWI0NmMtYzczMTBhZTY0ZGI4XkEyXkFqcGc@._V1_.jpg,imdb-suggest,tt0021015,Juno and the Paycock,2026-06-21T07:14:46+00:00
2219,Murder! (1930),Murder!,1930,https://en.wikipedia.org/wiki/Special:FilePath/Murder%21_%281930%29_poster.jpg,wikipedia-infobox,1623263,Murder!,2026-06-20T14:02:58+00:00
2221,Blackmail (1929),Blackmail,1929,https://en.wikipedia.org/wiki/Special:FilePath/Blackmail_1929_poster.jpg,wikipedia-infobox,1237381,Blackmail (1929 film),2026-06-20T14:02:58+00:00
2223,"Farmer's Wife, The (1928)","Farmer's Wife, The",1928,https://en.wikipedia.org/wiki/Special:FilePath/The_Farmer%27s_Wife_%281928%29_poster.jpg,wikipedia-infobox,1011144,The Farmer's Wife,2026-06-20T19:11:01+00:00
2226,"Ring, The (1927)","Ring, The",1927,https://en.wikipedia.org/wiki/Special:FilePath/Thering1.jpg,wikipedia-infobox,1610940,The Ring (1927 film),2026-06-20T19:11:01+00:00
2227,"Lodger, The (1926)","Lodger, The",1926,https://m.media-amazon.com/images/M/MV5BMjE4OTg0ODgyNF5BMl5BanBnXkFtZTgwMDY3NTMzMjE@._V1_.jpg,imdb-suggest,tt0017075,The Lodger: A Story of the London Fog,2026-06-21T07:25:27+00:00
2231,Rounders (1998),Rounders,1998,https://en.wikipedia.org/wiki/Special:FilePath/RoundersPoster.jpg,wikipedia-infobox,923759,Rounders (film),2026-06-20T19:11:01+00:00
2232,Cube (1997),Cube,1997,https://en.wikipedia.org/wiki/Special:FilePath/Cube_The_Movie_Poster_Art.jpg,wikipedia-infobox,376485,Cube (1997 film),2026-06-20T19:11:01+00:00
2233,Digging to China (1998),Digging to China,1998,https://m.media-amazon.com/images/M/MV5BNmI1ZmE0ODUtZGM5OS00YWI1LThlZjktODkyMWQzMmFiMDllXkEyXkFqcGc@._V1_.jpg,imdb-suggest,tt0118980,Digging to China,2026-06-21T07:25:27+00:00
2234,Let's Talk About Sex (1998),Let's Talk About Sex,1998,https://en.wikipedia.org/wiki/Special:FilePath/Lets_talk_about_sex.jpg,wikipedia-infobox,6948997,Let's Talk About Sex (film),2026-06-20T19:11:02+00:00
2235,One Man's Hero (1999),One Man's Hero,1999,https://en.wikipedia.org/wiki/Special:FilePath/One-Man-s-Hero-1999-1.jpg,wikipedia-infobox,2670424,One Man's Hero,2026-06-20T19:11:01+00:00
2236,Simon Birch (1998),Simon Birch,1998,https://en.wikipedia.org/wiki/Special:FilePath/Simon_Birch.jpg,wikipedia-infobox,2281450,Simon Birch,2026-06-20T19:11:01+00:00
2237,Without Limits (1998),Without Limits,1998,https://en.wikipedia.org/wiki/Special:FilePath/Without_limits.jpg,wikipedia-infobox,4555463,Without Limits,2026-06-20T19:11:01+00:00
2238,Seven Beauties (Pasqualino Settebellezze) (1976),Seven Beauties (Pasqualino Settebellezze),1976,https://m.media-amazon.com/images/M/MV5BNGZmMTIxMjQtZDc1Ny00YzZhLThhZTgtNTY3MWNiNjY4MjRhXkEyXkFqcGc@._V1_.jpg,imdb-suggest,tt0075040,Seven Beauties,2026-06-21T07:25:27+00:00
2239,Swept Away (Travolti da un insolito destino nell'azzurro mare d'Agosto) (1975),Swept Away (Travolti da un insolito destino nell'azzurro mare d'Agosto),1975,https://m.media-amazon.com/images/M/MV5BZGU2YzAwN2MtOTYxYy00YjlkLTk3ZjYtMTI2NTJlMTM5MDg2XkEyXkFqcGc@._V1_.jpg,imdb-suggest,tt0073817,Swept Away,2026-06-21T07:25:27+00:00
2240,My Bodyguard (1980),My Bodyguard,1980,https://en.wikipedia.org/wiki/Special:FilePath/My_bodyguard.jpg,wikipedia-infobox,3753182,My Bodyguard,2026-06-20T19:11:01+00:00
2241,Class (1983),Class,1983,https://en.wikipedia.org/wiki/Special:FilePath/Class_film_poster.jpg,wikipedia-infobox,358243,Class (film),2026-06-20T19:11:02+00:00
2242,"Grandview, U.S.A. (1984)","Grandview, U.S.A.",1984,https://en.wikipedia.org/wiki/Special:FilePath/Grandview%2C_U.S.A._poster.jpg,wikipedia-infobox,1979044,"Grandview, U.S.A.",2026-06-20T19:11:01+00:00
2243,Broadcast News (1987),Broadcast News,1987,https://en.wikipedia.org/wiki/Special:FilePath/Broadcast_News.jpg,wikipedia-infobox,129278,Broadcast News (film),2026-06-20T19:11:02+00:00
2244,"Allnighter, The (1987)","Allnighter, The",1987,https://en.wikipedia.org/wiki/Special:FilePath/Allnighterposter.jpg,wikipedia-infobox,1664079,The Allnighter (film),2026-06-20T19:11:05+00:00
2245,Working Girl (1988),Working Girl,1988,https://en.wikipedia.org/wiki/Special:FilePath/Working_Girl_film_poster.jpg,wikipedia-infobox,129427,Working Girl,2026-06-20T19:11:04+00:00
2246,Stars and Bars (1988),Stars and Bars,1988,https://en.wikipedia.org/wiki/Special:FilePath/Stars_and_Bars_poster.jpg,wikipedia-infobox,19119554,Stars and Bars (1988 film),2026-06-20T19:11:03+00:00
2247,Married to the Mob (1988),Married to the Mob,1988,https://en.wikipedia.org/wiki/Special:FilePath/married_to_the_mob_movie_poster.jpg,wikipedia-infobox,1367501,Married to the Mob,2026-06-20T19:11:04+00:00
2248,Say Anything... (1989),Say Anything...,1989,https://en.wikipedia.org/wiki/Special:FilePath/Say_Anything.jpg,wikipedia-infobox,606476,Say Anything...,2026-06-20T19:11:04+00:00
2249,My Blue Heaven (1990),My Blue Heaven,1990,https://m.media-amazon.com/images/M/MV5BNWExNjkzNDItNTcyYS00YjNlLWIwMjQtMzdkZTE0NjI0YjAyXkEyXkFqcGc@._V1_.jpg,imdb-suggest,tt0100212,My Blue Heaven,2026-06-21T07:15:00+00:00
2250,Men Don't Leave (1990),Men Don't Leave,1990,https://en.wikipedia.org/wiki/Special:FilePath/Men_Don%27t_Leave_%28film_poster%29.jpg,wikipedia-infobox,15114837,Men Don't Leave,2026-06-20T19:11:04+00:00
2251,"Cabinet of Dr. Ramirez, The (1991)","Cabinet of Dr. Ramirez, The",1991,https://en.wikipedia.org/wiki/Special:FilePath/The_Cabinet_of_Dr_Ramirez_poster.jpg,wikipedia-infobox,43542427,The Cabinet of Dr. Ramirez,2026-06-20T19:11:04+00:00
2252,Hero (1992),Hero,1992,https://en.wikipedia.org/wiki/Special:FilePath/Hero1992poster.jpg,wikipedia-infobox,1175762,Hero (1992 film),2026-06-20T19:11:03+00:00
2253,Toys (1992),Toys,1992,https://en.wikipedia.org/wiki/Special:FilePath/Toys_poster.jpg,wikipedia-infobox,492540,Toys (film),2026-06-20T19:11:03+00:00
2254,Choices (1981),Choices,1981,https://m.media-amazon.com/images/M/MV5BMWY5NTc3YmUtMDY3MS00NzhmLTg1NTktN2ExMTg2MGVmMzY1XkEyXkFqcGc@._V1_.jpg,imdb-suggest,tt0082172,Choices,2026-06-21T07:15:01+00:00
2255,Young Doctors in Love (1982),Young Doctors in Love,1982,https://en.wikipedia.org/wiki/Special:FilePath/Young_doctors_in_love.jpg,wikipedia-infobox,8212456,Young Doctors in Love,2026-06-20T19:11:04+00:00
2256,Parasite (1982),Parasite,1982,https://en.wikipedia.org/wiki/Special:FilePath/Parasite_poster.jpg,wikipedia-infobox,4363119,Parasite (1982 film),2026-06-20T19:11:03+00:00
2257,No Small Affair (1984),No Small Affair,1984,https://en.wikipedia.org/wiki/Special:FilePath/No_small_affair.jpg,wikipedia-infobox,8674127,No Small Affair,2026-06-20T19:11:04+00:00
2258,Master Ninja I (1984),Master Ninja I,1984,https://media.themoviedb.org/t/p/original/vibIJNVLni98O10P2UofYE5pyrA.jpg,manual-curated,tmdb-web:master-ninja,Master Ninja,2026-06-21T07:45:33+00:00
2259,Blame It on Rio (1984),Blame It on Rio,1984,https://en.wikipedia.org/wiki/Special:FilePath/Blame_It_on_Rio_poster.jpg,wikipedia-infobox,3130366,Blame It on Rio,2026-06-20T19:11:04+00:00
2260,Wisdom (1986),Wisdom,1986,https://en.wikipedia.org/wiki/Special:FilePath/Wisdomposter1986.jpg,wikipedia-infobox,5977601,Wisdom (film),2026-06-20T19:11:05+00:00
2261,One Crazy Summer (1986),One Crazy Summer,1986,https://en.wikipedia.org/wiki/Special:FilePath/One_crazy_summer.jpg,wikipedia-infobox,3162951,One Crazy Summer,2026-06-20T19:11:04+00:00
2262,About Last Night... (1986),About Last Night...,1986,https://m.media-amazon.com/images/M/MV5BZjAyOTZiM2YtNmMyZS00ZjkzLTg0ZGQtZjA3MmEwNjE3ZDZkXkEyXkFqcGc@._V1_.jpg,imdb-suggest,tt0090583,About Last Night,2026-06-21T07:15:05+00:00
2263,"Seventh Sign, The (1988)","Seventh Sign, The",1988,https://en.wikipedia.org/wiki/Special:FilePath/The_seventh_sign.jpg,wikipedia-infobox,900584,The Seventh Sign,2026-06-20T19:11:04+00:00
2264,We're No Angels (1989),We're No Angels,1989,https://en.wikipedia.org/wiki/Special:FilePath/Were_no_angels_poster.jpg,wikipedia-infobox,10587298,We're No Angels (1989 film),2026-06-20T19:11:07+00:00
2265,Nothing But Trouble (1991),Nothing But Trouble,1991,https://en.wikipedia.org/wiki/Special:FilePath/Nothing_but_trouble_poster.jpg,wikipedia-infobox,4520121,Nothing but Trouble (1991 film),2026-06-20T19:11:07+00:00
2266,"Butcher's Wife, The (1991)","Butcher's Wife, The",1991,https://en.wikipedia.org/wiki/Special:FilePath/ButcherWifePoster.jpg,wikipedia-infobox,2091940,The Butcher's Wife,2026-06-20T19:11:07+00:00
2267,Mortal Thoughts (1991),Mortal Thoughts,1991,https://en.wikipedia.org/wiki/Special:FilePath/Mortal_thoughtsposter.jpg,wikipedia-infobox,8575331,Mortal Thoughts,2026-06-20T19:11:07+00:00
2268,"Few Good Men, A (1992)","Few Good Men, A",1992,https://en.wikipedia.org/wiki/Special:FilePath/A_Few_Good_Men_poster.jpg,wikipedia-infobox,20691749,A Few Good Men,2026-06-20T14:03:59+00:00
2269,Indecent Proposal (1993),Indecent Proposal,1993,https://en.wikipedia.org/wiki/Special:FilePath/Indecent_proposal.jpg,wikipedia-infobox,864183,Indecent Proposal,2026-06-20T14:03:59+00:00
2271,Permanent Midnight (1998),Permanent Midnight,1998,https://en.wikipedia.org/wiki/Special:FilePath/Dvd_permanent_midnight.jpg,wikipedia-infobox,1380618,Permanent Midnight,2026-06-20T14:03:59+00:00
2272,One True Thing (1998),One True Thing,1998,https://en.wikipedia.org/wiki/Special:FilePath/One_true_thing_poster.jpg,wikipedia-infobox,1223498,One True Thing,2026-06-20T14:03:59+00:00
2273,Rush Hour (1998),Rush Hour,1998,https://en.wikipedia.org/wiki/Special:FilePath/Rush_Hour_poster.png,wikipedia-infobox,489800,Rush Hour (1998 film),2026-06-20T14:03:58+00:00
2275,Six-String Samurai (1998),Six-String Samurai,1998,https://en.wikipedia.org/wiki/Special:FilePath/Sixstringsamurai.jpg,wikipedia-infobox,1273747,Six-String Samurai,2026-06-20T14:03:59+00:00
2276,"Soldier's Daughter Never Cries, A (1998)","Soldier's Daughter Never Cries, A",1998,https://en.wikipedia.org/wiki/Special:FilePath/A_Soldiers_Daughter_Never_Cries_Poster.jpg,wikipedia-infobox,5861530,A Soldier's Daughter Never Cries (film),2026-06-20T14:04:00+00:00
2277,Somewhere in the City (1997),Somewhere in the City,1997,https://en.wikipedia.org/wiki/Special:FilePath/Somewhere_in_the_City.jpg,wikipedia-infobox,41463604,Somewhere in the City,2026-06-20T14:03:59+00:00
2278,Ronin (1998),Ronin,1998,https://en.wikipedia.org/wiki/Special:FilePath/Ronin_movie_1998.jpg,wikipedia-infobox,163438,Ronin (film),2026-06-20T14:04:00+00:00
2279,Urban Legend (1998),Urban Legend,1998,https://en.wikipedia.org/wiki/Special:FilePath/Urban_Legend_film.jpg,wikipedia-infobox,935847,Urban Legend (film),2026-06-20T14:04:00+00:00
2280,Clay Pigeons (1998),Clay Pigeons,1998,https://en.wikipedia.org/wiki/Special:FilePath/Clay_Pigeons.jpg,wikipedia-infobox,6014292,Clay Pigeons,2026-06-20T14:03:59+00:00
2281,Monument Ave. (1998),Monument Ave.,1998,https://en.wikipedia.org/wiki/Special:FilePath/Monument_avenue_richmond_virginia.jpg,wikipedia-infobox,932828,Monument Avenue,2026-06-20T14:03:59+00:00
2282,Pecker (1998),Pecker,1998,https://en.wikipedia.org/wiki/Special:FilePath/pecker_movie_poster.jpg,wikipedia-infobox,1799076,Pecker (film),2026-06-20T14:04:00+00:00
2283,"Sheltering Sky, The (1990)","Sheltering Sky, The",1990,https://en.wikipedia.org/wiki/Special:FilePath/ShelteringSky.jpg,wikipedia-infobox,777832,The Sheltering Sky,2026-06-20T14:03:59+00:00
2284,Bandit Queen (1994),Bandit Queen,1994,https://en.wikipedia.org/wiki/Special:FilePath/Bandit_Queen_poster.jpg,wikipedia-infobox,508458,Bandit Queen,2026-06-20T14:03:58+00:00
2285,If.... (1968),If....,1968,https://en.wikipedia.org/wiki/Special:FilePath/If_British_poster.jpg,wikipedia-infobox,612840,If....,2026-06-20T14:03:59+00:00
2286,"Fiendish Plot of Dr. Fu Manchu, The (1980)","Fiendish Plot of Dr. Fu Manchu, The",1980,https://en.wikipedia.org/wiki/Special:FilePath/Fiendish_plot_of_dr_fu_manchu.jpg,wikipedia-infobox,1466210,The Fiendish Plot of Dr. Fu Manchu,2026-06-20T14:03:59+00:00
2287,Them! (1954),Them!,1954,https://en.wikipedia.org/wiki/Special:FilePath/Them%21_%28cropped%29.jpg,wikipedia-infobox,605676,Them!,2026-06-20T14:03:58+00:00
2288,"Thing, The (1982)","Thing, The",1982,https://en.wikipedia.org/wiki/Special:FilePath/The_Thing_%281982_film%29.png,wikipedia-infobox,30809,The Thing (1982 film),2026-06-20T14:03:58+00:00
2289,"Player, The (1992)","Player, The",1992,https://en.wikipedia.org/wiki/Special:FilePath/Player_ver1.jpg,wikipedia-infobox,358263,The Player (1992 film),2026-06-20T14:03:58+00:00
2290,Stardust Memories (1980),Stardust Memories,1980,https://en.wikipedia.org/wiki/Special:FilePath/Stardust_memories_moviep.jpg,wikipedia-infobox,424391,Stardust Memories,2026-06-20T14:03:59+00:00
2291,Edward Scissorhands (1990),Edward Scissorhands,1990,https://en.wikipedia.org/wiki/Special:FilePath/Edwardscissorhandsposter.JPG,wikipedia-infobox,302970,Edward Scissorhands,2026-06-20T14:03:59+00:00
2292,Overnight Delivery (1996),Overnight Delivery,1996,https://en.wikipedia.org/wiki/Special:FilePath/Overnight_Delivery_VHS.jpg,wikipedia-infobox,2723452,Overnight Delivery,2026-06-20T14:03:59+00:00
2293,Shadrach (1998),Shadrach,1998,https://en.wikipedia.org/wiki/Special:FilePath/DVD_cover_of_the_movie_Shadrach.jpg,wikipedia-infobox,11862595,Shadrach (film),2026-06-20T14:04:00+00:00
2294,Antz (1998),Antz,1998,https://en.wikipedia.org/wiki/Special:FilePath/Antz-Poster.jpg,wikipedia-infobox,206845,Antz,2026-06-20T14:03:58+00:00
2295,"Impostors, The (1998)","Impostors, The",1998,https://en.wikipedia.org/wiki/Special:FilePath/The_Impostors_DVD.jpg,wikipedia-infobox,3539703,The Impostors,2026-06-20T14:03:59+00:00
2296,"Night at the Roxbury, A (1998)","Night at the Roxbury, A",1998,https://en.wikipedia.org/wiki/Special:FilePath/a_night_at_the_roxbury.jpg,wikipedia-infobox,149748,A Night at the Roxbury,2026-06-20T14:03:59+00:00
2297,What Dreams May Come (1998),What Dreams May Come,1998,https://en.wikipedia.org/wiki/Special:FilePath/Whatdreamsposter.jpeg,wikipedia-infobox,689611,What Dreams May Come (film),2026-06-20T14:04:00+00:00
2298,Strangeland (1998),Strangeland,1998,https://en.wikipedia.org/wiki/Special:FilePath/Strangeland_%281998_film%29.jpg,wikipedia-infobox,4055736,Strangeland (film),2026-06-20T14:04:00+00:00
2299,"Battle of the Sexes, The (1959)","Battle of the Sexes, The",1959,https://en.wikipedia.org/wiki/Special:FilePath/%22The_Battle_of_the_Sexes%22_%281959_film%29.jpg,wikipedia-infobox,10330008,The Battle of the Sexes (1959 film),2026-06-20T14:03:58+00:00
2300,"Producers, The (1968)","Producers, The",1968,https://m.media-amazon.com/images/M/MV5BZWMyNThmZDgtNDZlMy00N2RiLWJlM2QtZTAzNjUxZDM5YmM0XkEyXkFqcGc@._V1_.jpg,imdb-suggest,tt0063462,The Producers,2026-06-21T07:25:28+00:00
2301,History of the World: Part I (1981),History of the World: Part I,1981,https://en.wikipedia.org/wiki/Special:FilePath/History_of_the_World_poster.jpg,wikipedia-infobox,442668,"History of the World, Part I",2026-06-20T14:03:59+00:00
2302,My Cousin Vinny (1992),My Cousin Vinny,1992,https://en.wikipedia.org/wiki/Special:FilePath/My-Cousin-Vinny-Poster.jpg,wikipedia-infobox,324616,My Cousin Vinny,2026-06-20T14:03:59+00:00
2303,Nashville (1975),Nashville,1975,https://en.wikipedia.org/wiki/Special:FilePath/Nashville_%28movie_poster%29.jpg,wikipedia-infobox,75259,Nashville (film),2026-06-20T14:03:58+00:00
2304,Love Is the Devil (1998),Love Is the Devil,1998,https://en.wikipedia.org/wiki/Special:FilePath/LovetheDevil.jpg,wikipedia-infobox,4972125,Love Is the Devil: Study for a Portrait of Francis Bacon,2026-06-20T14:03:59+00:00
2305,Slam (1998),Slam,1998,https://en.wikipedia.org/wiki/Special:FilePath/Slam.jpg,wikipedia-infobox,3815680,Slam (1998 film),2026-06-20T14:03:58+00:00
2306,Holy Man (1998),Holy Man,1998,https://en.wikipedia.org/wiki/Special:FilePath/Holy_man.jpg,wikipedia-infobox,3702581,Holy Man,2026-06-20T14:03:59+00:00
2307,One Tough Cop (1998),One Tough Cop,1998,https://en.wikipedia.org/wiki/Special:FilePath/OneToughCop.jpg,wikipedia-infobox,17120757,One Tough Cop,2026-06-20T14:03:59+00:00
2308,Detroit 9000 (1973),Detroit 9000,1973,https://en.wikipedia.org/wiki/Special:FilePath/Detroit9000.jpg,wikipedia-infobox,11196083,Detroit 9000,2026-06-20T14:03:59+00:00
2309,"Inheritors, The (Die Siebtelbauern) (1998)","Inheritors, The (Die Siebtelbauern)",1998,https://m.media-amazon.com/images/M/MV5BMTkyMTU3MjQxMl5BMl5BanBnXkFtZTYwOTIzOTY4._V1_.jpg,imdb-suggest,tt0141824,The Inheritors,2026-06-21T07:15:09+00:00
2310,"Mighty, The (1998)","Mighty, The",1998,https://en.wikipedia.org/wiki/Special:FilePath/The_mighty_movie_poster.jpg,wikipedia-infobox,618856,The Mighty,2026-06-20T14:04:30+00:00
2311,2010 (1984),2010,1984,https://en.wikipedia.org/wiki/Special:FilePath/2010-poster01.jpg,wikipedia-infobox,1195560,2010: The Year We Make Contact,2026-06-20T14:04:29+00:00
2312,Children of a Lesser God (1986),Children of a Lesser God,1986,https://en.wikipedia.org/wiki/Special:FilePath/Children_of_a_Lesser_God_film_poster.jpg,wikipedia-infobox,113463,Children of a Lesser God (film),2026-06-20T14:04:31+00:00
2313,"Elephant Man, The (1980)","Elephant Man, The",1980,https://en.wikipedia.org/wiki/Special:FilePath/TheElephantManposter.jpg,wikipedia-infobox,106344,The Elephant Man (1980 film),2026-06-20T14:04:29+00:00
2314,Beloved (1998),Beloved,1998,https://en.wikipedia.org/wiki/Special:FilePath/Beloved_ver2.jpg,wikipedia-infobox,694405,Beloved (1998 film),2026-06-20T14:04:29+00:00
2315,Bride of Chucky (1998),Bride of Chucky,1998,https://en.wikipedia.org/wiki/Special:FilePath/Bride_of_Chucky_poster.png,wikipedia-infobox,30865068,Bride of Chucky,2026-06-20T14:04:30+00:00
2316,Practical Magic (1998),Practical Magic,1998,https://en.wikipedia.org/wiki/Special:FilePath/Practical_Magic_%28film_poster%29.png,wikipedia-infobox,89445,Practical Magic,2026-06-20T14:04:30+00:00
2317,"Alarmist, The (1997)","Alarmist, The",1997,https://en.wikipedia.org/wiki/Special:FilePath/TheAlarmist.jpg,wikipedia-infobox,5019403,The Alarmist,2026-06-20T14:04:30+00:00
2318,Happiness (1998),Happiness,1998,https://en.wikipedia.org/wiki/Special:FilePath/Happiness1998Poster.jpg,wikipedia-infobox,865561,Happiness (1998 film),2026-06-20T14:04:29+00:00
2320,Apt Pupil (1998),Apt Pupil,1998,https://en.wikipedia.org/wiki/Special:FilePath/Aptpupilposter.jpg,wikipedia-infobox,64004,Apt Pupil (film),2026-06-20T14:04:31+00:00
2321,Pleasantville (1998),Pleasantville,1998,https://en.wikipedia.org/wiki/Special:FilePath/Pleasantville_ver5.jpg,wikipedia-infobox,450634,Pleasantville (film),2026-06-20T14:04:31+00:00
2322,Soldier (1998),Soldier,1998,https://en.wikipedia.org/wiki/Special:FilePath/2ID_Recon_Baghdad.jpg,wikipedia-infobox,37338,Soldier,2026-06-20T14:04:30+00:00
2323,"Cruise, The (1998)","Cruise, The",1998,https://en.wikipedia.org/wiki/Special:FilePath/The_Cruise_-_Timothy_Speed_Levitch_1998.jpg,wikipedia-infobox,1439496,The Cruise (1998 film),2026-06-20T14:04:29+00:00
2324,Life Is Beautiful (La Vita è bella) (1997),Life Is Beautiful (La Vita è bella),1997,https://en.wikipedia.org/wiki/Special:FilePath/Vitaebella.jpg,wikipedia-infobox,142463,Life Is Beautiful,2026-06-20T20:37:08+00:00
2325,Orgazmo (1997),Orgazmo,1997,https://en.wikipedia.org/wiki/Special:FilePath/Orgazmoposter.jpg,wikipedia-infobox,399725,Orgazmo,2026-06-20T14:04:30+00:00
2326,Shattered Image (1998),Shattered Image,1998,https://en.wikipedia.org/wiki/Special:FilePath/Shattered_Image_FilmPoster.jpeg,wikipedia-infobox,30460616,Shattered Image,2026-06-20T14:04:30+00:00
2327,Tales from the Darkside: The Movie (1990),Tales from the Darkside: The Movie,1990,https://en.wikipedia.org/wiki/Special:FilePath/Talesfromthedarkside.jpg,wikipedia-infobox,591310,Tales from the Darkside: The Movie,2026-06-20T14:04:30+00:00
2328,Vampires (1998),Vampires,1998,https://en.wikipedia.org/wiki/Special:FilePath/Vampires_%281998%29_poster.jpg,wikipedia-infobox,975913,Vampires (1998 film),2026-06-20T14:04:29+00:00
2329,American History X (1998),American History X,1998,https://en.wikipedia.org/wiki/Special:FilePath/American_History_X_poster.png,wikipedia-infobox,171562,American History X,2026-06-20T14:04:30+00:00
2330,Hands on a Hard Body (1996),Hands on a Hard Body,1996,https://en.wikipedia.org/wiki/Special:FilePath/HandsonaHardBodyMoviePoster.jpg,wikipedia-infobox,8670229,Hands on a Hardbody: The Documentary,2026-06-20T14:04:30+00:00
2331,Living Out Loud (1998),Living Out Loud,1998,https://en.wikipedia.org/wiki/Special:FilePath/LivingOutLoudPoster.jpg,wikipedia-infobox,7787845,Living Out Loud,2026-06-20T14:04:30+00:00
2332,Belly (1998),Belly,1998,https://en.wikipedia.org/wiki/Special:FilePath/Belly_poster.jpg,wikipedia-infobox,2032676,Belly (film),2026-06-20T14:04:31+00:00
2333,Gods and Monsters (1998),Gods and Monsters,1998,https://en.wikipedia.org/wiki/Special:FilePath/Gods_and_Monsters_poster.jpg,wikipedia-infobox,171555,Gods and Monsters (film),2026-06-20T14:04:31+00:00
2334,"Siege, The (1998)","Siege, The",1998,https://en.wikipedia.org/wiki/Special:FilePath/Siege_movie_poster.jpg,wikipedia-infobox,2174599,The Siege,2026-06-20T14:04:29+00:00
2335,"Waterboy, The (1998)","Waterboy, The",1998,https://en.wikipedia.org/wiki/Special:FilePath/Waterboy-poster-0.jpg,wikipedia-infobox,340276,The Waterboy,2026-06-20T14:04:30+00:00
2336,Elizabeth (1998),Elizabeth,1998,https://en.wikipedia.org/wiki/Special:FilePath/Elizabeth_Poster.jpg,wikipedia-infobox,142461,Elizabeth (film),2026-06-20T14:04:29+00:00
2337,Velvet Goldmine (1998),Velvet Goldmine,1998,https://en.wikipedia.org/wiki/Special:FilePath/VelvetGoldminePoster.jpg,wikipedia-infobox,580960,Velvet Goldmine,2026-06-20T14:04:30+00:00
2338,I Still Know What You Did Last Summer (1998),I Still Know What You Did Last Summer,1998,https://en.wikipedia.org/wiki/Special:FilePath/I_Still_Know_What_You_Did_Last_Summer.jpg,wikipedia-infobox,657797,I Still Know What You Did Last Summer,2026-06-20T14:04:30+00:00
2339,I'll Be Home For Christmas (1998),I'll Be Home For Christmas,1998,https://en.wikipedia.org/wiki/Special:FilePath/Ill_be_home_for_christmas_poster.jpg,wikipedia-infobox,Q1306939,I'll Be Home for Christmas,2026-06-20T14:04:51+00:00
2340,Meet Joe Black (1998),Meet Joe Black,1998,https://en.wikipedia.org/wiki/Special:FilePath/Meet_Joe_Black-_1998.jpg,wikipedia-infobox,716738,Meet Joe Black,2026-06-20T14:04:30+00:00
2341,Dancing at Lughnasa (1998),Dancing at Lughnasa,1998,https://en.wikipedia.org/wiki/Special:FilePath/Dancing_at_Lughnasa.jpg,wikipedia-infobox,952552,Dancing at Lughnasa,2026-06-20T14:04:30+00:00
2342,Hard Core Logo (1996),Hard Core Logo,1996,https://en.wikipedia.org/wiki/Special:FilePath/Hcl.jpg,wikipedia-infobox,610832,Hard Core Logo,2026-06-20T14:04:30+00:00
2343,"Naked Man, The (1998)","Naked Man, The",1998,https://en.wikipedia.org/wiki/Special:FilePath/Thenakedman.jpg,wikipedia-infobox,15197178,The Naked Man (1998 film),2026-06-20T14:04:29+00:00
2344,Runaway Train (1985),Runaway Train,1985,https://en.wikipedia.org/wiki/Special:FilePath/Runaway_trainposter.jpg,wikipedia-infobox,168554,Runaway Train (film),2026-06-20T14:04:31+00:00
2345,Desert Bloom (1986),Desert Bloom,1986,https://en.wikipedia.org/wiki/Special:FilePath/DesertBloomJoBeth.jpg,wikipedia-infobox,23637180,Desert Bloom (film),2026-06-20T14:04:31+00:00
2346,"Stepford Wives, The (1975)","Stepford Wives, The",1975,https://en.wikipedia.org/wiki/Special:FilePath/Stepfordwivesposter.jpg,wikipedia-infobox,2462597,The Stepford Wives (1975 film),2026-06-20T14:04:29+00:00
2347,"Pope of Greenwich Village, The (1984)","Pope of Greenwich Village, The",1984,https://en.wikipedia.org/wiki/Special:FilePath/Pope_of_greenwich_village_imp.jpg,wikipedia-infobox,4041425,The Pope of Greenwich Village,2026-06-20T14:04:30+00:00
2348,Sid and Nancy (1986),Sid and Nancy,1986,https://en.wikipedia.org/wiki/Special:FilePath/Sid_and_nancy_poster.jpg,wikipedia-infobox,265975,Sid and Nancy,2026-06-20T14:04:30+00:00
2349,Mona Lisa (1986),Mona Lisa,1986,https://en.wikipedia.org/wiki/Special:FilePath/Original_movie_poster_for_the_film_Mona_Lisa.jpg,wikipedia-infobox,168571,Mona Lisa (film),2026-06-20T14:04:29+00:00
2350,Heart Condition (1990),Heart Condition,1990,https://en.wikipedia.org/wiki/Special:FilePath/Heart_condition_movie.jpg,wikipedia-infobox,4179778,Heart Condition (film),2026-06-20T20:21:02+00:00
2351,Nights of Cabiria (Le Notti di Cabiria) (1957),Nights of Cabiria (Le Notti di Cabiria),1957,https://en.wikipedia.org/wiki/Special:FilePath/Nights_of_Cabiria_Poster.jpg,wikipedia-infobox,1721414,Nights of Cabiria,2026-06-20T20:38:02+00:00
2352,"Big Chill, The (1983)","Big Chill, The",1983,https://en.wikipedia.org/wiki/Special:FilePath/Big_chill_ver1.jpg,wikipedia-infobox,545795,The Big Chill (film),2026-06-20T19:11:08+00:00
2353,Enemy of the State (1998),Enemy of the State,1998,https://en.wikipedia.org/wiki/Special:FilePath/Enemy_of_the_State_%28film%29_poster_art.jpg,wikipedia-infobox,684771,Enemy of the State (film),2026-06-20T19:11:08+00:00
2354,"Rugrats Movie, The (1998)","Rugrats Movie, The",1998,https://en.wikipedia.org/wiki/Special:FilePath/This_is_the_Theatrical_Release_Poster_of_the_Rugrats_Movie.jpg,wikipedia-infobox,1507610,The Rugrats Movie,2026-06-20T19:11:07+00:00
2355,"Bug's Life, A (1998)","Bug's Life, A",1998,https://en.wikipedia.org/wiki/Special:FilePath/A_Bug%27s_Life.jpg,wikipedia-infobox,460442,A Bug's Life,2026-06-20T19:11:07+00:00
2356,Celebrity (1998),Celebrity,1998,https://en.wikipedia.org/wiki/Special:FilePath/Celebrity_ver2.jpg,wikipedia-infobox,891829,Celebrity (1998 film),2026-06-20T19:11:07+00:00
2357,Central Station (Central do Brasil) (1998),Central Station (Central do Brasil),1998,https://en.wikipedia.org/wiki/Special:FilePath/Central-do-brasil-poster04.jpg,wikipedia-infobox,1223479,Central Station (film),2026-06-20T20:38:03+00:00
2358,Savior (1998),Savior,1998,https://en.wikipedia.org/wiki/Special:FilePath/Savior_movie.jpg,wikipedia-infobox,828607,Savior (film),2026-06-20T19:11:08+00:00
2359,Waking Ned Devine (1998),Waking Ned Devine,1998,https://en.wikipedia.org/wiki/Special:FilePath/Waking_Ned_Devine.jpg,wikipedia-infobox,3754316,Waking Ned,2026-06-20T19:11:07+00:00
2360,"Celebration, The (Festen) (1998)","Celebration, The (Festen)",1998,https://en.wikipedia.org/wiki/Special:FilePath/The_Celebration_poster.jpg,wikipedia-infobox,1573381,The Celebration,2026-06-20T20:38:02+00:00
2361,Pink Flamingos (1972),Pink Flamingos,1972,https://en.wikipedia.org/wiki/Special:FilePath/Pink_Flamingos_%281972%29.jpg,wikipedia-infobox,320527,Pink Flamingos,2026-06-20T19:11:07+00:00
2362,Glen or Glenda (1953),Glen or Glenda,1953,https://en.wikipedia.org/wiki/Special:FilePath/Glen_or_Glenda.jpg,wikipedia-infobox,13154,Glen or Glenda,2026-06-20T19:11:07+00:00
2363,Godzilla (Gojira) (1954),Godzilla (Gojira),1954,https://en.wikipedia.org/wiki/Special:FilePath/Gojira_1954_Japanese_poster.jpg,wikipedia-infobox,12004,Godzilla (1954 film),2026-06-20T20:37:08+00:00
2364,Godzilla (Gojira) (1984),Godzilla (Gojira),1984,https://en.wikipedia.org/wiki/Special:FilePath/Godzilla_1984.jpg,wikipedia-infobox,12005,The Return of Godzilla,2026-06-20T20:37:08+00:00
2365,King Kong vs. Godzilla (Kingukongu tai Gojira) (1962),King Kong vs. Godzilla (Kingukongu tai Gojira),1962,https://en.wikipedia.org/wiki/Special:FilePath/Kingukonguvsgojiraposter.jpg,wikipedia-infobox,11988,King Kong vs. Godzilla,2026-06-20T20:38:02+00:00
2366,King Kong (1933),King Kong,1933,https://en.wikipedia.org/wiki/Special:FilePath/Kingkongposter.jpg,wikipedia-infobox,16782,King Kong (1933 film),2026-06-20T19:11:09+00:00
2367,King Kong (1976),King Kong,1976,https://en.wikipedia.org/wiki/Special:FilePath/king_kong_1976_movie_poster.jpg,wikipedia-infobox,518615,King Kong (1976 film),2026-06-20T19:11:09+00:00
2368,King Kong Lives (1986),King Kong Lives,1986,https://en.wikipedia.org/wiki/Special:FilePath/Kingkonglives.jpg,wikipedia-infobox,3033155,King Kong Lives,2026-06-20T19:11:10+00:00
2369,Desperately Seeking Susan (1985),Desperately Seeking Susan,1985,https://en.wikipedia.org/wiki/Special:FilePath/Desperately_Seeking_Susan_movie_poster.jpg,wikipedia-infobox,2019025,Desperately Seeking Susan,2026-06-20T19:11:10+00:00
2370,"Emerald Forest, The (1985)","Emerald Forest, The",1985,https://en.wikipedia.org/wiki/Special:FilePath/Emerald_forest.jpg,wikipedia-infobox,5207995,The Emerald Forest,2026-06-20T19:11:10+00:00
2371,Fletch (1985),Fletch,1985,https://en.wikipedia.org/wiki/Special:FilePath/Fletchmovieposter.jpg,wikipedia-infobox,2484540,Fletch (film),2026-06-20T19:12:01+00:00
2372,Fletch Lives (1989),Fletch Lives,1989,https://en.wikipedia.org/wiki/Special:FilePath/Fletch_Lives_movie_poster.jpg,wikipedia-infobox,5652838,Fletch Lives,2026-06-20T19:11:10+00:00
2373,Red Sonja (1985),Red Sonja,1985,https://en.wikipedia.org/wiki/Special:FilePath/Red_sonja_film_poster.jpg,wikipedia-infobox,30854972,Red Sonja (1985 film),2026-06-20T19:11:09+00:00
2374,Gung Ho (1986),Gung Ho,1986,https://en.wikipedia.org/wiki/Special:FilePath/Gunghoposter.jpg,wikipedia-infobox,3509990,Gung Ho (film),2026-06-20T19:12:01+00:00
2375,"Money Pit, The (1986)","Money Pit, The",1986,https://en.wikipedia.org/wiki/Special:FilePath/Money_pit_movie_poster.jpg,wikipedia-infobox,1565181,The Money Pit,2026-06-20T19:11:10+00:00
2376,"View to a Kill, A (1985)","View to a Kill, A",1985,https://en.wikipedia.org/wiki/Special:FilePath/A_View_to_a_Kill_-_UK_cinema_poster.jpg,wikipedia-infobox,583932,A View to a Kill,2026-06-20T19:11:10+00:00
2377,Lifeforce (1985),Lifeforce,1985,https://en.wikipedia.org/wiki/Special:FilePath/Lifeforceposter.jpg,wikipedia-infobox,1526756,Lifeforce (film),2026-06-20T19:12:01+00:00
2378,Police Academy (1984),Police Academy,1984,https://en.wikipedia.org/wiki/Special:FilePath/Police_Academy_film.jpg,wikipedia-infobox,6043780,Police Academy (film),2026-06-20T19:12:01+00:00
2379,Police Academy 2: Their First Assignment (1985),Police Academy 2: Their First Assignment,1985,https://en.wikipedia.org/wiki/Special:FilePath/Police_Academy_2_film.jpg,wikipedia-infobox,1107070,Police Academy 2: Their First Assignment,2026-06-20T19:11:10+00:00
2380,Police Academy 3: Back in Training (1986),Police Academy 3: Back in Training,1986,https://en.wikipedia.org/wiki/Special:FilePath/Police_Academy_3_film.jpg,wikipedia-infobox,3511253,Police Academy 3: Back in Training,2026-06-20T19:11:10+00:00
2381,Police Academy 4: Citizens on Patrol (1987),Police Academy 4: Citizens on Patrol,1987,https://en.wikipedia.org/wiki/Special:FilePath/Police_Academy_4_film.jpg,wikipedia-infobox,4485641,Police Academy 4: Citizens on Patrol,2026-06-20T19:11:10+00:00
2382,Police Academy 5: Assignment: Miami Beach (1988),Police Academy 5: Assignment: Miami Beach,1988,https://en.wikipedia.org/wiki/Special:FilePath/Police_Academy_5_Miami_Florida.jpg,wikipedia-infobox,1680034,Police Academy 5: Assignment Miami Beach,2026-06-20T19:11:10+00:00
2383,Police Academy 6: City Under Siege (1989),Police Academy 6: City Under Siege,1989,https://en.wikipedia.org/wiki/Special:FilePath/Police_Academy_6_poster.jpg,wikipedia-infobox,6043815,Police Academy 6: City Under Siege,2026-06-20T19:11:10+00:00
2384,Babe: Pig in the City (1998),Babe: Pig in the City,1998,https://en.wikipedia.org/wiki/Special:FilePath/Babe_pig_in_the_city.jpg,wikipedia-infobox,573288,Babe: Pig in the City,2026-06-20T19:11:10+00:00
2385,Home Fries (1998),Home Fries,1998,https://en.wikipedia.org/wiki/Special:FilePath/Home_fries_poster.jpg,wikipedia-infobox,1504619,Home Fries,2026-06-20T19:13:39+00:00
2386,Jerry Springer: Ringmaster (1998),Jerry Springer: Ringmaster,1998,https://m.media-amazon.com/images/M/MV5BN2E1OWRlNmUtZjk1MC00NmQ4LWFkYjQtM2IwYmExODgzODE5XkEyXkFqcGc@._V1_.jpg,imdb-suggest,tt0165494,Ringmaster,2026-06-21T07:15:12+00:00
2387,Very Bad Things (1998),Very Bad Things,1998,https://en.wikipedia.org/wiki/Special:FilePath/Very_Bad_Things.jpg,wikipedia-infobox,1589300,Very Bad Things,2026-06-20T19:13:39+00:00
2388,Steam: The Turkish Bath (Hamam) (1997),Steam: The Turkish Bath (Hamam),1997,https://en.wikipedia.org/wiki/Special:FilePath/Hamam_film_dvd_cover.jpg,wikipedia-infobox,183540,Hamam (film),2026-06-20T20:38:06+00:00
2389,Psycho (1998),Psycho,1998,https://en.wikipedia.org/wiki/Special:FilePath/Psycho98.jpg,wikipedia-infobox,4578695,Psycho (1998 film),2026-06-20T19:13:38+00:00
2390,Little Voice (1998),Little Voice,1998,https://en.wikipedia.org/wiki/Special:FilePath/Little_Voice.jpg,wikipedia-infobox,2193494,Little Voice (film),2026-06-20T19:13:40+00:00
2391,"Simple Plan, A (1998)","Simple Plan, A",1998,https://en.wikipedia.org/wiki/Special:FilePath/Simple_plan_poster.jpg,wikipedia-infobox,6233638,A Simple Plan (film),2026-06-20T19:13:40+00:00
2392,Jack Frost (1998),Jack Frost,1998,https://en.wikipedia.org/wiki/Special:FilePath/Jack_frostmp98.jpg,wikipedia-infobox,2171715,Jack Frost (1998 film),2026-06-20T19:13:38+00:00
2393,Star Trek: Insurrection (1998),Star Trek: Insurrection,1998,https://en.wikipedia.org/wiki/Special:FilePath/Star_Trek_Insurrection.png,wikipedia-infobox,157239,Star Trek: Insurrection,2026-06-20T19:13:39+00:00
2394,"Prince of Egypt, The (1998)","Prince of Egypt, The",1998,https://en.wikipedia.org/wiki/Special:FilePath/Prince_of_egypt_ver2.jpg,wikipedia-infobox,465470,The Prince of Egypt,2026-06-20T19:13:39+00:00
2395,Rushmore (1998),Rushmore,1998,https://en.wikipedia.org/wiki/Special:FilePath/Rushmoreposter.png,wikipedia-infobox,407351,Rushmore (film),2026-06-20T19:13:40+00:00
2396,Shakespeare in Love (1998),Shakespeare in Love,1998,https://en.wikipedia.org/wiki/Special:FilePath/Shakespeare_in_Love_1998_Poster.jpg,wikipedia-infobox,88075,Shakespeare in Love,2026-06-20T19:13:39+00:00
2397,Mass Appeal (1984),Mass Appeal,1984,https://en.wikipedia.org/wiki/Special:FilePath/MassAppealPoster.jpg,wikipedia-infobox,21777123,Mass Appeal (film),2026-06-20T19:13:40+00:00
2398,Miracle on 34th Street (1947),Miracle on 34th Street,1947,https://en.wikipedia.org/wiki/Special:FilePath/Miracle_on_34th_Street_%281947_film_poster%29.jpg,wikipedia-infobox,80523,Miracle on 34th Street,2026-06-20T19:13:38+00:00
2399,Santa Claus: The Movie (1985),Santa Claus: The Movie,1985,https://en.wikipedia.org/wiki/Special:FilePath/Santa-claus-movie-poster.jpg,wikipedia-infobox,2406759,Santa Claus: The Movie,2026-06-20T19:13:39+00:00
2400,Prancer (1989),Prancer,1989,https://en.wikipedia.org/wiki/Special:FilePath/Prancer_film.jpg,wikipedia-infobox,10701274,Prancer (film),2026-06-20T19:13:40+00:00
2401,Pale Rider (1985),Pale Rider,1985,https://en.wikipedia.org/wiki/Special:FilePath/Pale_Rider.jpg,wikipedia-infobox,250012,Pale Rider,2026-06-20T19:13:39+00:00
2402,Rambo: First Blood Part II (1985),Rambo: First Blood Part II,1985,https://en.wikipedia.org/wiki/Special:FilePath/Rambo_first_blood_part_ii.jpg,wikipedia-infobox,583012,Rambo: First Blood Part II,2026-06-20T19:13:39+00:00
2403,First Blood (1982),First Blood,1982,https://en.wikipedia.org/wiki/Special:FilePath/First_blood_poster.jpg,wikipedia-infobox,872441,First Blood,2026-06-20T19:13:39+00:00
2404,Rambo III (1988),Rambo III,1988,https://en.wikipedia.org/wiki/Special:FilePath/Rambo3poster.jpg,wikipedia-infobox,1160412,Rambo III,2026-06-20T19:13:39+00:00
2405,"Jewel of the Nile, The (1985)","Jewel of the Nile, The",1985,https://en.wikipedia.org/wiki/Special:FilePath/The_Jewel_of_the_Nile_%281985%29_film_poster.jpg,wikipedia-infobox,2871613,The Jewel of the Nile,2026-06-20T19:15:18+00:00
2406,Romancing the Stone (1984),Romancing the Stone,1984,https://en.wikipedia.org/wiki/Special:FilePath/Romancing_the_stone.jpg,wikipedia-infobox,578001,Romancing the Stone,2026-06-20T19:15:18+00:00
2407,Cocoon (1985),Cocoon,1985,https://en.wikipedia.org/wiki/Special:FilePath/Cocoonposter.jpg,wikipedia-infobox,931949,Cocoon (film),2026-06-20T19:15:18+00:00
2408,Cocoon: The Return (1988),Cocoon: The Return,1988,https://en.wikipedia.org/wiki/Special:FilePath/Cocoonthereturn.jpg,wikipedia-infobox,931950,Cocoon: The Return,2026-06-20T19:15:18+00:00
2409,Rocky II (1979),Rocky II,1979,https://en.wikipedia.org/wiki/Special:FilePath/Rocky_ii_poster.jpg,wikipedia-infobox,149433,Rocky II,2026-06-20T19:15:18+00:00
2410,Rocky III (1982),Rocky III,1982,https://en.wikipedia.org/wiki/Special:FilePath/Rocky_iii_poster.jpg,wikipedia-infobox,152328,Rocky III,2026-06-20T19:15:18+00:00
2411,Rocky IV (1985),Rocky IV,1985,https://en.wikipedia.org/wiki/Special:FilePath/Rocky_IV.jpg,wikipedia-infobox,104984,Rocky IV,2026-06-20T19:15:18+00:00
2412,Rocky V (1990),Rocky V,1990,https://en.wikipedia.org/wiki/Special:FilePath/Rocky_v_poster.jpg,wikipedia-infobox,153435,Rocky V,2026-06-20T19:15:18+00:00
2413,Clue (1985),Clue,1985,https://en.wikipedia.org/wiki/Special:FilePath/Clue_Poster.jpg,wikipedia-infobox,67371,Clue (film),2026-06-20T19:15:17+00:00
2414,Young Sherlock Holmes (1985),Young Sherlock Holmes,1985,https://en.wikipedia.org/wiki/Special:FilePath/Ysh_poster.jpg,wikipedia-infobox,1304986,Young Sherlock Holmes,2026-06-20T19:15:18+00:00
2415,Violets Are Blue... (1986),Violets Are Blue...,1986,https://m.media-amazon.com/images/M/MV5BMzI5YmVkNGUtOWU5ZC00YzhiLTliYmQtMWIyM2E3NGQ2Yjk0XkEyXkFqcGc@._V1_.jpg,imdb-suggest,tt0092173,Violets Are Blue...,2026-06-21T07:15:14+00:00
2416,Back to School (1986),Back to School,1986,https://en.wikipedia.org/wiki/Special:FilePath/Back_to_School_Movie_Poster.jpg,wikipedia-infobox,1044875,Back to School,2026-06-20T19:15:18+00:00
2417,Heartburn (1986),Heartburn,1986,https://en.wikipedia.org/wiki/Special:FilePath/Heartburn.png,wikipedia-infobox,193287,Heartburn,2026-06-20T19:15:18+00:00
2418,Nothing in Common (1986),Nothing in Common,1986,https://en.wikipedia.org/wiki/Special:FilePath/Nothing_in_common_movie_poster.jpg,wikipedia-infobox,1658116,Nothing in Common,2026-06-20T19:15:18+00:00
2419,Extremities (1986),Extremities,1986,https://en.wikipedia.org/wiki/Special:FilePath/Extremitiesposter.jpg,wikipedia-infobox,4147193,Extremities (film),2026-06-20T19:15:18+00:00
2420,"Karate Kid, The (1984)","Karate Kid, The",1984,https://en.wikipedia.org/wiki/Special:FilePath/karate_kid.jpg,wikipedia-infobox,91133,The Karate Kid,2026-06-20T19:15:17+00:00
2421,"Karate Kid, Part II, The (1986)","Karate Kid, Part II, The",1986,https://en.wikipedia.org/wiki/Special:FilePath/karate_kid_part_II.jpg,wikipedia-infobox,1107088,The Karate Kid Part II,2026-06-20T19:15:18+00:00
2422,"Karate Kid III, The (1989)","Karate Kid III, The",1989,https://en.wikipedia.org/wiki/Special:FilePath/karate_kid_part_III.jpg,wikipedia-infobox,2353104,The Karate Kid Part III,2026-06-20T19:15:18+00:00
2423,Christmas Vacation (1989),Christmas Vacation,1989,https://en.wikipedia.org/wiki/Special:FilePath/NationalLampoonsChristmasVacationPoster.JPG,wikipedia-infobox,1125221,National Lampoon's Christmas Vacation,2026-06-20T19:15:18+00:00
2424,You've Got Mail (1998),You've Got Mail,1998,https://en.wikipedia.org/wiki/Special:FilePath/You%27ve_Got_Mail.jpg,wikipedia-infobox,158982,You've Got Mail,2026-06-20T19:15:18+00:00
2425,"General, The (1998)","General, The",1998,https://en.wikipedia.org/wiki/Special:FilePath/Thegeneralposter.jpg,wikipedia-infobox,3643169,The General (1998 film),2026-06-20T19:16:56+00:00
2426,"Theory of Flight, The (1998)","Theory of Flight, The",1998,https://en.wikipedia.org/wiki/Special:FilePath/Theoryofflightposter.jpeg,wikipedia-infobox,1998039,The Theory of Flight,2026-06-20T19:16:57+00:00
2427,"Thin Red Line, The (1998)","Thin Red Line, The",1998,https://en.wikipedia.org/wiki/Special:FilePath/The_Thin_Red_Line_Poster.jpg,wikipedia-infobox,142465,The Thin Red Line (1998 film),2026-06-20T19:16:56+00:00
2428,"Faculty, The (1998)","Faculty, The",1998,https://en.wikipedia.org/wiki/Special:FilePath/The_Faculty_movie_poster.jpg,wikipedia-infobox,308430,The Faculty,2026-06-20T19:16:57+00:00
2429,Mighty Joe Young (1998),Mighty Joe Young,1998,https://en.wikipedia.org/wiki/Special:FilePath/Mighty_joe_young98.jpg,wikipedia-infobox,6121312,Mighty Joe Young (1998 film),2026-06-20T19:16:56+00:00
2430,Mighty Joe Young (1949),Mighty Joe Young,1949,https://en.wikipedia.org/wiki/Special:FilePath/Mighty_Joe_Young_%281949_film%29_poster.jpg,wikipedia-infobox,1621292,Mighty Joe Young (1949 film),2026-06-20T19:16:56+00:00
2431,Patch Adams (1998),Patch Adams,1998,https://en.wikipedia.org/wiki/Special:FilePath/Patch_Adams.jpg,wikipedia-infobox,375527,Patch Adams,2026-06-20T19:16:57+00:00
2432,Stepmom (1998),Stepmom,1998,https://en.wikipedia.org/wiki/Special:FilePath/Stepmom.jpg,wikipedia-infobox,1632580,Stepmom (1998 film),2026-06-20T19:16:56+00:00
2433,"Civil Action, A (1998)","Civil Action, A",1998,https://en.wikipedia.org/wiki/Special:FilePath/Civilactionbook.jpg,wikipedia-infobox,21910218,A Civil Action,2026-06-20T19:16:57+00:00
2434,Down in the Delta (1998),Down in the Delta,1998,https://en.wikipedia.org/wiki/Special:FilePath/Down_in_the_delta_poster.jpg,wikipedia-infobox,7847214,Down in the Delta,2026-06-20T19:16:57+00:00
2435,Hurlyburly (1998),Hurlyburly,1998,https://en.wikipedia.org/wiki/Special:FilePath/HurlyburlyPoster.jpg,wikipedia-infobox,996060,Hurlyburly,2026-06-20T19:16:57+00:00
2436,Tea with Mussolini (1999),Tea with Mussolini,1999,https://en.wikipedia.org/wiki/Special:FilePath/Tea_with_Mussolini_film.jpg,wikipedia-infobox,947450,Tea with Mussolini,2026-06-20T19:16:57+00:00
2437,Wilde (1997),Wilde,1997,https://en.wikipedia.org/wiki/Special:FilePath/Wilde_Poster.jpg,wikipedia-infobox,1191380,Wilde (film),2026-06-20T19:16:57+00:00
2438,Outside Ozona (1998),Outside Ozona,1998,https://m.media-amazon.com/images/M/MV5BMTIyMjAzOTM1NF5BMl5BanBnXkFtZTcwMjA1MzcxMQ@@._V1_.jpg,imdb-suggest,tt0144546,Outside Ozona,2026-06-21T07:15:15+00:00
2439,Affliction (1997),Affliction,1997,https://en.wikipedia.org/wiki/Special:FilePath/Affliction_%281997_movie_poster%29.jpg,wikipedia-infobox,171559,Affliction (1997 film),2026-06-20T19:16:56+00:00
2440,Another Day in Paradise (1998),Another Day in Paradise,1998,https://en.wikipedia.org/wiki/Special:FilePath/Another_day_in_paradise.jpg,wikipedia-infobox,3377778,Another Day in Paradise (film),2026-06-20T19:16:57+00:00
2441,"Hi-Lo Country, The (1998)","Hi-Lo Country, The",1998,https://en.wikipedia.org/wiki/Special:FilePath/Poster_of_the_movie_The_Hi-Lo_Country.jpg,wikipedia-infobox,12501372,The Hi-Lo Country,2026-06-20T19:16:57+00:00
2442,Hilary and Jackie (1998),Hilary and Jackie,1998,https://en.wikipedia.org/wiki/Special:FilePath/Hilary-and-jackie-poster.jpg,wikipedia-infobox,462749,Hilary and Jackie,2026-06-20T19:16:57+00:00
2443,Playing by Heart (1998),Playing by Heart,1998,https://en.wikipedia.org/wiki/Special:FilePath/Playing_by_heart.jpg,wikipedia-infobox,924179,Playing by Heart,2026-06-20T19:16:57+00:00
2444,24 7: Twenty Four Seven (1997),24 7: Twenty Four Seven,1997,https://en.wikipedia.org/wiki/Special:FilePath/TwentyFourSevenMovie.jpg,wikipedia-infobox,23904795,TwentyFourSeven (film),2026-06-20T19:16:57+00:00
2445,At First Sight (1999),At First Sight,1999,https://en.wikipedia.org/wiki/Special:FilePath/At_First_Sight.jpg,wikipedia-infobox,2399430,At First Sight (1999 film),2026-06-20T19:18:34+00:00
2446,In Dreams (1999),In Dreams,1999,https://en.wikipedia.org/wiki/Special:FilePath/In_dreams.jpg,wikipedia-infobox,2945187,In Dreams (film),2026-06-20T19:18:36+00:00
2447,Varsity Blues (1999),Varsity Blues,1999,https://en.wikipedia.org/wiki/Special:FilePath/Varsity_Blues_%281999_film%29_poster.jpg,wikipedia-infobox,1693395,Varsity Blues (film),2026-06-20T19:18:36+00:00
2448,Virus (1999),Virus,1999,https://en.wikipedia.org/wiki/Special:FilePath/Virus_%281999_film%29.jpg,wikipedia-infobox,3296177,Virus (1999 film),2026-06-20T19:18:34+00:00
2449,"Garbage Pail Kids Movie, The (1987)","Garbage Pail Kids Movie, The",1987,https://en.wikipedia.org/wiki/Special:FilePath/GarbagePailKidsMoviecover.jpg,wikipedia-infobox,3756071,The Garbage Pail Kids Movie,2026-06-20T19:18:35+00:00
2450,Howard the Duck (1986),Howard the Duck,1986,https://en.wikipedia.org/wiki/Special:FilePath/Howard_the_Duck.png,wikipedia-infobox,462670,Howard the Duck,2026-06-20T19:18:35+00:00
2451,"Gate, The (1987)","Gate, The",1987,https://en.wikipedia.org/wiki/Special:FilePath/The_gate_film_poster.jpg,wikipedia-infobox,1010796,The Gate (1987 film),2026-06-20T19:18:34+00:00
2452,"Gate II: Trespassers, The (1990)","Gate II: Trespassers, The",1990,https://m.media-amazon.com/images/M/MV5BMWIzZTgyNTctNWFkZC00ODI3LTg5Y2EtNDkxY2I3YWE3ZjdhXkEyXkFqcGc@._V1_.jpg,imdb-suggest,tt0099636,Gate 2: The Trespassers,2026-06-21T07:15:17+00:00
2453,"Boy Who Could Fly, The (1986)","Boy Who Could Fly, The",1986,https://en.wikipedia.org/wiki/Special:FilePath/Boyfly1986.jpg,wikipedia-infobox,2180950,The Boy Who Could Fly,2026-06-20T19:18:35+00:00
2454,"Fly, The (1958)","Fly, The",1958,https://en.wikipedia.org/wiki/Special:FilePath/Theflyposter.jpg,wikipedia-infobox,553101,The Fly (1958 film),2026-06-20T19:18:34+00:00
2455,"Fly, The (1986)","Fly, The",1986,https://en.wikipedia.org/wiki/Special:FilePath/Fly_poster.jpg,wikipedia-infobox,456601,The Fly (1986 film),2026-06-20T19:18:34+00:00
2456,"Fly II, The (1989)","Fly II, The",1989,https://en.wikipedia.org/wiki/Special:FilePath/Fly2Poster.JPG,wikipedia-infobox,692739,The Fly II,2026-06-20T19:18:35+00:00
2457,Running Scared (1986),Running Scared,1986,https://en.wikipedia.org/wiki/Special:FilePath/Runningscaredposter.jpg,wikipedia-infobox,2056500,Running Scared (1986 film),2026-06-20T19:18:34+00:00
2458,Armed and Dangerous (1986),Armed and Dangerous,1986,https://en.wikipedia.org/wiki/Special:FilePath/Armed_and_dangerous.jpg,wikipedia-infobox,846311,Armed and Dangerous (1986 film),2026-06-20T19:18:34+00:00
2459,"Texas Chainsaw Massacre, The (1974)","Texas Chainsaw Massacre, The",1974,https://en.wikipedia.org/wiki/Special:FilePath/TheTexasChainSawMassacre-poster.jpg,wikipedia-infobox,29781,The Texas Chain Saw Massacre,2026-06-20T19:18:34+00:00
2460,"Texas Chainsaw Massacre 2, The (1986)","Texas Chainsaw Massacre 2, The",1986,https://en.wikipedia.org/wiki/Special:FilePath/Texas_chainsaw_massacre_2_poster.jpg,wikipedia-infobox,397753,The Texas Chainsaw Massacre 2,2026-06-20T19:18:35+00:00
2461,Leatherface: Texas Chainsaw Massacre III (1990),Leatherface: Texas Chainsaw Massacre III,1990,https://en.wikipedia.org/wiki/Special:FilePath/TCM3.jpg,wikipedia-infobox,2609817,Leatherface: The Texas Chainsaw Massacre III,2026-06-20T19:18:35+00:00
2462,"Return of the Texas Chainsaw Massacre, The (1994)","Return of the Texas Chainsaw Massacre, The",1994,https://m.media-amazon.com/images/M/MV5BMDI5YTk0MjUtMTZiNy00OTUzLTlkNWYtYjZjNjVhNmY5YjQzXkEyXkFqcGc@._V1_.jpg,imdb-suggest,tt0110978,Texas Chainsaw Massacre: The Next Generation,2026-06-21T07:31:26+00:00
2463,Ruthless People (1986),Ruthless People,1986,https://en.wikipedia.org/wiki/Special:FilePath/Ruthless_people_poster.jpg,wikipedia-infobox,680337,Ruthless People,2026-06-20T19:18:35+00:00
2464,Trick or Treat (1986),Trick or Treat,1986,https://en.wikipedia.org/wiki/Special:FilePath/Trick_or_Treat_%281986_film%29_Poster.png,wikipedia-infobox,7212423,Trick or Treat (1986 film),2026-06-20T19:18:34+00:00
2465,Deadly Friend (1986),Deadly Friend,1986,https://en.wikipedia.org/wiki/Special:FilePath/Deadly_friend_movie_poster.jpg,wikipedia-infobox,2249951,Deadly Friend,2026-06-20T19:20:14+00:00
2466,Belizaire the Cajun (1986),Belizaire the Cajun,1986,https://en.wikipedia.org/wiki/Special:FilePath/Belizaire_Der_Cajun_Filmplakat.jpg,wikipedia-infobox,14411332,Belizaire the Cajun,2026-06-20T19:20:14+00:00
2467,"Name of the Rose, The (1986)","Name of the Rose, The",1986,https://en.wikipedia.org/wiki/Special:FilePath/The_Name_of_the_Rose.jpg,wikipedia-infobox,186397,The Name of the Rose,2026-06-20T19:20:14+00:00
2468,Jumpin' Jack Flash (1986),Jumpin' Jack Flash,1986,https://en.wikipedia.org/wiki/Special:FilePath/Jumpin_jack_flash.jpg,wikipedia-infobox,30875502,Jumpin' Jack Flash (film),2026-06-20T19:20:14+00:00
2469,Peggy Sue Got Married (1986),Peggy Sue Got Married,1986,https://en.wikipedia.org/wiki/Special:FilePath/Peggy_Sue_Got_Married.jpg,wikipedia-infobox,246559,Peggy Sue Got Married,2026-06-20T19:20:14+00:00
2470,Crocodile Dundee (1986),Crocodile Dundee,1986,https://en.wikipedia.org/wiki/Special:FilePath/Crocodile_Dundee_original_Australian_New_Zealand_poster.jpg,wikipedia-infobox,331586,Crocodile Dundee,2026-06-20T19:20:14+00:00
2471,Crocodile Dundee II (1988),Crocodile Dundee II,1988,https://en.wikipedia.org/wiki/Special:FilePath/Crocodile_dundee_ii_ver2.jpg,wikipedia-infobox,1118809,Crocodile Dundee II,2026-06-20T14:06:40+00:00
2472,Tough Guys (1986),Tough Guys,1986,https://en.wikipedia.org/wiki/Special:FilePath/Tough_guys.jpg,wikipedia-infobox,2421463,Tough Guys,2026-06-20T14:06:39+00:00
2473,Soul Man (1986),Soul Man,1986,https://en.wikipedia.org/wiki/Special:FilePath/Soulmanposter.jpg,wikipedia-infobox,2136164,Soul Man (film),2026-06-20T14:06:40+00:00
2474,"Color of Money, The (1986)","Color of Money, The",1986,https://en.wikipedia.org/wiki/Special:FilePath/The_Color_Of_Money.jpg,wikipedia-infobox,168561,The Color of Money,2026-06-20T14:06:40+00:00
2475,52 Pick-Up (1986),52 Pick-Up,1986,https://en.wikipedia.org/wiki/Special:FilePath/52_Pick-Up.jpg,wikipedia-infobox,1468747,52 Pick-Up,2026-06-20T14:06:40+00:00
2476,Heartbreak Ridge (1986),Heartbreak Ridge,1986,https://en.wikipedia.org/wiki/Special:FilePath/HeartbreakRidgemovieposter86.jpg,wikipedia-infobox,1596524,Heartbreak Ridge,2026-06-20T14:06:39+00:00
2477,Firewalker (1986),Firewalker,1986,https://en.wikipedia.org/wiki/Special:FilePath/Firewalkerposter.jpg,wikipedia-infobox,5638157,Firewalker (film),2026-06-20T14:06:40+00:00
2478,Three Amigos! (1986),Three Amigos!,1986,https://en.wikipedia.org/wiki/Special:FilePath/Three_amigos_ver2.jpg,wikipedia-infobox,905971,Three Amigos,2026-06-20T14:06:40+00:00
2479,Gloria (1999),Gloria,1999,https://en.wikipedia.org/wiki/Special:FilePath/Gloria_1999_poster.jpg,wikipedia-infobox,Q1485385,Gloria,2026-06-20T14:07:10+00:00
2480,Dry Cleaning (Nettoyage à sec) (1997),Dry Cleaning (Nettoyage à sec),1997,https://en.wikipedia.org/wiki/Special:FilePath/Nettoyage_%C3%A0_sec_poster.jpg,wikipedia-infobox,44586601,Dry Cleaning (film),2026-06-20T20:38:06+00:00
2481,My Name Is Joe (1998),My Name Is Joe,1998,https://en.wikipedia.org/wiki/Special:FilePath/My_name_is_Joe.png,wikipedia-infobox,1430058,My Name Is Joe,2026-06-20T14:06:40+00:00
2482,Still Crazy (1998),Still Crazy,1998,https://en.wikipedia.org/wiki/Special:FilePath/Still_Crazy_poster.jpg,wikipedia-infobox,2423947,Still Crazy,2026-06-20T14:06:40+00:00
2483,"Day of the Beast, The (El Día de la bestia) (1995)","Day of the Beast, The (El Día de la bestia)",1995,https://en.wikipedia.org/wiki/Special:FilePath/Dayofthebeast.jpg,wikipedia-infobox,2708736,The Day of the Beast,2026-06-20T20:38:06+00:00
2484,Tinseltown (1998),Tinseltown,1998,https://m.media-amazon.com/images/M/MV5BMTYyMjU0MzYwN15BMl5BanBnXkFtZTcwMzU5MTgxMQ@@._V1_.jpg,imdb-suggest,tt0120095,Tinseltown,2026-06-21T07:25:28+00:00
2485,She's All That (1999),She's All That,1999,https://en.wikipedia.org/wiki/Special:FilePath/Shes_All_That.jpg,wikipedia-infobox,1051820,She's All That,2026-06-20T14:06:40+00:00
2486,24-hour Woman (1998),24-hour Woman,1998,https://m.media-amazon.com/images/M/MV5BMzc5MjZhMDItNDg5Ni00NzI1LWFhMTktZDUyNjMwOWZmZTc1XkEyXkFqcGc@._V1_.jpg,imdb-suggest,tt0138279,The 24 Hour Woman,2026-06-21T07:25:29+00:00
2487,"Blood, Guts, Bullets and Octane (1998)","Blood, Guts, Bullets and Octane",1998,https://en.wikipedia.org/wiki/Special:FilePath/BloodGutsBulletsandOctane.jpg,wikipedia-infobox,1674399,"Blood, Guts, Bullets and Octane",2026-06-20T14:06:40+00:00
2488,Peeping Tom (1960),Peeping Tom,1960,https://en.wikipedia.org/wiki/Special:FilePath/Peepingtomposter.jpg,wikipedia-infobox,413949,Peeping Tom (1960 film),2026-06-20T14:06:39+00:00
2490,Payback (1999),Payback,1999,https://en.wikipedia.org/wiki/Special:FilePath/PaybackPoster.jpg,wikipedia-infobox,1880706,Payback (1999 film),2026-06-20T14:06:39+00:00
2491,Simply Irresistible (1999),Simply Irresistible,1999,https://en.wikipedia.org/wiki/Special:FilePath/Simply_irresistible.jpg,wikipedia-infobox,1006993,Simply Irresistible (film),2026-06-20T14:06:40+00:00
2492,20 Dates (1998),20 Dates,1998,https://en.wikipedia.org/wiki/Special:FilePath/20_Dates_DVD_cover.jpg,wikipedia-infobox,20110420,20 Dates,2026-06-20T14:06:40+00:00
2493,"Harmonists, The (1997)","Harmonists, The",1997,https://m.media-amazon.com/images/M/MV5BMjdmZTMzYjEtNTE2ZC00ODBkLWExZGEtNDE1OGI2NGE5NDY3XkEyXkFqcGc@._V1_.jpg,imdb-suggest,tt0128133,The Harmonists,2026-06-21T07:15:24+00:00
2494,"Last Days, The (1998)","Last Days, The",1998,https://en.wikipedia.org/wiki/Special:FilePath/The_Last_Days.jpg,wikipedia-infobox,2589677,The Last Days,2026-06-20T14:06:40+00:00
2495,"Fantastic Planet, The (La Planète sauvage) (1973)","Fantastic Planet, The (La Planète sauvage)",1973,https://en.wikipedia.org/wiki/Special:FilePath/Fantastic_Planet_film_poster.jpg,wikipedia-infobox,2322506,Fantastic Planet,2026-06-20T20:38:06+00:00
2496,Blast from the Past (1999),Blast from the Past,1999,https://en.wikipedia.org/wiki/Special:FilePath/BlastFromThePast.jpg,wikipedia-infobox,2210682,Blast from the Past (film),2026-06-20T14:06:40+00:00
2497,Message in a Bottle (1999),Message in a Bottle,1999,https://en.wikipedia.org/wiki/Special:FilePath/Message_in_a_bottle_film_poster.jpg,wikipedia-infobox,2115510,Message in a Bottle (film),2026-06-20T14:06:40+00:00
2498,My Favorite Martian (1999),My Favorite Martian,1999,https://en.wikipedia.org/wiki/Special:FilePath/My_Favorite_Martian_title.jpg,wikipedia-infobox,545833,My Favorite Martian,2026-06-20T14:06:40+00:00
2499,God Said 'Ha!' (1998),God Said 'Ha!',1998,https://m.media-amazon.com/images/M/MV5BMTY1MjQ4NzA4NV5BMl5BanBnXkFtZTcwMDkwMTIyMQ@@._V1_.jpg,imdb-suggest,tt0119207,"God Said, 'Ha!'",2026-06-21T07:15:26+00:00
2500,Jawbreaker (1999),Jawbreaker,1999,https://en.wikipedia.org/wiki/Special:FilePath/JawbreakerPoster.jpg,wikipedia-infobox,3583342,Jawbreaker (film),2026-06-20T14:06:40+00:00
2501,October Sky (1999),October Sky,1999,https://en.wikipedia.org/wiki/Special:FilePath/October_sky_poster.jpg,wikipedia-infobox,1110047,October Sky,2026-06-20T14:06:40+00:00
2502,Office Space (1999),Office Space,1999,https://en.wikipedia.org/wiki/Special:FilePath/Office_space_poster.jpg,wikipedia-infobox,95953,Office Space,2026-06-20T14:06:40+00:00
2503,"Apple, The (Sib) (1998)","Apple, The (Sib)",1998,https://en.wikipedia.org/wiki/Special:FilePath/The_Apple.jpg,wikipedia-infobox,12120827,The Apple (1998 film),2026-06-20T20:38:05+00:00
2504,200 Cigarettes (1999),200 Cigarettes,1999,https://en.wikipedia.org/wiki/Special:FilePath/Two_hundred_cigarettes.jpg,wikipedia-infobox,677920,200 Cigarettes,2026-06-20T14:06:40+00:00
2505,8MM (1999),8MM,1999,https://en.wikipedia.org/wiki/Special:FilePath/8mm-film-poster.jpg,wikipedia-infobox,1364770,8mm (film),2026-06-20T14:06:40+00:00
2506,"Other Sister, The (1999)","Other Sister, The",1999,https://en.wikipedia.org/wiki/Special:FilePath/Other_sister_poster.jpg,wikipedia-infobox,6954370,The Other Sister,2026-06-20T14:06:40+00:00
2507,Breakfast of Champions (1999),Breakfast of Champions,1999,https://en.wikipedia.org/wiki/Special:FilePath/Breakfast_of_Champions_%281973%29_1st_edition_front_cover.jpg,wikipedia-infobox,303439,Breakfast of Champions,2026-06-20T14:06:40+00:00
2509,Eight Days a Week (1997),Eight Days a Week,1997,https://en.wikipedia.org/wiki/Special:FilePath/Eight_Days_a_Week_Poster.jpg,wikipedia-infobox,6039456,Eight Days a Week (film),2026-06-20T14:06:40+00:00
2510,Just the Ticket (1999),Just the Ticket,1999,https://en.wikipedia.org/wiki/Special:FilePath/Just_the_Ticket.jpg,wikipedia-infobox,7811236,Just the Ticket,2026-06-20T14:06:40+00:00
2511,"Long Goodbye, The (1973)","Long Goodbye, The",1973,https://en.wikipedia.org/wiki/Special:FilePath/Longposter.jpg,wikipedia-infobox,3624815,The Long Goodbye (film),2026-06-20T14:06:39+00:00
2512,"Ballad of Narayama, The (Narayama Bushiko) (1982)","Ballad of Narayama, The (Narayama Bushiko)",1982,https://m.media-amazon.com/images/M/MV5BNjc4ODczOGYtMDE3YS00ZjIxLTkzMWUtOTEwOGVkODhlN2I1XkEyXkFqcGc@._V1_.jpg,imdb-suggest,tt0084390,The Ballad of Narayama,2026-06-21T07:25:29+00:00
2513,Pet Sematary (1989),Pet Sematary,1989,https://en.wikipedia.org/wiki/Special:FilePath/Pet_sematary_poster.jpg,wikipedia-infobox,5018573,Pet Sematary (1989 film),2026-06-20T19:20:13+00:00
2514,Pet Sematary II (1992),Pet Sematary II,1992,https://en.wikipedia.org/wiki/Special:FilePath/Pet_sematary_ii_ver2.jpg,wikipedia-infobox,2995876,Pet Sematary Two,2026-06-20T19:20:14+00:00
2515,Children of the Corn II: The Final Sacrifice (1993),Children of the Corn II: The Final Sacrifice,1993,https://m.media-amazon.com/images/M/MV5BZjZjNWE4ZTEtOTZlNi00MDMwLWFiZWItMGZmMzcxOTEwMmRkXkEyXkFqcGc@._V1_.jpg,imdb-suggest,tt0106557,Children of the Corn II: The Final Sacrifice,2026-06-21T07:25:29+00:00
2516,Children of the Corn III (1994),Children of the Corn III,1994,https://m.media-amazon.com/images/M/MV5BOTZlOWVlM2EtNTk5YS00OGM2LWFjMGMtMjg2YmZlZTk1YmE1XkEyXkFqcGc@._V1_.jpg,imdb-suggest,tt0109415,Children of the Corn III: Urban Harvest,2026-06-21T07:25:29+00:00
2517,Christine (1983),Christine,1983,https://en.wikipedia.org/wiki/Special:FilePath/ChristinePoster.jpg,wikipedia-infobox,2071077,Christine (1983 film),2026-06-20T19:20:13+00:00
2518,Night Shift (1982),Night Shift,1982,https://en.wikipedia.org/wiki/Special:FilePath/night_shift.jpg,wikipedia-infobox,533767,Night Shift (1982 film),2026-06-20T19:20:13+00:00
2519,House on Haunted Hill (1958),House on Haunted Hill,1958,https://en.wikipedia.org/wiki/Special:FilePath/House_on_Haunted_Hill.jpg,wikipedia-infobox,628843,House on Haunted Hill,2026-06-20T19:20:17+00:00
2520,Airport (1970),Airport,1970,https://en.wikipedia.org/wiki/Special:FilePath/Airport_film.jpg,wikipedia-infobox,99459,Airport (1970 film),2026-06-20T19:20:16+00:00
2521,Airport 1975 (1974),Airport 1975,1974,https://en.wikipedia.org/wiki/Special:FilePath/airport_nineteen_seventy_five_movie_poster.jpg,wikipedia-infobox,2159529,Airport 1975,2026-06-20T19:20:17+00:00
2522,Airport '77 (1977),Airport '77,1977,https://en.wikipedia.org/wiki/Special:FilePath/Airport_77_movie_poster.jpg,wikipedia-infobox,1076567,Airport '77,2026-06-20T19:20:17+00:00
2523,Rollercoaster (1977),Rollercoaster,1977,https://en.wikipedia.org/wiki/Special:FilePath/RollercoasterFilmPoster.jpg,wikipedia-infobox,1969089,Rollercoaster (1977 film),2026-06-20T19:20:16+00:00
2524,"Towering Inferno, The (1974)","Towering Inferno, The",1974,https://en.wikipedia.org/wiki/Special:FilePath/Towering_inferno_movie_poster.jpg,wikipedia-infobox,101910,The Towering Inferno,2026-06-20T19:20:17+00:00
2525,Alligator (1980),Alligator,1980,https://en.wikipedia.org/wiki/Special:FilePath/Alligator_poster.jpg,wikipedia-infobox,4946798,Alligator (film),2026-06-20T19:20:16+00:00
2526,Meteor (1979),Meteor,1979,https://en.wikipedia.org/wiki/Special:FilePath/Meteor_imp.jpg,wikipedia-infobox,1030073,Meteor (film),2026-06-20T19:20:16+00:00
2527,Westworld (1973),Westworld,1973,https://en.wikipedia.org/wiki/Special:FilePath/Westworld_Logo.jpg,wikipedia-infobox,51941659,Westworld,2026-06-20T19:20:17+00:00
2528,Logan's Run (1976),Logan's Run,1976,https://en.wikipedia.org/wiki/Special:FilePath/logans_run_movie_poster.jpg,wikipedia-infobox,5871867,Logan's Run (film),2026-06-20T19:20:16+00:00
2529,Planet of the Apes (1968),Planet of the Apes,1968,https://en.wikipedia.org/wiki/Special:FilePath/PlanetoftheapesPoster.jpg,wikipedia-infobox,18618306,Planet of the Apes (1968 film),2026-06-20T19:20:16+00:00
2530,Beneath the Planet of the Apes (1970),Beneath the Planet of the Apes,1970,https://en.wikipedia.org/wiki/Special:FilePath/Beneath-the-Planet-of-Apes.jpg,wikipedia-infobox,152058,Beneath the Planet of the Apes,2026-06-20T19:20:17+00:00
2531,Battle for the Planet of the Apes (1973),Battle for the Planet of the Apes,1973,https://en.wikipedia.org/wiki/Special:FilePath/battle_for_the_planet_of_the_apes.jpg,wikipedia-infobox,709860,Battle for the Planet of the Apes,2026-06-20T19:20:17+00:00
2532,Conquest of the Planet of the Apes (1972),Conquest of the Planet of the Apes,1972,https://en.wikipedia.org/wiki/Special:FilePath/conquest_of_the_planet_of_the_apes.jpg,wikipedia-infobox,657159,Conquest of the Planet of the Apes,2026-06-20T19:20:17+00:00
2533,Escape from the Planet of the Apes (1971),Escape from the Planet of the Apes,1971,https://en.wikipedia.org/wiki/Special:FilePath/Escape_from_the_planet_of_the_apes.jpg,wikipedia-infobox,303928,Escape from the Planet of the Apes,2026-06-20T19:20:17+00:00
2534,Avalanche (1978),Avalanche,1978,https://en.wikipedia.org/wiki/Special:FilePath/Avalanche1978_poster.jpg,wikipedia-infobox,24977211,Avalanche (1978 film),2026-06-20T19:20:16+00:00
2535,Earthquake (1974),Earthquake,1974,https://en.wikipedia.org/wiki/Special:FilePath/Earthquake_movie.jpg,wikipedia-infobox,515217,Earthquake (1974 film),2026-06-20T19:20:16+00:00
2536,"Concorde: Airport '79, The (1979)","Concorde: Airport '79, The",1979,https://en.wikipedia.org/wiki/Special:FilePath/ConcordeAirport79.jpg,wikipedia-infobox,2417326,The Concorde... Airport '79,2026-06-20T19:20:17+00:00
2537,Beyond the Poseidon Adventure (1979),Beyond the Poseidon Adventure,1979,https://en.wikipedia.org/wiki/Special:FilePath/Beyond_the_poseidon_adventure.jpg,wikipedia-infobox,2900798,Beyond the Poseidon Adventure,2026-06-20T19:20:17+00:00
2538,Dancemaker (1998),Dancemaker,1998,https://en.wikipedia.org/wiki/Special:FilePath/Dancemaker_film_poster.jpg,wikipedia-infobox,20338652,Dancemaker,2026-06-20T19:20:17+00:00
2539,Analyze This (1999),Analyze This,1999,https://en.wikipedia.org/wiki/Special:FilePath/Analyze_this.jpg,wikipedia-infobox,945029,Analyze This,2026-06-20T19:20:19+00:00
2540,"Corruptor, The (1999)","Corruptor, The",1999,https://en.wikipedia.org/wiki/Special:FilePath/Corruptor_ver2.jpg,wikipedia-infobox,528069,The Corruptor,2026-06-20T19:20:19+00:00
2541,Cruel Intentions (1999),Cruel Intentions,1999,https://en.wikipedia.org/wiki/Special:FilePath/Cruel_intentions_ver1.jpg,wikipedia-infobox,93559,Cruel Intentions,2026-06-20T19:20:19+00:00
2542,"Lock, Stock & Two Smoking Barrels (1998)","Lock, Stock & Two Smoking Barrels",1998,https://en.wikipedia.org/wiki/Special:FilePath/Lock%2C_Stock_and_Two_Smoking_Barrels_2.jpg,wikipedia-infobox,210151,"Lock, Stock and Two Smoking Barrels",2026-06-20T19:20:19+00:00
2543,Six Ways to Sunday (1997),Six Ways to Sunday,1997,https://m.media-amazon.com/images/M/MV5BMTI5NzMxMjQ0NF5BMl5BanBnXkFtZTcwNTA1MzAyMQ@@._V1_.jpg,imdb-suggest,tt0127288,Six Ways to Sunday,2026-06-21T07:15:36+00:00
2544,"School of Flesh, The (L' École de la chair) (1998)","School of Flesh, The (L' École de la chair)",1998,https://en.wikipedia.org/wiki/Special:FilePath/The_School_of_Flesh_poster.jpg,wikipedia-infobox,24529281,The School of Flesh,2026-06-20T20:38:07+00:00
2545,Relax... It's Just Sex (1998),Relax... It's Just Sex,1998,https://en.wikipedia.org/wiki/Special:FilePath/Relax_it%27s_just_sex_poster.jpg,wikipedia-infobox,9252434,Relax...It's Just Sex,2026-06-20T19:20:19+00:00
2546,"Deep End of the Ocean, The (1999)","Deep End of the Ocean, The",1999,https://en.wikipedia.org/wiki/Special:FilePath/DeepEndOcean.jpg,wikipedia-infobox,12978934,The Deep End of the Ocean (film),2026-06-20T19:20:19+00:00
2548,"Rage: Carrie 2, The (1999)","Rage: Carrie 2, The",1999,https://en.wikipedia.org/wiki/Special:FilePath/RageCarrie2.jpg,wikipedia-infobox,2310825,The Rage: Carrie 2,2026-06-20T19:20:19+00:00
2549,Wing Commander (1999),Wing Commander,1999,https://en.wikipedia.org/wiki/Special:FilePath/Wing_commander_post.jpg,wikipedia-infobox,707151,Wing Commander (film),2026-06-20T19:20:19+00:00
2550,"Haunting, The (1963)","Haunting, The",1963,https://en.wikipedia.org/wiki/Special:FilePath/The_Haunting_1963_poster.png,wikipedia-infobox,950929,The Haunting (1963 film),2026-06-20T19:20:18+00:00
2551,Dead Ringers (1988),Dead Ringers,1988,https://en.wikipedia.org/wiki/Special:FilePath/Dead_ringers_poster.jpg,wikipedia-infobox,826482,Dead Ringers (film),2026-06-20T19:20:18+00:00
2552,My Boyfriend's Back (1993),My Boyfriend's Back,1993,https://en.wikipedia.org/wiki/Special:FilePath/Boyfriend%27sback.jpg,wikipedia-infobox,1032643,My Boyfriend's Back (film),2026-06-20T19:20:18+00:00
2553,Village of the Damned (1960),Village of the Damned,1960,https://en.wikipedia.org/wiki/Special:FilePath/Villageofthedamned1960.jpg,wikipedia-infobox,1721169,Village of the Damned (1960 film),2026-06-20T19:20:18+00:00
2554,Children of the Damned (1963),Children of the Damned,1963,https://m.media-amazon.com/images/M/MV5BOGY4N2IyYjYtZTIwYS00MWFmLWI2NGQtOWEwNGYyOTU2ZDAxXkEyXkFqcGc@._V1_.jpg,imdb-suggest,tt0056931,Children of the Damned,2026-06-21T07:25:29+00:00
2555,Baby Geniuses (1999),Baby Geniuses,1999,https://en.wikipedia.org/wiki/Special:FilePath/Baby_geniuses_poster.jpg,wikipedia-infobox,2322629,Baby Geniuses,2026-06-20T19:20:19+00:00
2556,Telling You (1998),Telling You,1998,https://en.wikipedia.org/wiki/Special:FilePath/Poster_of_the_movie_Telling_You.jpg,wikipedia-infobox,23978622,Telling You,2026-06-20T19:20:19+00:00
2557,I Stand Alone (Seul contre tous) (1998),I Stand Alone (Seul contre tous),1998,https://en.wikipedia.org/wiki/Special:FilePath/SeulContreTous.jpg,wikipedia-infobox,3328486,I Stand Alone (film),2026-06-20T20:38:07+00:00
2558,Forces of Nature (1999),Forces of Nature,1999,https://en.wikipedia.org/wiki/Special:FilePath/ForcesOfNaturePoster.jpg,wikipedia-infobox,3828251,Forces of Nature (1999 film),2026-06-20T19:20:18+00:00
2559,"King and I, The (1999)","King and I, The",1999,https://en.wikipedia.org/wiki/Special:FilePath/TheKingAndIAnimated.jpg,wikipedia-infobox,6831954,The King and I (1999 film),2026-06-20T19:20:18+00:00
2560,Ravenous (1999),Ravenous,1999,https://en.wikipedia.org/wiki/Special:FilePath/Ravenous_ver1.jpg,wikipedia-infobox,874208,Ravenous (1999 film),2026-06-20T19:20:21+00:00
2561,True Crime (1999),True Crime,1999,https://en.wikipedia.org/wiki/Special:FilePath/Truecrime.jpg,wikipedia-infobox,3312138,True Crime (1999 film),2026-06-20T19:20:21+00:00
2562,Bandits (1997),Bandits,1997,https://en.wikipedia.org/wiki/Special:FilePath/Bandits_1997_poster.jpg,wikipedia-infobox,21503624,Bandits (1997 film),2026-06-20T19:20:21+00:00
2563,Beauty (1998),Beauty,1998,https://m.media-amazon.com/images/M/MV5BMzA3NmUxMTEtZmU2OC00ZTJkLWE5YWEtZDNlYzQ5YzRkZjkzXkEyXkFqcGc@._V1_.jpg,imdb-suggest,tt0171092,Beauty,2026-06-21T07:15:39+00:00
2565,"King and I, The (1956)","King and I, The",1956,https://en.wikipedia.org/wiki/Special:FilePath/Original_movie_poster_for_the_film_The_King_and_I.jpg,wikipedia-infobox,4015886,The King and I (1956 film),2026-06-20T19:20:21+00:00
2566,Doug's 1st Movie (1999),Doug's 1st Movie,1999,https://en.wikipedia.org/wiki/Special:FilePath/Doug%27s_1st_Movie_Poster.jpg,wikipedia-infobox,1439597,Doug's 1st Movie,2026-06-20T19:20:22+00:00
2567,EDtv (1999),EDtv,1999,https://en.wikipedia.org/wiki/Special:FilePath/Edtvposter.jpg,wikipedia-infobox,644845,EDtv,2026-06-20T19:20:22+00:00
2568,"Mod Squad, The (1999)","Mod Squad, The",1999,https://en.wikipedia.org/wiki/Special:FilePath/Mod_Squad.jpg,wikipedia-infobox,555720,The Mod Squad,2026-06-20T19:20:22+00:00
2569,Among Giants (1998),Among Giants,1998,https://en.wikipedia.org/wiki/Special:FilePath/Among_giants.jpg,wikipedia-infobox,30498632,Among Giants,2026-06-20T19:20:22+00:00
2570,"Walk on the Moon, A (1999)","Walk on the Moon, A",1999,https://en.wikipedia.org/wiki/Special:FilePath/Walk_on_the_moon_poster.jpg,wikipedia-infobox,692682,A Walk on the Moon,2026-06-20T19:20:22+00:00
2571,"Matrix, The (1999)","Matrix, The",1999,https://en.wikipedia.org/wiki/Special:FilePath/The_Matrix.png,wikipedia-infobox,30007,The Matrix,2026-06-20T19:20:21+00:00
2572,10 Things I Hate About You (1999),10 Things I Hate About You,1999,https://en.wikipedia.org/wiki/Special:FilePath/10_Things_I_Hate_About_You_film.jpg,wikipedia-infobox,398934,10 Things I Hate About You,2026-06-20T19:20:22+00:00
2573,Tango (1998),Tango,1998,https://en.wikipedia.org/wiki/Special:FilePath/Tango%2C_no_me_dejes_nunca.jpg,wikipedia-infobox,5600651,Tango (1998 film),2026-06-20T19:20:21+00:00
2574,"Out-of-Towners, The (1999)","Out-of-Towners, The",1999,https://en.wikipedia.org/wiki/Special:FilePath/Outoftownersmp.jpg,wikipedia-infobox,5384642,The Out-of-Towners (1999 film),2026-06-20T19:20:21+00:00
2575,"Dreamlife of Angels, The (La Vie rêvée des anges) (1998)","Dreamlife of Angels, The (La Vie rêvée des anges)",1998,https://en.wikipedia.org/wiki/Special:FilePath/The_Dreamlife_of_Angels_poster.png,wikipedia-infobox,3375262,The Dreamlife of Angels,2026-06-20T20:39:03+00:00
2576,"Love, etc. (1996)","Love, etc.",1996,https://m.media-amazon.com/images/M/MV5BMTQ1MTAxMjgxNV5BMl5BanBnXkFtZTcwODQ5NDEzMQ@@._V1_.jpg,imdb-suggest,tt0116932,"Love, etc.",2026-06-21T07:15:41+00:00
2577,Metroland (1997),Metroland,1997,https://en.wikipedia.org/wiki/Special:FilePath/Metroland_1997_Poster.jpg,wikipedia-infobox,1064199,Metroland (film),2026-06-20T19:20:21+00:00
2578,"Sticky Fingers of Time, The (1997)","Sticky Fingers of Time, The",1997,https://m.media-amazon.com/images/M/MV5BMTU1NDk1MDgzMF5BMl5BanBnXkFtZTcwNjg3MDMyMQ@@._V1_.jpg,imdb-suggest,tt0127302,The Sticky Fingers of Time,2026-06-21T07:15:42+00:00
2579,Following (1998),Following,1998,https://en.wikipedia.org/wiki/Special:FilePath/Following_film_poster.jpg,wikipedia-infobox,23011287,Following,2026-06-20T19:20:22+00:00
2580,Go (1999),Go,1999,https://en.wikipedia.org/wiki/Special:FilePath/Go_1999_film.jpg,wikipedia-infobox,585172,Go (1999 film),2026-06-20T19:20:21+00:00
2581,Never Been Kissed (1999),Never Been Kissed,1999,https://en.wikipedia.org/wiki/Special:FilePath/Never_Been_Kissed_film_poster.jpg,wikipedia-infobox,2080169,Never Been Kissed,2026-06-20T19:21:04+00:00
2582,Twin Dragons (Shuang long hui) (1992),Twin Dragons (Shuang long hui),1992,https://en.wikipedia.org/wiki/Special:FilePath/Twin-Dragons-poster.jpg,wikipedia-infobox,665883,Twin Dragons,2026-06-20T20:39:03+00:00
2583,Cookie's Fortune (1999),Cookie's Fortune,1999,https://en.wikipedia.org/wiki/Special:FilePath/Cookies_fortune.jpg,wikipedia-infobox,4195543,Cookie's Fortune,2026-06-20T19:21:04+00:00
2584,Foolish (1999),Foolish,1999,https://en.wikipedia.org/wiki/Special:FilePath/Foolish_movie.jpg,wikipedia-infobox,22322537,Foolish (film),2026-06-20T19:21:05+00:00
2585,"Lovers of the Arctic Circle, The (Los Amantes del Círculo Polar) (1998)","Lovers of the Arctic Circle, The (Los Amantes del Círculo Polar)",1998,https://en.wikipedia.org/wiki/Special:FilePath/Los_amantes_del_c%C3%ADrculo_polar_poster.jpg,wikipedia-infobox,1270703,Lovers of the Arctic Circle,2026-06-20T20:39:03+00:00
2586,"Goodbye, Lover (1999)","Goodbye, Lover",1999,https://m.media-amazon.com/images/M/MV5BM2Y2YTA2NmUtNzAzNS00ZmI2LThkZTYtNmE0NWJiOTQzNjgzXkEyXkFqcGc@._V1_.jpg,imdb-suggest,tt21094202,Goodbye My Lover,2026-06-21T07:15:43+00:00
2587,Life (1999),Life,1999,https://en.wikipedia.org/wiki/Special:FilePath/Life_dvd_movie_cover.jpg,wikipedia-infobox,1673514,Life (1999 film),2026-06-20T19:21:03+00:00
2589,Friends & Lovers (1999),Friends & Lovers,1999,https://en.wikipedia.org/wiki/Special:FilePath/Friends_and_Lovers_DVD_cover.jpg,wikipedia-infobox,5702474,Friends & Lovers (1999 film),2026-06-20T19:21:03+00:00
2590,Hideous Kinky (1998),Hideous Kinky,1998,https://en.wikipedia.org/wiki/Special:FilePath/Hideous_kinky_poster.jpg,wikipedia-infobox,5581958,Hideous Kinky (film),2026-06-20T19:21:05+00:00
2591,Jeanne and the Perfect Guy (Jeanne et le garçon formidable) (1998),Jeanne and the Perfect Guy (Jeanne et le garçon formidable),1998,https://en.wikipedia.org/wiki/Special:FilePath/Jeanne_et_le_gar%C3%A7on_formidable.jpg,wikipedia-infobox,34454962,The Perfect Guy (1998 film),2026-06-20T20:39:03+00:00
2592,"Joyriders, The (1999)","Joyriders, The",1999,https://m.media-amazon.com/images/M/MV5BNWRhYTFhMzEtYzBiOC00MTkzLTlhODEtNTEyYjcxZmYxNGNhXkEyXkFqcGc@._V1_.jpg,imdb-suggest,tt0139394,The Joyriders,2026-06-21T07:15:46+00:00
2593,"Monster, The (Il Mostro) (1994)","Monster, The (Il Mostro)",1994,https://en.wikipedia.org/wiki/Special:FilePath/Il_mostro.jpg,wikipedia-infobox,3068509,The Monster (1994 film),2026-06-20T20:38:09+00:00
2594,Open Your Eyes (Abre los ojos) (1997),Open Your Eyes (Abre los ojos),1997,https://en.wikipedia.org/wiki/Special:FilePath/Abre_los_ojos_movie.jpg,wikipedia-infobox,679636,Open Your Eyes (1997 film),2026-06-20T20:39:02+00:00
2596,SLC Punk! (1998),SLC Punk!,1998,https://en.wikipedia.org/wiki/Special:FilePath/SLC_Punk.jpg,wikipedia-infobox,183358,SLC Punk!,2026-06-20T19:21:04+00:00
2597,Lost & Found (1999),Lost & Found,1999,https://en.wikipedia.org/wiki/Special:FilePath/Lost_and_found_poster.jpg,wikipedia-infobox,3036635,Lost & Found (1999 film),2026-06-20T19:21:03+00:00
2598,Pushing Tin (1999),Pushing Tin,1999,https://en.wikipedia.org/wiki/Special:FilePath/Pushingtinposter.jpg,wikipedia-infobox,1396533,Pushing Tin,2026-06-20T19:21:04+00:00
2599,Election (1999),Election,1999,https://en.wikipedia.org/wiki/Special:FilePath/Election_%281999_film%29.png,wikipedia-infobox,689969,Election (1999 film),2026-06-20T19:21:03+00:00
2600,eXistenZ (1999),eXistenZ,1999,https://en.wikipedia.org/wiki/Special:FilePath/EXISTENZ.jpg,wikipedia-infobox,296252,Existenz,2026-06-20T19:21:04+00:00
2602,Mighty Peking Man (Hsing hsing wang) (1977),Mighty Peking Man (Hsing hsing wang),1977,https://en.wikipedia.org/wiki/Special:FilePath/MightyPekingMan.jpg,wikipedia-infobox,2010693,The Mighty Peking Man,2026-06-20T20:39:03+00:00
2605,Entrapment (1999),Entrapment,1999,https://en.wikipedia.org/wiki/Special:FilePath/Entrapment_film.jpg,wikipedia-infobox,277160,Entrapment (film),2026-06-20T19:21:05+00:00
2606,Idle Hands (1999),Idle Hands,1999,https://en.wikipedia.org/wiki/Special:FilePath/Idle_Hands_poster.jpg,wikipedia-infobox,2772250,Idle Hands,2026-06-20T19:21:07+00:00
2607,Get Real (1998),Get Real,1998,https://en.wikipedia.org/wiki/Special:FilePath/Get_Real_%28movie_poster%29.jpg,wikipedia-infobox,2666318,Get Real (film),2026-06-20T19:21:08+00:00
2608,Heaven (1998),Heaven,1998,https://m.media-amazon.com/images/M/MV5BMTIxMzIxOTc4NF5BMl5BanBnXkFtZTcwMTkwMjUxMQ@@._V1_.jpg,imdb-suggest,tt0120697,Heaven,2026-06-21T07:15:47+00:00
2609,"King of Masks, The (Bian Lian) (1996)","King of Masks, The (Bian Lian)",1996,https://en.wikipedia.org/wiki/Special:FilePath/Kingofmasks.jpg,wikipedia-infobox,9040490,The King of Masks,2026-06-20T20:39:03+00:00
2610,Three Seasons (1999),Three Seasons,1999,https://en.wikipedia.org/wiki/Special:FilePath/Three_seasons_theatrical_poster_US.jpg,wikipedia-infobox,2055701,Three Seasons,2026-06-20T19:21:07+00:00
2611,"Winslow Boy, The (1998)","Winslow Boy, The",1998,https://m.media-amazon.com/images/M/MV5BMjYxNjdjZjMtZmY2My00ZTJhLTkxYmEtOWZlOWUxYWI4ZDM4XkEyXkFqcGc@._V1_.jpg,imdb-suggest,tt0155388,The Winslow Boy,2026-06-21T07:25:29+00:00
2612,Mildred Pierce (1945),Mildred Pierce,1945,https://en.wikipedia.org/wiki/Special:FilePath/Mildred_Pierce_%281945_poster%29.jpg,wikipedia-infobox,4995581,Mildred Pierce (film),2026-06-20T19:21:07+00:00
2613,Night of the Comet (1984),Night of the Comet,1984,https://en.wikipedia.org/wiki/Special:FilePath/NightoftheCometPoster.jpg,wikipedia-infobox,2381862,Night of the Comet,2026-06-20T19:21:07+00:00
2614,Chopping Mall (a.k.a. Killbots) (1986),Chopping Mall (a.k.a. Killbots),1986,https://en.wikipedia.org/wiki/Special:FilePath/Choppingmall.jpg,wikipedia-infobox,3834588,Chopping Mall,2026-06-20T20:39:03+00:00
2615,My Science Project (1985),My Science Project,1985,https://en.wikipedia.org/wiki/Special:FilePath/Myscienceproject.jpg,wikipedia-infobox,2439209,My Science Project,2026-06-20T19:21:07+00:00
2616,Dick Tracy (1990),Dick Tracy,1990,https://en.wikipedia.org/wiki/Special:FilePath/Dick_tracy1.jpg,wikipedia-infobox,725984,Dick Tracy (1990 film),2026-06-20T19:21:07+00:00
2617,"Mummy, The (1999)","Mummy, The",1999,https://en.wikipedia.org/wiki/Special:FilePath/The_mummy.jpg,wikipedia-infobox,253828,The Mummy (1999 film),2026-06-20T19:21:07+00:00
2618,"Castle, The (1997)","Castle, The",1997,https://m.media-amazon.com/images/M/MV5BYWYwODcxZDEtMDZjZi00OGMyLThkMjItYTNmYmZiMThjNDA2XkEyXkFqcGc@._V1_.jpg,imdb-suggest,tt0118826,The Castle,2026-06-21T07:15:51+00:00
2619,Mascara (1999),Mascara,1999,https://m.media-amazon.com/images/M/MV5BMTQyMDMwNTYwMV5BMl5BanBnXkFtZTYwNzEwMzg5._V1_.jpg,imdb-suggest,tt0188052,Mascara,2026-06-21T07:15:53+00:00
2620,This Is My Father (1998),This Is My Father,1998,https://en.wikipedia.org/wiki/Special:FilePath/Cover_This_is_my_father.jpg,wikipedia-infobox,16749397,This Is My Father,2026-06-20T19:21:07+00:00
2621,Xiu Xiu: The Sent-Down Girl (Tian yu) (1998),Xiu Xiu: The Sent-Down Girl (Tian yu),1998,https://en.wikipedia.org/wiki/Special:FilePath/Xiu_Xiu.jpg,wikipedia-infobox,2918007,Xiu Xiu: The Sent Down Girl,2026-06-20T20:39:03+00:00
2622,"Midsummer Night's Dream, A (1999)","Midsummer Night's Dream, A",1999,https://en.wikipedia.org/wiki/Special:FilePath/A_Midsummer_Night%27s_Dream_Poster.jpg,wikipedia-infobox,6264910,A Midsummer Night's Dream (1999 film),2026-06-20T19:21:07+00:00
2623,Trippin' (1999),Trippin',1999,https://en.wikipedia.org/wiki/Special:FilePath/Trippin_film_poster.jpg,wikipedia-infobox,6189418,Trippin' (film),2026-06-20T19:21:08+00:00
2624,After Life (1998),After Life,1998,https://en.wikipedia.org/wiki/Special:FilePath/After-Life-1998-poster.jpg,wikipedia-infobox,430394,After Life (film),2026-06-20T19:21:07+00:00
2625,Black Mask (Hak hap) (1996),Black Mask (Hak hap),1996,https://en.wikipedia.org/wiki/Special:FilePath/BlackMaskPoster.jpg,wikipedia-infobox,3315039,Black Mask (1996 film),2026-06-20T20:39:02+00:00
2626,Edge of Seventeen (1998),Edge of Seventeen,1998,https://en.wikipedia.org/wiki/Special:FilePath/Edgeofseventeenposter.jpg,wikipedia-infobox,5434432,Edge of Seventeen (film),2026-06-20T19:21:11+00:00
2627,Endurance (1998),Endurance,1998,https://en.wikipedia.org/wiki/Special:FilePath/Endurance_Film.jpg,wikipedia-infobox,14896515,Endurance (film),2026-06-20T19:21:11+00:00
2628,Star Wars: Episode I - The Phantom Menace (1999),Star Wars: Episode I - The Phantom Menace,1999,https://en.wikipedia.org/wiki/Special:FilePath/Star_Wars_Phantom_Menace_poster.jpg,wikipedia-infobox,50793,Star Wars: Episode I – The Phantom Menace,2026-06-20T19:21:10+00:00
2629,"Love Letter, The (1999)","Love Letter, The",1999,https://en.wikipedia.org/wiki/Special:FilePath/Love_letter_poster.jpg,wikipedia-infobox,8829690,The Love Letter (1999 film),2026-06-20T19:21:09+00:00
2630,Besieged (L' Assedio) (1998),Besieged (L' Assedio),1998,https://en.wikipedia.org/wiki/Special:FilePath/Besieged_ver2.jpg,wikipedia-infobox,5016805,Besieged (film),2026-06-20T20:40:02+00:00
2631,Frogs for Snakes (1998),Frogs for Snakes,1998,https://en.wikipedia.org/wiki/Special:FilePath/Frogs_for_Snakes.jpg,wikipedia-infobox,32755585,Frogs for Snakes,2026-06-20T19:21:10+00:00
2632,"Saragossa Manuscript, The (Rekopis znaleziony w Saragossie) (1965)","Saragossa Manuscript, The (Rekopis znaleziony w Saragossie)",1965,https://en.wikipedia.org/wiki/Special:FilePath/Rekopis.JPG,wikipedia-infobox,2593578,The Saragossa Manuscript (film),2026-06-20T20:40:02+00:00
2633,"Mummy, The (1932)","Mummy, The",1932,https://en.wikipedia.org/wiki/Special:FilePath/The_Mummy_1932_film_poster.jpg,wikipedia-infobox,253833,The Mummy (1932 film),2026-06-20T19:21:09+00:00
2634,"Mummy, The (1959)","Mummy, The",1959,https://en.wikipedia.org/wiki/Special:FilePath/Themummy1959poster.jpg,wikipedia-infobox,253834,The Mummy (1959 film),2026-06-20T19:21:09+00:00
2635,"Mummy's Curse, The (1944)","Mummy's Curse, The",1944,https://en.wikipedia.org/wiki/Special:FilePath/Themummyscurse.png,wikipedia-infobox,3523874,The Mummy's Curse,2026-06-20T19:21:10+00:00
2636,"Mummy's Ghost, The (1944)","Mummy's Ghost, The",1944,https://en.wikipedia.org/wiki/Special:FilePath/Mummysghost.jpg,wikipedia-infobox,3504034,The Mummy's Ghost,2026-06-20T19:21:10+00:00
2637,"Mummy's Hand, The (1940)","Mummy's Hand, The",1940,https://en.wikipedia.org/wiki/Special:FilePath/The-mummys-hand-movie-poster-md.jpg,wikipedia-infobox,3489518,The Mummy's Hand,2026-06-20T19:21:10+00:00
2638,"Mummy's Tomb, The (1942)","Mummy's Tomb, The",1942,https://en.wikipedia.org/wiki/Special:FilePath/The-mummys-tomb-movie-poster-md.jpg,wikipedia-infobox,3494241,The Mummy's Tomb,2026-06-20T19:21:10+00:00
2639,Mommie Dearest (1981),Mommie Dearest,1981,https://en.wikipedia.org/wiki/Special:FilePath/MommieDearestBook.jpg,wikipedia-infobox,249650,Mommie Dearest,2026-06-20T19:21:10+00:00
2640,Superman (1978),Superman,1978,https://en.wikipedia.org/wiki/Special:FilePath/Superman_%281978_film_poster%29.jpg,wikipedia-infobox,362719,Superman (1978 film),2026-06-20T14:08:58+00:00
2641,Superman II (1980),Superman II,1980,https://en.wikipedia.org/wiki/Special:FilePath/Superman_II.jpg,wikipedia-infobox,1059280,Superman II,2026-06-20T14:08:59+00:00
2642,Superman III (1983),Superman III,1983,https://en.wikipedia.org/wiki/Special:FilePath/Superman_III_poster.jpg,wikipedia-infobox,1059701,Superman III,2026-06-20T14:08:59+00:00
2643,Superman IV: The Quest for Peace (1987),Superman IV: The Quest for Peace,1987,https://en.wikipedia.org/wiki/Special:FilePath/Superman_iv.jpg,wikipedia-infobox,407628,Superman IV: The Quest for Peace,2026-06-20T14:08:59+00:00
2644,Dracula (1931),Dracula,1931,https://en.wikipedia.org/wiki/Special:FilePath/Dracula-First-Edition-1897.jpg,wikipedia-infobox,7923,Dracula,2026-06-20T14:08:59+00:00
2645,Dracula (1958),Dracula,1958,https://en.wikipedia.org/wiki/Special:FilePath/Dracula1958UKPoster.jpg,wikipedia-infobox,651538,Dracula (1958 film),2026-06-20T14:08:58+00:00
2646,House of Dracula (1945),House of Dracula,1945,https://en.wikipedia.org/wiki/Special:FilePath/House-of-dracula-theatrical-movie-poster-md.jpg,wikipedia-infobox,3303351,House of Dracula,2026-06-20T14:08:59+00:00
2647,House of Frankenstein (1944),House of Frankenstein,1944,https://en.wikipedia.org/wiki/Special:FilePath/House-of-frankenstein-theatrical-movie-poster-md.jpg,wikipedia-infobox,3303226,House of Frankenstein (film),2026-06-20T14:08:58+00:00
2648,Frankenstein (1931),Frankenstein,1931,https://en.wikipedia.org/wiki/Special:FilePath/Frankenstein_poster_1931.jpg,wikipedia-infobox,73488,Frankenstein (1931 film),2026-06-20T14:08:58+00:00
2649,Son of Frankenstein (1939),Son of Frankenstein,1939,https://en.wikipedia.org/wiki/Special:FilePath/Son_of_Frankenstein_-_theatrical_poster.jpg,wikipedia-infobox,2206376,Son of Frankenstein,2026-06-20T14:08:59+00:00
2650,"Ghost of Frankenstein, The (1942)","Ghost of Frankenstein, The",1942,https://en.wikipedia.org/wiki/Special:FilePath/The_Ghost_of_Frankenstein_movie_poster.jpg,wikipedia-infobox,3302699,The Ghost of Frankenstein,2026-06-20T14:08:59+00:00
2651,Frankenstein Meets the Wolf Man (1943),Frankenstein Meets the Wolf Man,1943,https://en.wikipedia.org/wiki/Special:FilePath/Frankenstein-meets-the-wolf-man-theatrical-movie-poster-md.jpg,wikipedia-infobox,3302848,Frankenstein Meets the Wolf Man,2026-06-20T14:08:59+00:00
2652,"Curse of Frankenstein, The (1957)","Curse of Frankenstein, The",1957,https://en.wikipedia.org/wiki/Special:FilePath/The-curse-of-frankenstein-british-movie-poster-md.jpg,wikipedia-infobox,1785123,The Curse of Frankenstein,2026-06-20T14:08:59+00:00
2653,Son of Dracula (1943),Son of Dracula,1943,https://en.wikipedia.org/wiki/Special:FilePath/Son_of_Dracula_movie_poster.jpg,wikipedia-infobox,3303044,Son of Dracula (1943 film),2026-06-20T14:08:58+00:00
2654,"Wolf Man, The (1941)","Wolf Man, The",1941,https://en.wikipedia.org/wiki/Special:FilePath/The-wolfman.jpg,wikipedia-infobox,927058,The Wolf Man (1941 film),2026-06-20T14:08:58+00:00
2655,Howling II: Your Sister Is a Werewolf (1985),Howling II: Your Sister Is a Werewolf,1985,https://en.wikipedia.org/wiki/Special:FilePath/Howling_II_poster.jpg,wikipedia-infobox,2901971,Howling II: Your Sister Is a Werewolf,2026-06-20T14:08:59+00:00
2656,Tarantula (1955),Tarantula,1955,https://en.wikipedia.org/wiki/Special:FilePath/Brachypelma_vagans_p1.jpg,wikipedia-infobox,18581082,Tarantula,2026-06-20T14:08:59+00:00
2657,"Rocky Horror Picture Show, The (1975)","Rocky Horror Picture Show, The",1975,https://en.wikipedia.org/wiki/Special:FilePath/Original_Rocky_Horror_Picture_Show_poster.jpg,wikipedia-infobox,25491,The Rocky Horror Picture Show,2026-06-20T14:08:59+00:00
2658,"Flying Saucer, The (1950)","Flying Saucer, The",1950,https://en.wikipedia.org/wiki/Special:FilePath/Poster_of_the_movie_%22The_Flying_Saucer%22.jpg,wikipedia-infobox,2249633,The Flying Saucer,2026-06-20T14:08:59+00:00
2659,It Came from Hollywood (1982),It Came from Hollywood,1982,https://en.wikipedia.org/wiki/Special:FilePath/It_Came_from_Hollywood_poster.jpg,wikipedia-infobox,2595249,It Came from Hollywood,2026-06-20T14:08:59+00:00
2660,"Thing From Another World, The (1951)","Thing From Another World, The",1951,https://en.wikipedia.org/wiki/Special:FilePath/The_Thing_From_Another_World_%281951_poster%29.jpg,wikipedia-infobox,76387,The Thing from Another World,2026-06-20T14:08:59+00:00
2661,It Came from Outer Space (1953),It Came from Outer Space,1953,https://en.wikipedia.org/wiki/Special:FilePath/Itcamefromouterspace.jpg,wikipedia-infobox,2009711,It Came from Outer Space,2026-06-20T14:08:59+00:00
2662,"War of the Worlds, The (1953)","War of the Worlds, The",1953,https://en.wikipedia.org/wiki/Special:FilePath/The_War_of_the_Worlds_%281953_film_poster%29.jpg,wikipedia-infobox,25045707,The War of the Worlds (1953 film),2026-06-20T14:08:58+00:00
2663,It Came from Beneath the Sea (1955),It Came from Beneath the Sea,1955,https://en.wikipedia.org/wiki/Special:FilePath/It_Came_From_Beneath_The_Sea_poster.jpg,wikipedia-infobox,876592,It Came from Beneath the Sea,2026-06-20T14:08:59+00:00
2664,Invasion of the Body Snatchers (1956),Invasion of the Body Snatchers,1956,https://en.wikipedia.org/wiki/Special:FilePath/Invasion_of_the_Body_Snatchers_%281956_poster%29.jpg,wikipedia-infobox,74394,Invasion of the Body Snatchers,2026-06-20T14:08:58+00:00
2665,Earth Vs. the Flying Saucers (1956),Earth Vs. the Flying Saucers,1956,https://en.wikipedia.org/wiki/Special:FilePath/Earth_vs_the_Flying_Saucers_DVD.jpg,wikipedia-infobox,Q1428430,Earth vs. the Flying Saucers,2026-06-20T14:09:24+00:00
2666,It Conquered the World (1956),It Conquered the World,1956,https://en.wikipedia.org/wiki/Special:FilePath/It_Conquered_the_World.jpg,wikipedia-infobox,1522855,It Conquered the World,2026-06-20T14:08:59+00:00
2667,"Mole People, The (1956)","Mole People, The",1956,https://en.wikipedia.org/wiki/Special:FilePath/Mole_People.jpg,wikipedia-infobox,3220999,The Mole People,2026-06-20T14:08:59+00:00
2668,Swamp Thing (1982),Swamp Thing,1982,https://en.wikipedia.org/wiki/Special:FilePath/Swamp_Thing_1982_poster.jpg,wikipedia-infobox,5929445,Swamp Thing (1982 film),2026-06-20T14:08:58+00:00
2669,Pork Chop Hill (1959),Pork Chop Hill,1959,https://en.wikipedia.org/wiki/Special:FilePath/Pork_Chop_Hill_-_1959_-_Poster.jpg,wikipedia-infobox,978631,Pork Chop Hill (film),2026-06-20T20:21:08+00:00
2670,"Run Silent, Run Deep (1958)","Run Silent, Run Deep",1958,https://en.wikipedia.org/wiki/Special:FilePath/Run_Silent_Run_Deep_1958_Poster.jpg,wikipedia-infobox,37093525,"Run Silent, Run Deep (film)",2026-06-20T14:08:58+00:00
2671,Notting Hill (1999),Notting Hill,1999,https://en.wikipedia.org/wiki/Special:FilePath/NottingHillRobertsGrant.jpg,wikipedia-infobox,204019,Notting Hill (film),2026-06-20T14:09:00+00:00
2672,"Thirteenth Floor, The (1999)","Thirteenth Floor, The",1999,https://en.wikipedia.org/wiki/Special:FilePath/The_Thirteenth_Floor_poster.jpg,wikipedia-infobox,1438861,The Thirteenth Floor,2026-06-20T14:08:59+00:00
2673,Eternity and a Day (Mia eoniotita ke mia mera ) (1998),Eternity and a Day (Mia eoniotita ke mia mera ),1998,https://en.wikipedia.org/wiki/Special:FilePath/Eternite_affiche.jpg,wikipedia-infobox,4430389,Eternity and a Day,2026-06-20T20:39:07+00:00
2674,"Loss of Sexual Innocence, The (1999)","Loss of Sexual Innocence, The",1999,https://en.wikipedia.org/wiki/Special:FilePath/loss_of_sexual_innocence.jpg,wikipedia-infobox,11461400,The Loss of Sexual Innocence,2026-06-20T14:08:59+00:00
2675,Twice Upon a Yesterday (1998),Twice Upon a Yesterday,1998,https://en.wikipedia.org/wiki/Special:FilePath/Twice_Upon_a_Yesterday_%281998%29.jpg,wikipedia-infobox,18702022,The Man with Rain in His Shoes,2026-06-20T14:08:59+00:00
2676,Instinct (1999),Instinct,1999,https://en.wikipedia.org/wiki/Special:FilePath/Instinct_poster.jpg,wikipedia-infobox,4744645,Instinct (1999 film),2026-06-20T14:08:58+00:00
2677,Buena Vista Social Club (1999),Buena Vista Social Club,1999,https://en.wikipedia.org/wiki/Special:FilePath/FIL_2012_-_Orquesta_Buena_Vista_Social_Club_2.JPG,wikipedia-infobox,513544,Buena Vista Social Club,2026-06-20T14:08:59+00:00
2678,Desert Blue (1999),Desert Blue,1999,https://en.wikipedia.org/wiki/Special:FilePath/Desert_blue.jpg,wikipedia-infobox,4326067,Desert Blue,2026-06-20T14:08:59+00:00
2679,Finding North (1999),Finding North,1999,https://en.wikipedia.org/wiki/Special:FilePath/Finding_North_FilmPoster.jpeg,wikipedia-infobox,6999811,Finding North,2026-06-20T14:08:59+00:00
2681,Free Enterprise (1998),Free Enterprise,1998,https://m.media-amazon.com/images/M/MV5BMjk0YzE4NzQtYjFjZi00MmI3LTlmMmEtNDNmNDI0NWQ4MGMyXkEyXkFqcGc@._V1_.jpg,imdb-suggest,tt0141105,Free Enterprise,2026-06-21T07:15:54+00:00
2682,Limbo (1999),Limbo,1999,https://en.wikipedia.org/wiki/Special:FilePath/Limbo_%281999_film%29_poster.jpg,wikipedia-infobox,3024499,Limbo (1999 film),2026-06-20T19:21:09+00:00
2683,Austin Powers: The Spy Who Shagged Me (1999),Austin Powers: The Spy Who Shagged Me,1999,https://en.wikipedia.org/wiki/Special:FilePath/Austin_Powers-_The_Spy_Who_Shagged_Me.jpg,wikipedia-infobox,241603,Austin Powers: The Spy Who Shagged Me,2026-06-20T19:21:10+00:00
2685,"Red Dwarf, The (Le Nain rouge) (1998)","Red Dwarf, The (Le Nain rouge)",1998,https://m.media-amazon.com/images/M/MV5BMTg0ODQxNTU3MF5BMl5BanBnXkFtZTcwOTg0NDMyMQ@@._V1_.jpg,imdb-suggest,tt0156820,The Red Dwarf,2026-06-21T07:15:56+00:00
2686,"Red Violin, The (Le Violon rouge) (1998)","Red Violin, The (Le Violon rouge)",1998,https://en.wikipedia.org/wiki/Special:FilePath/redviolin.jpg,wikipedia-infobox,214783,The Red Violin,2026-06-20T20:39:07+00:00
2687,Tarzan (1999),Tarzan,1999,https://en.wikipedia.org/wiki/Special:FilePath/Tarzan_%281999_film%29_-_theatrical_poster.jpg,wikipedia-infobox,1749093,Tarzan (1999 film),2026-06-20T19:22:02+00:00
2688,"General's Daughter, The (1999)","General's Daughter, The",1999,https://en.wikipedia.org/wiki/Special:FilePath/Generaldposter.jpg,wikipedia-infobox,2372994,The General's Daughter (film),2026-06-20T19:22:03+00:00
2689,Get Bruce (1999),Get Bruce,1999,https://en.wikipedia.org/wiki/Special:FilePath/Get-bruce-poster.jpg,wikipedia-infobox,20174145,Get Bruce,2026-06-20T19:22:03+00:00
2690,"Ideal Husband, An (1999)","Ideal Husband, An",1999,https://en.wikipedia.org/wiki/Special:FilePath/Ideal_husband_ver3.jpg,wikipedia-infobox,1588102,An Ideal Husband (1999 film),2026-06-20T19:22:02+00:00
2691,"Legend of 1900, The (Leggenda del pianista sull'oceano) (1998)","Legend of 1900, The (Leggenda del pianista sull'oceano)",1998,https://en.wikipedia.org/wiki/Special:FilePath/leggenda_pianista.jpg,wikipedia-infobox,1825320,The Legend of 1900,2026-06-20T20:39:07+00:00
2692,Run Lola Run (Lola rennt) (1998),Run Lola Run (Lola rennt),1998,https://en.wikipedia.org/wiki/Special:FilePath/Lola_Rennt_poster.jpg,wikipedia-infobox,462764,Run Lola Run,2026-06-20T20:39:07+00:00
2693,Trekkies (1997),Trekkies,1997,https://en.wikipedia.org/wiki/Special:FilePath/Trekkies_VideoCover.png,wikipedia-infobox,31136,Trekkies (film),2026-06-20T19:22:03+00:00
2694,Big Daddy (1999),Big Daddy,1999,https://en.wikipedia.org/wiki/Special:FilePath/Big_Daddy_film.jpg,wikipedia-infobox,501340,Big Daddy (1999 film),2026-06-20T19:22:02+00:00
2695,"Boys, The (1997)","Boys, The",1997,https://m.media-amazon.com/images/M/MV5BOTlmZGE0NTMtMzlkMC00ZmNiLWFhODYtZjAwYzMzOTcwMzc4XkEyXkFqcGc@._V1_.jpg,imdb-suggest,tt0117663,The Slab Boys,2026-06-21T07:15:59+00:00
2696,"Dinner Game, The (Le Dîner de cons) (1998)","Dinner Game, The (Le Dîner de cons)",1998,https://en.wikipedia.org/wiki/Special:FilePath/Le_d%C3%AEner_de_cons_%28Poster%29.jpg,wikipedia-infobox,2618174,The Dinner Game,2026-06-20T20:39:08+00:00
2697,My Son the Fanatic (1998),My Son the Fanatic,1998,https://en.wikipedia.org/wiki/Special:FilePath/My_Son_the_Fanatic.jpg,wikipedia-infobox,9710550,My Son the Fanatic,2026-06-20T19:22:03+00:00
2699,Arachnophobia (1990),Arachnophobia,1990,https://en.wikipedia.org/wiki/Special:FilePath/Little_Miss_Muffet_2_-_WW_Denslow_-_Project_Gutenberg_etext_18546.jpg,wikipedia-infobox,1386,Arachnophobia,2026-06-20T19:22:03+00:00
2700,"South Park: Bigger, Longer and Uncut (1999)","South Park: Bigger, Longer and Uncut",1999,https://en.wikipedia.org/wiki/Special:FilePath/SouthParkbiggerlongeruncut.jpg,wikipedia-infobox,232795,"South Park: Bigger, Longer & Uncut",2026-06-20T19:22:03+00:00
2701,Wild Wild West (1999),Wild Wild West,1999,https://en.wikipedia.org/wiki/Special:FilePath/Wild_wild_west_poster.jpg,wikipedia-infobox,244610,Wild Wild West,2026-06-20T19:22:03+00:00
2702,Summer of Sam (1999),Summer of Sam,1999,https://en.wikipedia.org/wiki/Special:FilePath/Summer_Of_Sam_%28movie%29.jpg,wikipedia-infobox,952682,Summer of Sam,2026-06-20T19:22:03+00:00
2703,Broken Vessels (1998),Broken Vessels,1998,https://m.media-amazon.com/images/M/MV5BNjY2ZWY2NmYtYTQ4ZS00OTUzLWE2ZjYtZDZjNzc4NDg3NTMzXkEyXkFqcGc@._V1_.jpg,imdb-suggest,tt0149964,Broken Vessels,2026-06-21T07:16:01+00:00
2704,"Lovers on the Bridge, The (Les Amants du Pont-Neuf) (1991)","Lovers on the Bridge, The (Les Amants du Pont-Neuf)",1991,https://en.wikipedia.org/wiki/Special:FilePath/amantsdupontneuf.jpg,wikipedia-infobox,3329045,Les Amants du Pont-Neuf,2026-06-20T20:39:08+00:00
2705,"Late August, Early September (Fin août, début septembre) (1998)","Late August, Early September (Fin août, début septembre)",1998,https://en.wikipedia.org/wiki/Special:FilePath/Late_August%2C_Early_September.jpg,wikipedia-infobox,19008512,"Late August, Early September",2026-06-20T20:39:08+00:00
2706,American Pie (1999),American Pie,1999,https://en.wikipedia.org/wiki/Special:FilePath/American_Pie1.jpg,wikipedia-infobox,2580403,American Pie (film),2026-06-20T19:22:03+00:00
2707,Arlington Road (1999),Arlington Road,1999,https://en.wikipedia.org/wiki/Special:FilePath/Arlington_Road_film.jpg,wikipedia-infobox,2244052,Arlington Road,2026-06-20T19:22:03+00:00
2708,"Autumn Tale, An (Conte d'automne) (1998)","Autumn Tale, An (Conte d'automne)",1998,https://en.wikipedia.org/wiki/Special:FilePath/Autumn_Tale_FilmPoster.jpeg,wikipedia-infobox,5315533,Autumn Tale,2026-06-20T20:39:08+00:00
2709,Muppets From Space (1999),Muppets From Space,1999,https://en.wikipedia.org/wiki/Special:FilePath/Muppets_from_space.jpg,wikipedia-infobox,1458772,Muppets from Space,2026-06-20T19:22:06+00:00
2710,"Blair Witch Project, The (1999)","Blair Witch Project, The",1999,https://en.wikipedia.org/wiki/Special:FilePath/Blair_Witch_Project.jpg,wikipedia-infobox,18841979,The Blair Witch Project,2026-06-20T19:22:06+00:00
2711,My Life So Far (1999),My Life So Far,1999,https://en.wikipedia.org/wiki/Special:FilePath/My_life_so_far_film.jpg,wikipedia-infobox,8760676,My Life So Far,2026-06-20T19:22:06+00:00
2712,Eyes Wide Shut (1999),Eyes Wide Shut,1999,https://en.wikipedia.org/wiki/Special:FilePath/Eyes_Wide_Shut_%281999%29.png,wikipedia-infobox,9979,Eyes Wide Shut,2026-06-20T19:22:06+00:00
2713,Lake Placid (1999),Lake Placid,1999,https://en.wikipedia.org/wiki/Special:FilePath/Lake_placid_ver2.jpg,wikipedia-infobox,593184,Lake Placid (film),2026-06-20T19:22:06+00:00
2714,"Wood, The (1999)","Wood, The",1999,https://en.wikipedia.org/wiki/Special:FilePath/Wood_poster.jpg,wikipedia-infobox,3095001,The Wood,2026-06-20T19:22:06+00:00
2715,"Velocity of Gary, The (1998)","Velocity of Gary, The",1998,https://en.wikipedia.org/wiki/Special:FilePath/Velocity_of_gary_poster_film.jpg,wikipedia-infobox,11035932,The Velocity of Gary,2026-06-20T19:22:06+00:00
2716,Ghostbusters (1984),Ghostbusters,1984,https://en.wikipedia.org/wiki/Special:FilePath/Ghostbusters_%281984%29_theatrical_poster.png,wikipedia-infobox,205013,Ghostbusters,2026-06-20T19:22:05+00:00
2717,Ghostbusters II (1989),Ghostbusters II,1989,https://en.wikipedia.org/wiki/Special:FilePath/Ghostbusters_ii_poster.jpg,wikipedia-infobox,618929,Ghostbusters II,2026-06-20T19:22:06+00:00
2718,Drop Dead Gorgeous (1999),Drop Dead Gorgeous,1999,https://en.wikipedia.org/wiki/Special:FilePath/Drop_Dead_Gorgeous_poster.jpg,wikipedia-infobox,871658,Drop Dead Gorgeous (film),2026-06-20T19:22:06+00:00
2719,"Haunting, The (1999)","Haunting, The",1999,https://en.wikipedia.org/wiki/Special:FilePath/The_Haunting_film.jpg,wikipedia-infobox,956598,The Haunting (1999 film),2026-06-20T19:22:05+00:00
2720,Inspector Gadget (1999),Inspector Gadget,1999,https://en.wikipedia.org/wiki/Special:FilePath/Inspector_gadget_ver2.jpg,wikipedia-infobox,4180278,Inspector Gadget (film),2026-06-20T19:22:06+00:00
2721,Trick (1999),Trick,1999,https://en.wikipedia.org/wiki/Special:FilePath/Trick_poster.jpg,wikipedia-infobox,331860,Trick (1999 film),2026-06-20T19:22:05+00:00
2722,Deep Blue Sea (1999),Deep Blue Sea,1999,https://en.wikipedia.org/wiki/Special:FilePath/Deep_Blue_Sea_%281999_film%29_poster.jpg,wikipedia-infobox,1086550,Deep Blue Sea (1999 film),2026-06-20T19:22:05+00:00
2723,Mystery Men (1999),Mystery Men,1999,https://en.wikipedia.org/wiki/Special:FilePath/Mystery_Men_film_poster.jpg,wikipedia-infobox,295757,Mystery Men,2026-06-20T19:22:06+00:00
2724,Runaway Bride (1999),Runaway Bride,1999,https://en.wikipedia.org/wiki/Special:FilePath/Runaway_Bride.jpg,wikipedia-infobox,1908729,Runaway Bride (film),2026-06-20T19:22:05+00:00
2725,Twin Falls Idaho (1999),Twin Falls Idaho,1999,https://en.wikipedia.org/wiki/Special:FilePath/Twinfallsidaho.jpg,wikipedia-infobox,6996468,Twin Falls Idaho (film),2026-06-20T19:22:06+00:00
2726,"Killing, The (1956)","Killing, The",1956,https://en.wikipedia.org/wiki/Special:FilePath/TheKillingPosterKubrick.jpg,wikipedia-infobox,282964,The Killing (film),2026-06-20T19:22:05+00:00
2727,Killer's Kiss (1955),Killer's Kiss,1955,https://en.wikipedia.org/wiki/Special:FilePath/KillersKissPoster.jpg,wikipedia-infobox,1102966,Killer's Kiss,2026-06-20T19:22:06+00:00
2728,Spartacus (1960),Spartacus,1960,https://en.wikipedia.org/wiki/Special:FilePath/Spartacus_-_1960_-_poster.png,wikipedia-infobox,166813,Spartacus (film),2026-06-20T19:23:44+00:00
2729,Lolita (1962),Lolita,1962,https://en.wikipedia.org/wiki/Special:FilePath/Lolita_%281962_film_poster%29.jpg,wikipedia-infobox,1488066,Lolita (1962 film),2026-06-20T19:23:44+00:00
2730,Barry Lyndon (1975),Barry Lyndon,1975,https://en.wikipedia.org/wiki/Special:FilePath/Barry_Lyndon_A.jpg,wikipedia-infobox,4227,Barry Lyndon,2026-06-20T19:23:45+00:00
2731,"400 Blows, The (Les Quatre cents coups) (1959)","400 Blows, The (Les Quatre cents coups)",1959,https://en.wikipedia.org/wiki/Special:FilePath/Quatre_coups2.jpg,wikipedia-infobox,202140,The 400 Blows,2026-06-20T20:39:08+00:00
2732,Jules and Jim (Jules et Jim) (1961),Jules and Jim (Jules et Jim),1961,https://m.media-amazon.com/images/M/MV5BM2Y0NmFlMmUtOTgwOC00MjVlLTk3NGEtZWNmYWZlMmI3ODBlXkEyXkFqcGc@._V1_.jpg,imdb-suggest,tt0055032,Jules and Jim,2026-06-21T07:25:30+00:00
2733,Vibes (1988),Vibes,1988,https://en.wikipedia.org/wiki/Special:FilePath/Cyndi_Lauper_Vibes_Poster.jpg,wikipedia-infobox,90156,Vibes (film),2026-06-20T19:23:45+00:00
2734,"Mosquito Coast, The (1986)","Mosquito Coast, The",1986,https://en.wikipedia.org/wiki/Special:FilePath/Mosquito_Coast_movie_poster.jpg,wikipedia-infobox,430780,The Mosquito Coast (film),2026-06-20T19:23:45+00:00
2735,"Golden Child, The (1986)","Golden Child, The",1986,https://en.wikipedia.org/wiki/Special:FilePath/Golden_child_movie.jpg,wikipedia-infobox,2102014,The Golden Child,2026-06-20T19:23:45+00:00
2736,Brighton Beach Memoirs (1986),Brighton Beach Memoirs,1986,https://en.wikipedia.org/wiki/Special:FilePath/BrightonBeachMemoirs.jpg,wikipedia-infobox,2377707,Brighton Beach Memoirs,2026-06-20T19:23:45+00:00
2737,Assassination (1987),Assassination,1987,https://en.wikipedia.org/wiki/Special:FilePath/Assassination_ver2.jpg,wikipedia-infobox,12432189,Assassination (1987 film),2026-06-20T19:23:44+00:00
2738,Crimes of the Heart (1986),Crimes of the Heart,1986,https://en.wikipedia.org/wiki/Special:FilePath/Crimes_of_the_Heart_%28play%29_%E2%80%93_Broadway_poster.JPG,wikipedia-infobox,246557,Crimes of the Heart,2026-06-20T19:23:45+00:00
2739,"Color Purple, The (1985)","Color Purple, The",1985,https://en.wikipedia.org/wiki/Special:FilePath/The_Color_Purple_poster.jpg,wikipedia-infobox,3185575,The Color Purple (1985 film),2026-06-20T19:23:44+00:00
2740,"Kindred, The (1986)","Kindred, The",1986,https://m.media-amazon.com/images/M/MV5BNmMxNjE3MzgtMGVmOC00OTBjLWIxMTktMmFjYmM1NTRjMDM1XkEyXkFqcGc@._V1_.jpg,imdb-suggest,tt0091343,The Kindred,2026-06-21T07:25:30+00:00
2741,No Mercy (1986),No Mercy,1986,https://en.wikipedia.org/wiki/Special:FilePath/Nomercyposter.jpg,wikipedia-infobox,4038581,No Mercy (1986 film),2026-06-20T19:23:44+00:00
2742,Ménage (Tenue de soirée) (1986),Ménage (Tenue de soirée),1986,https://en.wikipedia.org/wiki/Special:FilePath/Tenue_de_soir%C3%A9e.jpg,wikipedia-infobox,9960168,Evening Dress (film),2026-06-20T20:40:02+00:00
2743,Native Son (1986),Native Son,1986,https://en.wikipedia.org/wiki/Special:FilePath/Native_Son_1986_poster.jpg,wikipedia-infobox,39553106,Native Son (1986 film),2026-06-20T19:23:44+00:00
2744,Otello (1986),Otello,1986,https://en.wikipedia.org/wiki/Special:FilePath/Otelloposter.jpg,wikipedia-infobox,13638226,Otello (1986 film),2026-06-20T19:23:44+00:00
2745,"Mission, The (1986)","Mission, The",1986,https://en.wikipedia.org/wiki/Special:FilePath/The_Mission_%281986_film_poster%29.jpg,wikipedia-infobox,525486,The Mission (1986 film),2026-06-20T19:23:44+00:00
2746,Little Shop of Horrors (1986),Little Shop of Horrors,1986,https://en.wikipedia.org/wiki/Special:FilePath/Little_shop_of_horrors.jpg,wikipedia-infobox,3447166,Little Shop of Horrors (1986 film),2026-06-20T19:23:44+00:00
2747,"Little Shop of Horrors, The (1960)","Little Shop of Horrors, The",1960,https://en.wikipedia.org/wiki/Special:FilePath/LittleShop.jpg,wikipedia-infobox,325206,The Little Shop of Horrors,2026-06-20T19:23:44+00:00
2748,Allan Quartermain and the Lost City of Gold (1987),Allan Quartermain and the Lost City of Gold,1987,https://m.media-amazon.com/images/M/MV5BMGQyYWJmNGQtOGUyZC00NThkLWEwMmUtMTgxODc3Zjg0MDE0XkEyXkFqcGc@._V1_.jpg,imdb-suggest,tt0092534,Allan Quatermain and the Lost City of Gold,2026-06-21T07:25:30+00:00
2749,"Morning After, The (1986)","Morning After, The",1986,https://en.wikipedia.org/wiki/Special:FilePath/The_Morning_After_%281986_film_poster%29.jpg,wikipedia-infobox,246556,The Morning After (1986 film),2026-06-20T19:23:47+00:00
2750,Radio Days (1987),Radio Days,1987,https://en.wikipedia.org/wiki/Special:FilePath/RadioDaysPoster.jpg,wikipedia-infobox,2421467,Radio Days,2026-06-20T19:23:48+00:00
2751,From the Hip (1987),From the Hip,1987,https://en.wikipedia.org/wiki/Special:FilePath/From_the_Hip_%28film%29.jpg,wikipedia-infobox,16023028,From the Hip (film),2026-06-20T19:23:49+00:00
2752,Outrageous Fortune (1987),Outrageous Fortune,1987,https://en.wikipedia.org/wiki/Special:FilePath/Outrageousfortuneposter.jpg,wikipedia-infobox,1848371,Outrageous Fortune (film),2026-06-20T19:23:49+00:00
2753,"Bedroom Window, The (1987)","Bedroom Window, The",1987,https://en.wikipedia.org/wiki/Special:FilePath/Bedroomwindowposter.jpg,wikipedia-infobox,3761238,The Bedroom Window (1987 film),2026-06-20T19:23:47+00:00
2754,Deadtime Stories (1987),Deadtime Stories,1987,https://m.media-amazon.com/images/M/MV5BNjMxN2U3NTAtYzgwNi00NmMyLTkzNjMtMTZmOWZiOGRhNDk5XkEyXkFqcGc@._V1_.jpg,imdb-suggest,tt0092850,Deadtime Stories,2026-06-21T07:25:30+00:00
2755,Light of Day (1987),Light of Day,1987,https://en.wikipedia.org/wiki/Special:FilePath/light_of_day.jpg,wikipedia-infobox,2037403,Light of Day,2026-06-20T19:23:48+00:00
2756,Wanted: Dead or Alive (1987),Wanted: Dead or Alive,1987,https://m.media-amazon.com/images/M/MV5BNmE2YjcwNTgtMjQ1OS00Y2Q1LTgxZDAtZTQ4ZTY2N2FmMDg1XkEyXkFqcGc@._V1_.jpg,imdb-suggest,tt0094293,Wanted: Dead or Alive,2026-06-21T07:25:30+00:00
2757,Frances (1982),Frances,1982,https://en.wikipedia.org/wiki/Special:FilePath/Francesfilm.jpg,wikipedia-infobox,242528,Frances (film),2026-06-20T19:23:49+00:00
2758,Plenty (1985),Plenty,1985,https://en.wikipedia.org/wiki/Special:FilePath/Plenty_%281985_film%29_poster.jpg,wikipedia-infobox,3066519,Plenty (film),2026-06-20T19:23:49+00:00
2759,Dick (1999),Dick,1999,https://en.wikipedia.org/wiki/Special:FilePath/Theatricalposterdick.jpg,wikipedia-infobox,21200382,Dick (film),2026-06-20T19:23:49+00:00
2760,"Gambler, The (A Játékos) (1997)","Gambler, The (A Játékos)",1997,https://m.media-amazon.com/images/M/MV5BMTI4MjEzMzgwOV5BMl5BanBnXkFtZTcwMDQwODAyMQ@@._V1_.jpg,imdb-suggest,tt0129111,The Gambler,2026-06-21T07:16:15+00:00
2761,"Iron Giant, The (1999)","Iron Giant, The",1999,https://en.wikipedia.org/wiki/Special:FilePath/The_Iron_Giant_poster.JPG,wikipedia-infobox,842825,The Iron Giant,2026-06-20T19:23:48+00:00
2762,"Sixth Sense, The (1999)","Sixth Sense, The",1999,https://en.wikipedia.org/wiki/Special:FilePath/The_Sixth_Sense_poster.png,wikipedia-infobox,30582,The Sixth Sense,2026-06-20T19:23:48+00:00
2763,"Thomas Crown Affair, The (1999)","Thomas Crown Affair, The",1999,https://en.wikipedia.org/wiki/Special:FilePath/Thomascrownposter1999.jpg,wikipedia-infobox,2367161,The Thomas Crown Affair (1999 film),2026-06-20T19:23:47+00:00
2764,"Thomas Crown Affair, The (1968)","Thomas Crown Affair, The",1968,https://en.wikipedia.org/wiki/Special:FilePath/The_Thomas_Crown_Affair_%281968_film%29_poster.jpg,wikipedia-infobox,2367145,The Thomas Crown Affair (1968 film),2026-06-20T19:23:47+00:00
2765,"Acid House, The (1998)","Acid House, The",1998,https://en.wikipedia.org/wiki/Special:FilePath/TheAcidHouseFilmPoster.jpg,wikipedia-infobox,4941269,The Acid House (film),2026-06-20T19:23:49+00:00
2766,"Adventures of Sebastian Cole, The (1998)","Adventures of Sebastian Cole, The",1998,https://en.wikipedia.org/wiki/Special:FilePath/The_Adventures_of_Sebastian_Cole_DVD.jpg,wikipedia-infobox,4335073,The Adventures of Sebastian Cole,2026-06-20T19:23:48+00:00
2767,Illuminata (1998),Illuminata,1998,https://en.wikipedia.org/wiki/Special:FilePath/Illuminata_DVD_Cover.jpg,wikipedia-infobox,15316917,Illuminata (film),2026-06-20T19:23:49+00:00
2768,Stiff Upper Lips (1998),Stiff Upper Lips,1998,https://m.media-amazon.com/images/M/MV5BMThmZGU0NTMtNjllOC00YzUxLWI2MzgtZTg1ZTRhZmY5Y2VmXkEyXkFqcGc@._V1_.jpg,imdb-suggest,tt0120210,Stiff Upper Lips,2026-06-21T07:25:31+00:00
2769,"Yards, The (1999)","Yards, The",1999,https://m.media-amazon.com/images/M/MV5BNTk4OTZlOGQtMWQ4ZS00ZWViLWJhY2QtMjkxZjUyMGEwNWE0XkEyXkFqcGc@._V1_.jpg,imdb-suggest,tt0138946,The Yards,2026-06-21T07:25:31+00:00
2770,Bowfinger (1999),Bowfinger,1999,https://en.wikipedia.org/wiki/Special:FilePath/Bowfinger_movie.jpg,wikipedia-infobox,1409665,Bowfinger,2026-06-20T19:23:51+00:00
2771,Brokedown Palace (1999),Brokedown Palace,1999,https://en.wikipedia.org/wiki/Special:FilePath/Brokedown_Palace.jpg,wikipedia-infobox,2727959,Brokedown Palace,2026-06-20T19:23:51+00:00
2772,Detroit Rock City (1999),Detroit Rock City,1999,https://en.wikipedia.org/wiki/Special:FilePath/Detroit_rock_city_ver1.jpg,wikipedia-infobox,1562557,Detroit Rock City (film),2026-06-20T19:23:52+00:00
2773,Alice and Martin (Alice et Martin) (1998),Alice and Martin (Alice et Martin),1998,https://en.wikipedia.org/wiki/Special:FilePath/aliceetmartin.jpg,wikipedia-infobox,12619795,Alice and Martin,2026-06-20T20:40:04+00:00
2774,Better Than Chocolate (1999),Better Than Chocolate,1999,https://en.wikipedia.org/wiki/Special:FilePath/Better_Than_Chocolate_%28film%29.jpg,wikipedia-infobox,449790,Better Than Chocolate,2026-06-20T19:23:51+00:00
2775,Head On (1998),Head On,1998,https://en.wikipedia.org/wiki/Special:FilePath/Head_On_1998_film.jpg,wikipedia-infobox,2178129,Head On (1998 film),2026-06-20T19:23:50+00:00
2776,"Marcello Mastroianni: I Remember Yes, I Remember (1997)","Marcello Mastroianni: I Remember Yes, I Remember",1997,https://m.media-amazon.com/images/M/MV5BNjZkMWJiMTYtYjMwOS00NThlLWE2Y2EtYWEzYWZmMGI0YWZhXkEyXkFqcGc@._V1_.jpg,imdb-suggest,tt0119614,Marcello Mastroianni: I Remember,2026-06-21T07:16:23+00:00
2777,Cobra (1925),Cobra,1925,https://en.wikipedia.org/wiki/Special:FilePath/Cobra_%281925%29_-_1.jpg,wikipedia-infobox,4520654,Cobra (1925 film),2026-06-20T19:23:50+00:00
2778,Never Talk to Strangers (1995),Never Talk to Strangers,1995,https://en.wikipedia.org/wiki/Special:FilePath/Never_talk_to_strangers.jpg,wikipedia-infobox,5498661,Never Talk to Strangers,2026-06-20T19:23:51+00:00
2779,Heaven Can Wait (1978),Heaven Can Wait,1978,https://en.wikipedia.org/wiki/Special:FilePath/Heaven_can_wait_poster.jpg,wikipedia-infobox,103018,Heaven Can Wait (1978 film),2026-06-20T19:23:50+00:00
2780,"Raven, The (1963)","Raven, The",1963,https://en.wikipedia.org/wiki/Special:FilePath/RavenPoster.jpg,wikipedia-infobox,518687,The Raven (1963 film),2026-06-20T19:23:50+00:00
2781,"Tingler, The (1959)","Tingler, The",1959,https://en.wikipedia.org/wiki/Special:FilePath/Thetingler.jpg,wikipedia-infobox,2293612,The Tingler,2026-06-20T19:23:51+00:00
2782,Pit and the Pendulum (1961),Pit and the Pendulum,1961,https://en.wikipedia.org/wiki/Special:FilePath/The_Pit_and_the_Pendulum_%281961_film%29_poster.jpg,wikipedia-infobox,5422414,The Pit and the Pendulum (1961 film),2026-06-20T19:23:50+00:00
2783,"Tomb of Ligeia, The (1965)","Tomb of Ligeia, The",1965,https://m.media-amazon.com/images/M/MV5BNjgxNTM0Nzk0OV5BMl5BanBnXkFtZTcwMTgyMTM4NA@@._V1_.jpg,imdb-suggest,tt0059821,The Tomb of Ligeia,2026-06-21T07:25:31+00:00
2784,"Masque of the Red Death, The (1964)","Masque of the Red Death, The",1964,https://en.wikipedia.org/wiki/Special:FilePath/MasqueOfTheRedDeath%281964film%29.jpg,wikipedia-infobox,4196905,The Masque of the Red Death (1964 film),2026-06-20T19:23:50+00:00
2785,Tales of Terror (1962),Tales of Terror,1962,https://en.wikipedia.org/wiki/Special:FilePath/Tales_of_Terror_1962_poster.jpg,wikipedia-infobox,3135608,Tales of Terror,2026-06-20T19:23:50+00:00
2786,Haunted Honeymoon (1986),Haunted Honeymoon,1986,https://en.wikipedia.org/wiki/Special:FilePath/Haunted_honeymoon.jpg,wikipedia-infobox,2046787,Haunted Honeymoon,2026-06-20T19:23:51+00:00
2787,Cat's Eye (1985),Cat's Eye,1985,https://en.wikipedia.org/wiki/Special:FilePath/Cat%27s_Eye_%28poster%29.JPG,wikipedia-infobox,533515,Cat's Eye (1985 film),2026-06-20T19:23:50+00:00
2788,And Now for Something Completely Different (1971),And Now for Something Completely Different,1971,https://en.wikipedia.org/wiki/Special:FilePath/And_Now_for_Something_Completely_Different_UK_quad_poster.jpg,wikipedia-infobox,588698,And Now for Something Completely Different,2026-06-20T19:24:02+00:00
2789,Damien: Omen II (1978),Damien: Omen II,1978,https://en.wikipedia.org/wiki/Special:FilePath/DamienomenII.jpg,wikipedia-infobox,2251161,Damien – Omen II,2026-06-20T19:24:02+00:00
2790,"Final Conflict, The (a.k.a. Omen III: The Final Conflict) (1981)","Final Conflict, The (a.k.a. Omen III: The Final Conflict)",1981,https://en.wikipedia.org/wiki/Special:FilePath/omen_III_the_final_conflict.jpg,wikipedia-infobox,2474297,The Final Conflict (film),2026-06-20T20:40:05+00:00
2791,Airplane! (1980),Airplane!,1980,https://en.wikipedia.org/wiki/Special:FilePath/Airplane%21_%281980_film%29.jpg,wikipedia-infobox,46505,Airplane!,2026-06-20T19:24:02+00:00
2792,Airplane II: The Sequel (1982),Airplane II: The Sequel,1982,https://en.wikipedia.org/wiki/Special:FilePath/Airplane_II_The_Sequel_poster.jpg,wikipedia-infobox,1763713,Airplane II: The Sequel,2026-06-20T19:24:02+00:00
2793,"American Werewolf in Paris, An (1997)","American Werewolf in Paris, An",1997,https://en.wikipedia.org/wiki/Special:FilePath/ParisWerewolf.jpg,wikipedia-infobox,737840,An American Werewolf in Paris,2026-06-20T19:24:02+00:00
2794,European Vacation (1985),European Vacation,1985,https://en.wikipedia.org/wiki/Special:FilePath/European_Vacation.jpg,wikipedia-infobox,1852179,National Lampoon's European Vacation,2026-06-20T19:24:02+00:00
2795,Vacation (1983),Vacation,1983,https://en.wikipedia.org/wiki/Special:FilePath/Vacation1983.jpg,wikipedia-infobox,511622,National Lampoon's Vacation,2026-06-20T19:23:53+00:00
2796,Funny Farm (1988),Funny Farm,1988,https://en.wikipedia.org/wiki/Special:FilePath/funny_farm_%28film_poster%29.jpg,wikipedia-infobox,6899017,Funny Farm (film),2026-06-20T19:24:02+00:00
2797,Big (1988),Big,1988,https://en.wikipedia.org/wiki/Special:FilePath/Big_Poster.jpg,wikipedia-infobox,38444154,Big (film),2026-06-20T19:23:53+00:00
2798,Problem Child (1990),Problem Child,1990,https://en.wikipedia.org/wiki/Special:FilePath/Problem_Child.JPG,wikipedia-infobox,304725,Problem Child (film),2026-06-20T19:23:53+00:00
2799,Problem Child 2 (1991),Problem Child 2,1991,https://en.wikipedia.org/wiki/Special:FilePath/Problem_child_two_poster.jpg,wikipedia-infobox,685931,Problem Child 2,2026-06-20T19:24:02+00:00
2800,Little Nemo: Adventures in Slumberland (1992),Little Nemo: Adventures in Slumberland,1992,https://m.media-amazon.com/images/M/MV5BOWVmOGI2M2MtNzc3NC00NzI4LWI2NmItMTNmZGFiNjZhYzVhXkEyXkFqcGc@._V1_.jpg,imdb-suggest,tt0104740,Little Nemo: Adventures in Slumberland,2026-06-21T07:25:31+00:00
2801,Oscar and Lucinda (a.k.a. Oscar & Lucinda) (1997),Oscar and Lucinda (a.k.a. Oscar & Lucinda),1997,https://en.wikipedia.org/wiki/Special:FilePath/Oscar_and_Lucinda_Poster.jpg,wikipedia-infobox,21922672,Oscar and Lucinda (film),2026-06-20T20:40:06+00:00
2802,Tequila Sunrise (1988),Tequila Sunrise,1988,https://en.wikipedia.org/wiki/Special:FilePath/Tequila-sunrise1988.jpg,wikipedia-infobox,957942,Tequila Sunrise (film),2026-06-20T19:24:02+00:00
2803,"Pelican Brief, The (1993)","Pelican Brief, The",1993,https://en.wikipedia.org/wiki/Special:FilePath/The_Pelican_Brief.jpg,wikipedia-infobox,5123756,The Pelican Brief (film),2026-06-20T19:24:02+00:00
2804,"Christmas Story, A (1983)","Christmas Story, A",1983,https://en.wikipedia.org/wiki/Special:FilePath/A_Christmas_Story_film_poster.jpg,wikipedia-infobox,932424,A Christmas Story,2026-06-20T19:23:53+00:00
2805,Mickey Blue Eyes (1999),Mickey Blue Eyes,1999,https://en.wikipedia.org/wiki/Special:FilePath/Mickey_blue_eyes_poster.jpg,wikipedia-infobox,1036703,Mickey Blue Eyes,2026-06-20T19:24:02+00:00
2806,Teaching Mrs. Tingle (1999),Teaching Mrs. Tingle,1999,https://en.wikipedia.org/wiki/Special:FilePath/Teaching_Mrs_Tingle.jpg,wikipedia-infobox,781219,Teaching Mrs. Tingle,2026-06-20T19:24:02+00:00
2807,Universal Soldier: The Return (1999),Universal Soldier: The Return,1999,https://en.wikipedia.org/wiki/Special:FilePath/Universalsoldier2.jpg,wikipedia-infobox,4501185,Universal Soldier: The Return,2026-06-20T19:24:02+00:00
2808,Universal Soldier (1992),Universal Soldier,1992,https://en.wikipedia.org/wiki/Special:FilePath/Universal_soldier_ver1.jpg,wikipedia-infobox,3948455,Universal Soldier (1992 film),2026-06-20T19:25:40+00:00
2809,Love Stinks (1999),Love Stinks,1999,https://en.wikipedia.org/wiki/Special:FilePath/Love_Stinks_poster.jpg,wikipedia-infobox,2592877,Love Stinks (film),2026-06-20T19:25:41+00:00
2810,Perfect Blue (1997),Perfect Blue,1997,https://en.wikipedia.org/wiki/Special:FilePath/Perfectblueposter.png,wikipedia-infobox,298566,Perfect Blue,2026-06-20T19:25:41+00:00
2811,With Friends Like These... (1998),With Friends Like These...,1998,https://en.wikipedia.org/wiki/Special:FilePath/With_Friends_Like_These....jpg,wikipedia-infobox,7992323,With Friends Like These...,2026-06-20T19:25:41+00:00
2812,In Too Deep (1999),In Too Deep,1999,https://en.wikipedia.org/wiki/Special:FilePath/Intoodeepposter.jpg,wikipedia-infobox,3137903,In Too Deep (1999 film),2026-06-20T19:25:40+00:00
2813,"Source, The (1999)","Source, The",1999,https://m.media-amazon.com/images/M/MV5BMTk4NjUxMzgxNV5BMl5BanBnXkFtZTcwMzYwNzYxMQ@@._V1_.jpg,imdb-suggest,tt0181833,The Source,2026-06-21T07:16:28+00:00
2814,"Bat, The (1959)","Bat, The",1959,https://en.wikipedia.org/wiki/Special:FilePath/Thebat_2poster.jpg,wikipedia-infobox,2034460,The Bat (1959 film),2026-06-20T19:25:40+00:00
2815,Iron Eagle (1986),Iron Eagle,1986,https://en.wikipedia.org/wiki/Special:FilePath/Iron_eagle.jpg,wikipedia-infobox,153372,Iron Eagle,2026-06-20T19:25:41+00:00
2816,Iron Eagle II (1988),Iron Eagle II,1988,https://en.wikipedia.org/wiki/Special:FilePath/Iron_eagle_ii.jpg,wikipedia-infobox,6942006,Iron Eagle II,2026-06-20T19:25:41+00:00
2817,Aces: Iron Eagle III (1992),Aces: Iron Eagle III,1992,https://en.wikipedia.org/wiki/Special:FilePath/Aces_iron_eagle_iii.jpg,wikipedia-infobox,5239234,Aces: Iron Eagle III,2026-06-20T19:25:41+00:00
2818,Iron Eagle IV (1995),Iron Eagle IV,1995,https://en.wikipedia.org/wiki/Special:FilePath/Iron_Eagle_on_the_Attack.jpg,wikipedia-infobox,13544172,Iron Eagle on the Attack,2026-06-20T19:25:41+00:00
2819,Three Days of the Condor (1975),Three Days of the Condor,1975,https://en.wikipedia.org/wiki/Special:FilePath/Three_Days_of_the_Condor_poster.JPG,wikipedia-infobox,470185,Three Days of the Condor,2026-06-20T19:25:41+00:00
2820,Hamlet (1964),Hamlet,1964,https://en.wikipedia.org/wiki/Special:FilePath/Hamletplakat.jpg,wikipedia-infobox,4000800,Hamlet (1964 film),2026-06-20T19:25:40+00:00
2821,Male and Female (1919),Male and Female,1919,https://en.wikipedia.org/wiki/Special:FilePath/Male_and_Female_%281919%29_poster.jpg,wikipedia-infobox,1957162,Male and Female,2026-06-20T19:25:41+00:00
2822,Medicine Man (1992),Medicine Man,1992,https://en.wikipedia.org/wiki/Special:FilePath/Medicine_man.jpg,wikipedia-infobox,2100492,Medicine Man (film),2026-06-20T19:25:41+00:00
2823,"Spiders, The (Die Spinnen, 1. Teil: Der Goldene See) (1919)","Spiders, The (Die Spinnen, 1. Teil: Der Goldene See)",1919,https://en.wikipedia.org/wiki/Special:FilePath/DerGoldeneSee.jpg,wikipedia-infobox,20942331,The Spiders (film),2026-06-20T20:40:04+00:00
2824,On the Ropes (1999),On the Ropes,1999,https://en.wikipedia.org/wiki/Special:FilePath/On_the_Ropes_1999_poster.jpg,wikipedia-infobox,2149433,On the Ropes (1999 film),2026-06-20T19:25:40+00:00
2825,Rosie (1998),Rosie,1998,https://en.wikipedia.org/wiki/Special:FilePath/Rosie_%281998_film%29.jpg,wikipedia-infobox,45042228,Rosie (1998 film),2026-06-20T19:25:40+00:00
2826,"13th Warrior, The (1999)","13th Warrior, The",1999,https://en.wikipedia.org/wiki/Special:FilePath/13thwarriorposter.jpg,wikipedia-infobox,89818,The 13th Warrior,2026-06-20T19:25:41+00:00
2827,"Astronaut's Wife, The (1999)","Astronaut's Wife, The",1999,https://en.wikipedia.org/wiki/Special:FilePath/AstronautWife.jpg,wikipedia-infobox,2207640,The Astronaut's Wife,2026-06-20T19:25:41+00:00
2828,Dudley Do-Right (1999),Dudley Do-Right,1999,https://en.wikipedia.org/wiki/Special:FilePath/Dudley_Do-Right.png,wikipedia-infobox,256388,Dudley Do-Right,2026-06-20T19:27:19+00:00
2829,"Muse, The (1999)","Muse, The",1999,https://en.wikipedia.org/wiki/Special:FilePath/museposter.jpg,wikipedia-infobox,4143733,The Muse (1999 film),2026-06-20T19:27:18+00:00
2830,Cabaret Balkan (Bure Baruta) (1998),Cabaret Balkan (Bure Baruta),1998,https://en.wikipedia.org/wiki/Special:FilePath/Cabaret_Balkan.jpg,wikipedia-infobox,4639173,Cabaret Balkan,2026-06-20T20:40:05+00:00
2831,"Dog of Flanders, A (1999)","Dog of Flanders, A",1999,https://en.wikipedia.org/wiki/Special:FilePath/A_Dog_of_Flanders_1999.jpg,wikipedia-infobox,25910532,A Dog of Flanders (1999 film),2026-06-20T19:27:18+00:00
2833,Lucie Aubrac (1997),Lucie Aubrac,1997,https://en.wikipedia.org/wiki/Special:FilePath/Lucie_aubrac.jpg,wikipedia-infobox,1144365,Lucie Aubrac,2026-06-20T19:27:19+00:00
2834,"Very Thought of You, The (1998)","Very Thought of You, The",1998,https://en.wikipedia.org/wiki/Special:FilePath/MarthaMeetPoster.jpg,wikipedia-infobox,1425779,"Martha, Meet Frank, Daniel and Laurence",2026-06-20T19:27:18+00:00
2835,Chill Factor (1999),Chill Factor,1999,https://en.wikipedia.org/wiki/Special:FilePath/Chill_factor_poster.jpg,wikipedia-infobox,14261075,Chill Factor (film),2026-06-20T19:27:18+00:00
2836,Outside Providence (1999),Outside Providence,1999,https://en.wikipedia.org/wiki/Special:FilePath/Outsideprovidence.jpg,wikipedia-infobox,6809250,Outside Providence (film),2026-06-20T19:27:18+00:00
2837,Bedrooms & Hallways (1998),Bedrooms & Hallways,1998,https://m.media-amazon.com/images/M/MV5BZWU4MDFjNmYtOTA4Mi00MTc3LWE0MDUtYjJlZmQyZDVhMWFmXkEyXkFqcGc@._V1_.jpg,imdb-suggest,tt0126810,Bedrooms and Hallways,2026-06-21T07:16:30+00:00
2839,West Beirut (West Beyrouth) (1998),West Beirut (West Beyrouth),1998,https://en.wikipedia.org/wiki/Special:FilePath/West_Beirut.jpg,wikipedia-infobox,3061169,West Beirut (film),2026-06-20T20:40:05+00:00
2840,Stigmata (1999),Stigmata,1999,https://en.wikipedia.org/wiki/Special:FilePath/Stigmata_film.jpg,wikipedia-infobox,1167483,Stigmata (film),2026-06-20T19:27:19+00:00
2841,Stir of Echoes (1999),Stir of Echoes,1999,https://en.wikipedia.org/wiki/Special:FilePath/Stir_of_Echoes.png,wikipedia-infobox,1577984,Stir of Echoes,2026-06-20T19:27:19+00:00
2842,Best Laid Plans (1999),Best Laid Plans,1999,https://en.wikipedia.org/wiki/Special:FilePath/Best_Laid_Plans.jpg,wikipedia-infobox,3879782,Best Laid Plans (1999 film),2026-06-20T19:27:18+00:00
2843,"Black Cat, White Cat (Crna macka, beli macor) (1998)","Black Cat, White Cat (Crna macka, beli macor)",1998,https://en.wikipedia.org/wiki/Special:FilePath/Black_Cat%2C_White_Cat_poster.jpg,wikipedia-infobox,1031231,"Black Cat, White Cat",2026-06-20T20:40:05+00:00
2844,"Minus Man, The (1999)","Minus Man, The",1999,https://en.wikipedia.org/wiki/Special:FilePath/Minus_man_ver2.jpg,wikipedia-infobox,1385323,The Minus Man,2026-06-20T19:27:19+00:00
2845,White Boys (1999),White Boys,1999,https://m.media-amazon.com/images/M/MV5BNmE0N2E0NWMtNDEzMS00NmYwLTg3ODItODgyMjcxMTBhMDE1XkEyXkFqcGc@._V1_.jpg,imdb-suggest,tt0178988,Whiteboyz,2026-06-21T07:16:31+00:00
2846,"Adventures of Milo and Otis, The (1986)","Adventures of Milo and Otis, The",1986,https://en.wikipedia.org/wiki/Special:FilePath/Koneko_Monogatari_poster.jpg,wikipedia-infobox,497890,The Adventures of Milo and Otis,2026-06-20T19:27:19+00:00
2847,Only Angels Have Wings (1939),Only Angels Have Wings,1939,https://en.wikipedia.org/wiki/Special:FilePath/Only_Angels_Have_Wings_%281939_poster%29.jpg,wikipedia-infobox,1903318,Only Angels Have Wings,2026-06-20T19:27:19+00:00
2848,Othello (1952),Othello,1952,https://m.media-amazon.com/images/M/MV5BMDViYTFjYmEtYWJjZC00MTJmLTliMzgtZDk3NWU0ODA1ODMyXkEyXkFqcGc@._V1_.jpg,imdb-suggest,tt0045251,Othello,2026-06-21T07:25:31+00:00
2849,Queens Logic (1991),Queens Logic,1991,https://en.wikipedia.org/wiki/Special:FilePath/Queenslogicposter.jpg,wikipedia-infobox,13547387,Queens Logic,2026-06-20T19:27:19+00:00
2850,Public Access (1993),Public Access,1993,https://en.wikipedia.org/wiki/Special:FilePath/Public_Access_poster.jpg,wikipedia-infobox,3649554,Public Access (1993 film),2026-06-20T19:27:21+00:00
2851,Saturn 3 (1979),Saturn 3,1979,https://m.media-amazon.com/images/M/MV5BMzc1NjVmNGEtMzU2ZS00MjI5LWJhODYtMzMzN2VkNjc2NTU3XkEyXkFqcGc@._V1_.jpg,imdb-suggest,tt0079285,Saturn 3,2026-06-21T07:25:31+00:00
2852,"Soldier's Story, A (1984)","Soldier's Story, A",1984,https://en.wikipedia.org/wiki/Special:FilePath/Soldiers_story_poster.jpg,wikipedia-infobox,113451,A Soldier's Story,2026-06-20T19:27:22+00:00
2853,"Communion (a.k.a. Alice, Sweet Alice/Holy Terror) (1977)","Communion (a.k.a. Alice, Sweet Alice/Holy Terror)",1977,https://m.media-amazon.com/images/M/MV5BMDdiYzQyMDUtOTQxZS00MmQ5LWEyNmMtODI3N2NiNWMwYmE4XkEyXkFqcGc@._V1_.jpg,imdb-suggest,tt0074336,La communion solennelle,2026-06-21T07:16:36+00:00
2854,Don't Look in the Basement! (1973),Don't Look in the Basement!,1973,https://en.wikipedia.org/wiki/Special:FilePath/Don%27t_Look_in_the_Basement.jpg,wikipedia-infobox,6901519,The Forgotten (1973 film),2026-06-20T19:27:22+00:00
2855,Nightmares (1983),Nightmares,1983,https://en.wikipedia.org/wiki/Special:FilePath/Nightmares1983.jpg,wikipedia-infobox,2276238,Nightmares (1983 film),2026-06-20T19:27:21+00:00
2856,I Saw What You Did (1965),I Saw What You Did,1965,https://en.wikipedia.org/wiki/Special:FilePath/I_Saw_What_You_Did_%281965%29_poster.jpg,wikipedia-infobox,4237665,I Saw What You Did,2026-06-20T19:27:22+00:00
2857,Yellow Submarine (1968),Yellow Submarine,1968,https://en.wikipedia.org/wiki/Special:FilePath/Beatles_Yellow_Submarine_move_poster.jpg,wikipedia-infobox,2422489,Yellow Submarine (film),2026-06-20T19:27:21+00:00
2858,American Beauty (1999),American Beauty,1999,https://en.wikipedia.org/wiki/Special:FilePath/American_Beauty_1999_film_poster.jpg,wikipedia-infobox,44122,American Beauty (1999 film),2026-06-20T19:27:21+00:00
2859,Stop Making Sense (1984),Stop Making Sense,1984,https://en.wikipedia.org/wiki/Special:FilePath/Stop_making_sense_poster_original.jpg,wikipedia-infobox,1471831,Stop Making Sense,2026-06-20T19:27:22+00:00
2860,Blue Streak (1999),Blue Streak,1999,https://en.wikipedia.org/wiki/Special:FilePath/Blue_Streak_film_poster.jpg,wikipedia-infobox,708479,Blue Streak (film),2026-06-20T19:27:23+00:00
2861,For Love of the Game (1999),For Love of the Game,1999,https://en.wikipedia.org/wiki/Special:FilePath/For_Love_of_the_Game_%281999_film%29_poster.jpg,wikipedia-infobox,1231856,For Love of the Game (film),2026-06-20T19:27:23+00:00
2862,Caligula (1980),Caligula,1980,https://en.wikipedia.org/wiki/Special:FilePath/Caligula.Carlsberg_Glyptotek.%28cropped%29.jpg,wikipedia-infobox,6852,Caligula,2026-06-20T19:27:22+00:00
2863,"Hard Day's Night, A (1964)","Hard Day's Night, A",1964,https://en.wikipedia.org/wiki/Special:FilePath/A_Hard_Days_night_movieposter.jpg,wikipedia-infobox,248601,A Hard Day's Night (film),2026-06-20T19:27:23+00:00
2864,Splendor (1999),Splendor,1999,https://en.wikipedia.org/wiki/Special:FilePath/Splendor_%281999_film%29_poster.jpg,wikipedia-infobox,26147476,Splendor (1999 film),2026-06-20T19:27:21+00:00
2865,Sugar Town (1999),Sugar Town,1999,https://en.wikipedia.org/wiki/Special:FilePath/SugarTown_Film_Poster.jpg,wikipedia-infobox,6127063,Sugar Town (film),2026-06-20T19:27:23+00:00
2866,"Buddy Holly Story, The (1978)","Buddy Holly Story, The",1978,https://en.wikipedia.org/wiki/Special:FilePath/Buddy_holly_story_cover.jpg,wikipedia-infobox,164359,The Buddy Holly Story,2026-06-20T19:27:22+00:00
2867,Fright Night (1985),Fright Night,1985,https://en.wikipedia.org/wiki/Special:FilePath/Fright_night_poster.jpg,wikipedia-infobox,1123132,Fright Night,2026-06-20T19:27:21+00:00
2868,Fright Night Part II (1989),Fright Night Part II,1989,https://m.media-amazon.com/images/M/MV5BNTY1ODVjNTgtMWM0MC00ZGVjLTk0YmMtMTY1OWUzYTUzMjEyXkEyXkFqcGc@._V1_.jpg,imdb-suggest,tt0097390,Fright Night Part 2,2026-06-21T07:25:31+00:00
2869,"Separation, The (La Séparation) (1994)","Separation, The (La Séparation)",1994,https://en.wikipedia.org/wiki/Special:FilePath/La_S%C3%A9paration.jpg,wikipedia-infobox,4358039,La Séparation,2026-06-20T20:41:01+00:00
2870,Barefoot in the Park (1967),Barefoot in the Park,1967,https://en.wikipedia.org/wiki/Special:FilePath/Image-BarefootPoster.jpg,wikipedia-infobox,607156,Barefoot in the Park,2026-06-20T19:27:25+00:00
2871,Deliverance (1972),Deliverance,1972,https://en.wikipedia.org/wiki/Special:FilePath/Deliverance_poster.jpg,wikipedia-infobox,101899,Deliverance,2026-06-20T19:27:24+00:00
2872,Excalibur (1981),Excalibur,1981,https://en.wikipedia.org/wiki/Special:FilePath/Excalibur_movie_poster.jpg,wikipedia-infobox,250699,Excalibur (film),2026-06-20T19:27:24+00:00
2873,Lulu on the Bridge (1998),Lulu on the Bridge,1998,https://en.wikipedia.org/wiki/Special:FilePath/Lulu_poster.jpg,wikipedia-infobox,2547497,Lulu on the Bridge,2026-06-20T19:27:25+00:00
2874,"Pajama Game, The (1957)","Pajama Game, The",1957,https://en.wikipedia.org/wiki/Special:FilePath/ThePajamaGame1954.jpg,wikipedia-infobox,538002,The Pajama Game,2026-06-20T19:27:25+00:00
2875,Sommersby (1993),Sommersby,1993,https://en.wikipedia.org/wiki/Special:FilePath/Sommersby_%28movie_poster%29.jpg,wikipedia-infobox,977671,Sommersby,2026-06-20T19:27:25+00:00
2876,Thumbelina (1994),Thumbelina,1994,https://en.wikipedia.org/wiki/Special:FilePath/DonBluthThumbelina.jpg,wikipedia-infobox,3469003,Thumbelina (1994 film),2026-06-20T19:27:24+00:00
2877,Tommy (1975),Tommy,1975,https://en.wikipedia.org/wiki/Special:FilePath/Tommy_film_poster.jpg,wikipedia-infobox,1221714,Tommy (1975 film),2026-06-20T19:27:24+00:00
2878,Hell Night (1981),Hell Night,1981,https://en.wikipedia.org/wiki/Special:FilePath/Hell-night-1981.jpg,wikipedia-infobox,4083283,Hell Night,2026-06-20T19:27:25+00:00
2879,Operation Condor (Feiying gaiwak) (1990),Operation Condor (Feiying gaiwak),1990,https://m.media-amazon.com/images/M/MV5BZmU2ODFkNjQtMmQ0Ni00ZGJiLTg4NzktYjJlNzFkNjAyNmU1XkEyXkFqcGc@._V1_.jpg,imdb-suggest,tt21154192,Operation Condor,2026-06-21T07:25:32+00:00
2880,Operation Condor 2 (Longxiong hudi) (1990),Operation Condor 2 (Longxiong hudi),1990,https://m.media-amazon.com/images/M/MV5BZjBlYWM0OGEtZTc4NC00YzRkLWI2MDgtY2M0NGY5MmJhMTlhXkEyXkFqcGc@._V1_.jpg,imdb-suggest,tt0385919,Operación Cóndor,2026-06-21T07:25:32+00:00
2881,Double Jeopardy (1999),Double Jeopardy,1999,https://en.wikipedia.org/wiki/Special:FilePath/Doublejeopardyposter.jpg,wikipedia-infobox,818002,Double Jeopardy (1999 film),2026-06-20T19:27:24+00:00
2882,Jakob the Liar (1999),Jakob the Liar,1999,https://en.wikipedia.org/wiki/Special:FilePath/Jakob_the_liar_poster.jpg,wikipedia-infobox,3574823,Jakob the Liar,2026-06-20T19:27:25+00:00
2883,Mumford (1999),Mumford,1999,https://en.wikipedia.org/wiki/Special:FilePath/Mumford.jpg,wikipedia-infobox,4489906,Mumford (film),2026-06-20T19:27:26+00:00
2884,Dog Park (1998),Dog Park,1998,https://en.wikipedia.org/wiki/Special:FilePath/Dog_Park_FilmPoster.jpeg,wikipedia-infobox,761361,Dog Park (film),2026-06-20T19:27:26+00:00
2885,Guinevere (1999),Guinevere,1999,https://en.wikipedia.org/wiki/Special:FilePath/Guinevere_poster.jpg,wikipedia-infobox,847589,Guinevere (1999 film),2026-06-20T14:12:22+00:00
2886,"Adventures of Elmo in Grouchland, The (1999)","Adventures of Elmo in Grouchland, The",1999,https://en.wikipedia.org/wiki/Special:FilePath/Elmo_in_Grouchland_Movie_Poster.jpg,wikipedia-infobox,217784,The Adventures of Elmo in Grouchland,2026-06-20T14:12:23+00:00
2887,Simon Sez (1999),Simon Sez,1999,https://en.wikipedia.org/wiki/Special:FilePath/Poster_of_the_movie_Simon_Sez.jpg,wikipedia-infobox,3298253,Simon Sez,2026-06-20T14:12:23+00:00
2888,Drive Me Crazy (1999),Drive Me Crazy,1999,https://en.wikipedia.org/wiki/Special:FilePath/Drive_me_crazy_poster.jpg,wikipedia-infobox,3492280,Drive Me Crazy,2026-06-20T14:12:23+00:00
2889,"Mystery, Alaska (1999)","Mystery, Alaska",1999,https://en.wikipedia.org/wiki/Special:FilePath/MysteryPoster.jpg,wikipedia-infobox,2825783,"Mystery, Alaska",2026-06-20T14:12:23+00:00
2890,Three Kings (1999),Three Kings,1999,https://en.wikipedia.org/wiki/Special:FilePath/Three_Kings_%28film%29_poster_art.jpg,wikipedia-infobox,192461,Three Kings (1999 film),2026-06-20T14:12:22+00:00
2891,"Happy, Texas (1999)","Happy, Texas",1999,https://en.wikipedia.org/wiki/Special:FilePath/Happy_texas_poster.jpg,wikipedia-infobox,2763233,"Happy, Texas (film)",2026-06-20T14:12:23+00:00
2892,New Rose Hotel (1998),New Rose Hotel,1998,https://en.wikipedia.org/wiki/Special:FilePath/New_rose_hotel-dvd.jpg,wikipedia-infobox,612710,New Rose Hotel (film),2026-06-20T14:12:22+00:00
2893,Plunkett & MaCleane (1999),Plunkett & MaCleane,1999,https://en.wikipedia.org/wiki/Special:FilePath/Plunkett_%26_Macleane.JPG,wikipedia-infobox,Q137130,Plunkett & Macleane,2026-06-20T14:12:53+00:00
2894,Romance (1999),Romance,1999,https://en.wikipedia.org/wiki/Special:FilePath/Romance-x-poster.jpg,wikipedia-infobox,569867,Romance (1999 film),2026-06-20T14:12:22+00:00
2895,Napoleon and Samantha (1972),Napoleon and Samantha,1972,https://en.wikipedia.org/wiki/Special:FilePath/Napoleon_and_Samantha_film.jpg,wikipedia-infobox,1014229,Napoleon and Samantha,2026-06-20T14:12:23+00:00
2896,Alvarez Kelly (1966),Alvarez Kelly,1966,https://en.wikipedia.org/wiki/Special:FilePath/Alvarez_Kelly_poster.jpg,wikipedia-infobox,13210849,Alvarez Kelly,2026-06-20T14:12:23+00:00
2897,And the Ship Sails On (E la nave va) (1984),And the Ship Sails On (E la nave va),1984,https://m.media-amazon.com/images/M/MV5BNGI3Yjc0ODAtOWZkNy00ZjBkLThiMWYtZDkzNDYyOTgzNWI0XkEyXkFqcGc@._V1_.jpg,imdb-suggest,tt0087188,The Ship Sails On,2026-06-21T07:25:32+00:00
2898,"Dark Half, The (1993)","Dark Half, The",1993,https://en.wikipedia.org/wiki/Special:FilePath/darkhalf.jpg,wikipedia-infobox,862059,The Dark Half,2026-06-20T14:12:23+00:00
2899,Gulliver's Travels (1939),Gulliver's Travels,1939,https://en.wikipedia.org/wiki/Special:FilePath/Gullivers_travel_poster_3.jpg,wikipedia-infobox,5649709,Gulliver's Travels (1939 film),2026-06-20T14:12:22+00:00
2900,Monkey Shines (1988),Monkey Shines,1988,https://en.wikipedia.org/wiki/Special:FilePath/Monkey_Shines_book_art.jpg,wikipedia-infobox,62951945,Monkey Shines,2026-06-20T14:12:23+00:00
2901,Phantasm (1979),Phantasm,1979,https://en.wikipedia.org/wiki/Special:FilePath/phantasm.jpg,wikipedia-infobox,1802400,Phantasm (film),2026-06-20T14:12:23+00:00
2902,Psycho II (1983),Psycho II,1983,https://en.wikipedia.org/wiki/Special:FilePath/Psycho_ii.jpg,wikipedia-infobox,2097287,Psycho II (film),2026-06-20T14:12:23+00:00
2903,Psycho III (1986),Psycho III,1986,https://en.wikipedia.org/wiki/Special:FilePath/Psycho_3_poster.jpg,wikipedia-infobox,2097338,Psycho III,2026-06-20T14:12:23+00:00
2904,Rain (1932),Rain,1932,https://en.wikipedia.org/wiki/Special:FilePath/Rain_1932_film.jpg,wikipedia-infobox,2559713,Rain (1932 film),2026-06-20T14:12:22+00:00
2905,Sanjuro (1962),Sanjuro,1962,https://en.wikipedia.org/wiki/Special:FilePath/SanjuroPoster.jpg,wikipedia-infobox,180241,Sanjuro,2026-06-20T14:12:23+00:00
2906,Random Hearts (1999),Random Hearts,1999,https://en.wikipedia.org/wiki/Special:FilePath/RandomHeartsfilm.jpg,wikipedia-infobox,24584915,Random Hearts,2026-06-20T14:12:23+00:00
2907,Superstar (1999),Superstar,1999,https://en.wikipedia.org/wiki/Special:FilePath/Superstarmovieposter.jpg,wikipedia-infobox,1766274,Superstar (1999 film),2026-06-20T14:12:22+00:00
2908,Boys Don't Cry (1999),Boys Don't Cry,1999,https://en.wikipedia.org/wiki/Special:FilePath/Boys_Don%27t_Cry_%281999%29.png,wikipedia-infobox,543162,Boys Don't Cry (1999 film),2026-06-20T14:12:22+00:00
2909,"Five Wives, Three Secretaries and Me (1998)","Five Wives, Three Secretaries and Me",1998,https://m.media-amazon.com/images/M/MV5BMTM1MzM4NzMwOV5BMl5BanBnXkFtZTcwODE4MTAyMQ@@._V1_.jpg,imdb-suggest,tt0150574,"Five Wives, Three Secretaries and Me",2026-06-21T07:16:58+00:00
2911,"Grandfather, The (El Abuelo) (1998)","Grandfather, The (El Abuelo)",1998,https://en.wikipedia.org/wiki/Special:FilePath/El_abuelo.jpg,wikipedia-infobox,12812712,The Grandfather (1998 film),2026-06-20T20:40:07+00:00
2912,"Limey, The (1999)","Limey, The",1999,https://en.wikipedia.org/wiki/Special:FilePath/Limeyposter.jpg,wikipedia-infobox,491323,The Limey,2026-06-20T14:12:23+00:00
2913,"Mating Habits of the Earthbound Human, The (1998)","Mating Habits of the Earthbound Human, The",1998,https://en.wikipedia.org/wiki/Special:FilePath/The_Mating_Habits_of_the_Earthbound_Human.jpg,wikipedia-infobox,5715101,The Mating Habits of the Earthbound Human,2026-06-20T14:12:23+00:00
2914,Molly (1999),Molly,1999,https://en.wikipedia.org/wiki/Special:FilePath/Mollyposter99.jpg,wikipedia-infobox,4032727,Molly (1999 film),2026-06-20T14:12:22+00:00
2915,Risky Business (1983),Risky Business,1983,https://en.wikipedia.org/wiki/Special:FilePath/Risky_Business.jpg,wikipedia-infobox,561226,Risky Business,2026-06-20T14:12:22+00:00
2916,Total Recall (1990),Total Recall,1990,https://en.wikipedia.org/wiki/Special:FilePath/Total_Recall_%281990_film%29_poster.jpg,wikipedia-infobox,55325,Total Recall (1990 film),2026-06-20T14:12:22+00:00
2917,Body Heat (1981),Body Heat,1981,https://en.wikipedia.org/wiki/Special:FilePath/Body_heat_ver1.jpg,wikipedia-infobox,540654,Body Heat,2026-06-20T14:12:23+00:00
2918,Ferris Bueller's Day Off (1986),Ferris Bueller's Day Off,1986,https://en.wikipedia.org/wiki/Special:FilePath/Ferris_Bueller%27s_Day_Off.jpg,wikipedia-infobox,88326,Ferris Bueller's Day Off,2026-06-20T14:12:23+00:00
2919,Year of Living Dangerously (1982),Year of Living Dangerously,1982,https://en.wikipedia.org/wiki/Special:FilePath/Year_of_living_dangerously.jpg,wikipedia-infobox,Q505148,The Year of Living Dangerously,2026-06-20T14:12:53+00:00
2920,Children of Paradise (Les enfants du paradis) (1945),Children of Paradise (Les enfants du paradis),1945,https://en.wikipedia.org/wiki/Special:FilePath/Childrenofparadise.png,wikipedia-infobox,754810,Children of Paradise,2026-06-20T20:41:01+00:00
2921,High Plains Drifter (1972),High Plains Drifter,1972,https://en.wikipedia.org/wiki/Special:FilePath/High_Plains_Drifter_poster.jpg,wikipedia-infobox,1345521,High Plains Drifter,2026-06-20T14:12:23+00:00
2922,Hang 'em High (1967),Hang 'em High,1967,https://en.wikipedia.org/wiki/Special:FilePath/Hang_Em_High.jpg,wikipedia-infobox,3156200,Hang 'Em High,2026-06-20T14:12:23+00:00
2923,Citizen's Band (a.k.a. Handle with Care) (1977),Citizen's Band (a.k.a. Handle with Care),1977,https://en.wikipedia.org/wiki/Special:FilePath/Handle-with-care-citizens-band-1977.jpg,wikipedia-infobox,2071291,Handle with Care (1977 film),2026-06-20T20:40:08+00:00
2924,Drunken Master (Zui quan) (1979),Drunken Master (Zui quan),1979,https://m.media-amazon.com/images/M/MV5BMTYyOTkwNTc1OV5BMl5BanBnXkFtZTcwMDUyNTMyMQ@@._V1_.jpg,imdb-suggest,tt0184620,Mean Drunken Master,2026-06-21T07:17:00+00:00
2925,"Conformist, The (Il Conformista) (1970)","Conformist, The (Il Conformista)",1970,https://en.wikipedia.org/wiki/Special:FilePath/The_Conformist_poster.jpg,wikipedia-infobox,10457303,The Conformist (1970 film),2026-06-20T20:40:08+00:00
2926,Hairspray (1988),Hairspray,1988,https://en.wikipedia.org/wiki/Special:FilePath/Hairspray_poster.jpg,wikipedia-infobox,1613987,Hairspray (1988 film),2026-06-20T14:12:56+00:00
2927,Brief Encounter (1946),Brief Encounter,1946,https://en.wikipedia.org/wiki/Special:FilePath/BriefEncounterPoster.jpg,wikipedia-infobox,70508,Brief Encounter,2026-06-20T14:12:57+00:00
2928,"Razor's Edge, The (1984)","Razor's Edge, The",1984,https://en.wikipedia.org/wiki/Special:FilePath/Razors_edge_84.jpg,wikipedia-infobox,6000889,The Razor's Edge (1984 film),2026-06-20T14:12:56+00:00
2929,Reds (1981),Reds,1981,https://en.wikipedia.org/wiki/Special:FilePath/Redsposter.jpg,wikipedia-infobox,45242,Reds (film),2026-06-20T14:12:58+00:00
2930,Return with Honor (1998),Return with Honor,1998,https://en.wikipedia.org/wiki/Special:FilePath/Poster_of_Return_with_Honor.jpg,wikipedia-infobox,24523884,Return with Honor,2026-06-20T14:12:57+00:00
2931,Time of the Gypsies (Dom za vesanje) (1989),Time of the Gypsies (Dom za vesanje),1989,https://m.media-amazon.com/images/M/MV5BOTRkOTAzMzQtN2JjYi00YmQzLTg1YTYtMzk0ZWQ5N2Q3MDIzXkEyXkFqcGc@._V1_.jpg,imdb-suggest,tt0097223,Time of the Gypsies,2026-06-21T07:25:33+00:00
2932,Days of Heaven (1978),Days of Heaven,1978,https://en.wikipedia.org/wiki/Special:FilePath/Daysofheavenposter.jpg,wikipedia-infobox,443718,Days of Heaven,2026-06-20T14:12:57+00:00
2933,"Fire Within, The (Le Feu Follet) (1963)","Fire Within, The (Le Feu Follet)",1963,https://en.wikipedia.org/wiki/Special:FilePath/Le_Feu_follet.jpg,wikipedia-infobox,8615916,The Fire Within,2026-06-20T20:41:02+00:00
2934,"Love Bewitched, A (El Amor Brujo) (1986)","Love Bewitched, A (El Amor Brujo)",1986,https://m.media-amazon.com/images/M/MV5BOTc4Y2Q4MWUtN2JhNC00NWExLTg1YmUtMzdlNTFkZDgzYjFjXkEyXkFqcGc@._V1_.jpg,imdb-suggest,tt0090636,El amor brujo,2026-06-21T07:17:11+00:00
2935,"Lady Eve, The (1941)","Lady Eve, The",1941,https://en.wikipedia.org/wiki/Special:FilePath/The_Lady_Eve_%281941_poster%29.jpeg,wikipedia-infobox,74858,The Lady Eve,2026-06-20T14:12:57+00:00
2936,Sullivan's Travels (1942),Sullivan's Travels,1942,https://en.wikipedia.org/wiki/Special:FilePath/Sullivan%27s_Travels_%281941_film%29_%E2%80%93_Style_B_poster.jpg,wikipedia-infobox,73402,Sullivan's Travels,2026-06-20T14:12:57+00:00
2937,"Palm Beach Story, The (1942)","Palm Beach Story, The",1942,https://en.wikipedia.org/wiki/Special:FilePath/The_Palm_Beach_Story_postr.jpg,wikipedia-infobox,2254144,The Palm Beach Story,2026-06-20T14:12:57+00:00
2938,Man Facing Southeast (Hombre Mirando al Sudeste) (1986),Man Facing Southeast (Hombre Mirando al Sudeste),1986,https://en.wikipedia.org/wiki/Special:FilePath/Man_Facing_Southeast_poster.jpg,wikipedia-infobox,21017735,Man Facing Southeast,2026-06-20T20:41:02+00:00
2939,Niagara (1953),Niagara,1953,https://en.wikipedia.org/wiki/Special:FilePath/Niagara_poster.jpg,wikipedia-infobox,1633705,Niagara (1953 film),2026-06-20T14:12:56+00:00
2940,Gilda (1946),Gilda,1946,https://en.wikipedia.org/wiki/Special:FilePath/Gilda_%281946_one-sheet_poster_-_Style_B%29.jpg,wikipedia-infobox,1673949,Gilda (film),2026-06-20T14:12:56+00:00
2941,South Pacific (1958),South Pacific,1958,https://en.wikipedia.org/wiki/Special:FilePath/Poster_of_the_movie_South_Pacific.jpg,wikipedia-infobox,11073939,South Pacific (1958 film),2026-06-20T14:12:56+00:00
2942,Flashdance (1983),Flashdance,1983,https://en.wikipedia.org/wiki/Special:FilePath/Flashdanceposter.jpg,wikipedia-infobox,168602,Flashdance,2026-06-20T14:12:57+00:00
2943,Indochine (1992),Indochine,1992,https://en.wikipedia.org/wiki/Special:FilePath/Indochine-movie-poster-1992-french.jpg,wikipedia-infobox,770277,Indochine (film),2026-06-20T14:12:58+00:00
2944,"Dirty Dozen, The (1967)","Dirty Dozen, The",1967,https://en.wikipedia.org/wiki/Special:FilePath/Dirty_moviep.jpg,wikipedia-infobox,309070,The Dirty Dozen,2026-06-20T14:12:57+00:00
2945,Mike's Murder (1984),Mike's Murder,1984,https://en.wikipedia.org/wiki/Special:FilePath/Mike%27s_Murder_FilmPoster.jpeg,wikipedia-infobox,22363271,Mike's Murder,2026-06-20T14:12:57+00:00
2946,Help! (1965),Help!,1965,https://en.wikipedia.org/wiki/Special:FilePath/Helponesheet.jpg,wikipedia-infobox,3869329,Help! (film),2026-06-20T14:12:58+00:00
2947,Goldfinger (1964),Goldfinger,1964,https://en.wikipedia.org/wiki/Special:FilePath/Goldfinger_-_UK_cinema_poster.jpg,wikipedia-infobox,6322029,Goldfinger (film),2026-06-20T14:12:56+00:00
2948,From Russia with Love (1963),From Russia with Love,1963,https://en.wikipedia.org/wiki/Special:FilePath/From_Russia_with_Love_%E2%80%93_UK_cinema_poster.jpg,wikipedia-infobox,6446071,From Russia with Love (film),2026-06-20T14:12:58+00:00
2949,Dr. No (1962),Dr. No,1962,https://en.wikipedia.org/wiki/Special:FilePath/Dr._No_-_UK_cinema_poster.jpg,wikipedia-infobox,6446053,Dr. No (film),2026-06-20T14:12:58+00:00
2950,"Blue Lagoon, The (1980)","Blue Lagoon, The",1980,https://en.wikipedia.org/wiki/Special:FilePath/blue_lagoon_1980_movie_poster.jpg,wikipedia-infobox,1134919,The Blue Lagoon (1980 film),2026-06-20T14:12:56+00:00
2951,"Fistful of Dollars, A (1964)","Fistful of Dollars, A",1964,https://en.wikipedia.org/wiki/Special:FilePath/Fistful-of-Dollars-poster.jpg,wikipedia-infobox,441926,A Fistful of Dollars,2026-06-20T14:12:57+00:00
2952,"Hard 8 (a.k.a. Sydney, a.k.a. Hard Eight) (1996)","Hard 8 (a.k.a. Sydney, a.k.a. Hard Eight)",1996,https://m.media-amazon.com/images/M/MV5BOWQyNjBiZWMtYzFjMS00ZDEzLWEyNTYtZGFiZDE4Mjk4M2E2XkEyXkFqcGc@._V1_.jpg,imdb-suggest,tt0119256,Hard Eight,2026-06-21T07:17:14+00:00
2953,Home Alone 2: Lost in New York (1992),Home Alone 2: Lost in New York,1992,https://en.wikipedia.org/wiki/Special:FilePath/Home_Alone_2.jpg,wikipedia-infobox,294998,Home Alone 2: Lost in New York,2026-06-20T14:12:57+00:00
2955,Penitentiary II (1982),Penitentiary II,1982,https://en.wikipedia.org/wiki/Special:FilePath/Penitentiary_II_poster.jpg,wikipedia-infobox,35826458,Penitentiary II,2026-06-20T14:12:57+00:00
2956,Someone to Watch Over Me (1987),Someone to Watch Over Me,1987,https://en.wikipedia.org/wiki/Special:FilePath/Someone_to_Watch_Over_Me_poster.jpg,wikipedia-infobox,7235116,Someone to Watch Over Me (film),2026-06-20T14:12:58+00:00
2959,Fight Club (1999),Fight Club,1999,https://en.wikipedia.org/wiki/Special:FilePath/Fight_Club_poster.jpg,wikipedia-infobox,1009041,Fight Club,2026-06-20T14:12:56+00:00
2960,Beefcake (1999),Beefcake,1999,https://en.wikipedia.org/wiki/Special:FilePath/Beefcake.jpg,wikipedia-infobox,8526125,Beefcake (film),2026-06-20T14:12:58+00:00
2961,"Story of Us, The (1999)","Story of Us, The",1999,https://en.wikipedia.org/wiki/Special:FilePath/Story_of_us.jpg,wikipedia-infobox,4743308,The Story of Us (1999 film),2026-06-20T14:12:56+00:00
2962,Fever Pitch (1997),Fever Pitch,1997,https://en.wikipedia.org/wiki/Special:FilePath/Fever_Pitch_poster.jpg,wikipedia-infobox,9313886,Fever Pitch (1997 film),2026-06-20T14:12:56+00:00
2963,Joe the King (1999),Joe the King,1999,https://en.wikipedia.org/wiki/Special:FilePath/Joe_the_King.jpg,wikipedia-infobox,19468127,Joe the King,2026-06-20T14:12:57+00:00
2964,Julien Donkey-Boy (1999),Julien Donkey-Boy,1999,https://en.wikipedia.org/wiki/Special:FilePath/Julien_donkey_boy_poster.png,wikipedia-infobox,1166548,Julien Donkey-Boy,2026-06-20T14:12:57+00:00
2965,"Omega Code, The (1999)","Omega Code, The",1999,https://en.wikipedia.org/wiki/Special:FilePath/OmegacodeDVD.jpg,wikipedia-infobox,9571945,The Omega Code,2026-06-20T14:12:57+00:00
2966,"Straight Story, The (1999)","Straight Story, The",1999,https://en.wikipedia.org/wiki/Special:FilePath/The_Straight_Story_poster.jpg,wikipedia-infobox,31351,The Straight Story,2026-06-20T14:12:57+00:00
2967,"Bad Seed, The (1956)","Bad Seed, The",1956,https://en.wikipedia.org/wiki/Special:FilePath/TheBadSeed1956.jpg,wikipedia-infobox,7657211,The Bad Seed (1956 film),2026-06-20T14:12:56+00:00
2968,Time Bandits (1981),Time Bandits,1981,https://en.wikipedia.org/wiki/Special:FilePath/Time_bandits.jpg,wikipedia-infobox,157172,Time Bandits,2026-06-20T14:12:57+00:00
2969,"Man and a Woman, A (Un Homme et une Femme) (1966)","Man and a Woman, A (Un Homme et une Femme)",1966,https://en.wikipedia.org/wiki/Special:FilePath/Un_homme_et_une_femme_1966_poster.jpg,wikipedia-infobox,214312,A Man and a Woman,2026-06-20T20:41:02+00:00
2970,Fitzcarraldo (1982),Fitzcarraldo,1982,https://en.wikipedia.org/wiki/Special:FilePath/Fitzcarraldo.jpg,wikipedia-infobox,441249,Fitzcarraldo,2026-06-20T19:28:01+00:00
2971,All That Jazz (1979),All That Jazz,1979,https://en.wikipedia.org/wiki/Special:FilePath/All_That_Jazz.jpg,wikipedia-infobox,68078,All That Jazz (film),2026-06-20T19:28:02+00:00
2972,Red Sorghum (Hong Gao Liang) (1987),Red Sorghum (Hong Gao Liang),1987,https://m.media-amazon.com/images/M/MV5BMmJjN2JkZTQtN2FkNi00MTQyLThlMjEtZTY5ZDc2ZjcwNjQ2XkEyXkFqcGc@._V1_.jpg,imdb-suggest,tt0093206,Red Sorghum,2026-06-21T07:25:33+00:00
2973,Crimes and Misdemeanors (1989),Crimes and Misdemeanors,1989,https://en.wikipedia.org/wiki/Special:FilePath/Crimes_and_misdemeanors2.jpg,wikipedia-infobox,1320650,Crimes and Misdemeanors,2026-06-20T19:28:01+00:00
2974,Bats (1999),Bats,1999,https://en.wikipedia.org/wiki/Special:FilePath/Big-eared-townsend-fledermaus.jpg,wikipedia-infobox,23538713,Bat,2026-06-20T19:28:01+00:00
2975,"Best Man, The (1999)","Best Man, The",1999,https://en.wikipedia.org/wiki/Special:FilePath/The_Best_Man_%281999_film%29_poster.jpg,wikipedia-infobox,2880425,The Best Man (1999 film),2026-06-20T19:27:27+00:00
2976,Bringing Out the Dead (1999),Bringing Out the Dead,1999,https://en.wikipedia.org/wiki/Special:FilePath/Bringing_out_the_dead.jpg,wikipedia-infobox,348356,Bringing Out the Dead,2026-06-20T19:28:01+00:00
2977,Crazy in Alabama (1999),Crazy in Alabama,1999,https://en.wikipedia.org/wiki/Special:FilePath/Crazy_in_alabama_poster.jpg,wikipedia-infobox,5499151,Crazy in Alabama,2026-06-20T19:28:01+00:00
2978,Three to Tango (1999),Three to Tango,1999,https://en.wikipedia.org/wiki/Special:FilePath/Threetotango01.jpg,wikipedia-infobox,143812,Three to Tango,2026-06-20T19:28:01+00:00
2979,Body Shots (1999),Body Shots,1999,https://en.wikipedia.org/wiki/Special:FilePath/Body_Shots_FilmPoster.jpeg,wikipedia-infobox,9782757,Body Shots (film),2026-06-20T19:28:02+00:00
2981,"Brother, Can You Spare a Dime? (1975)","Brother, Can You Spare a Dime?",1975,https://en.wikipedia.org/wiki/Special:FilePath/BrotherSpareDime.jpg,wikipedia-infobox,9068907,"Brother, Can You Spare a Dime? (film)",2026-06-20T19:28:02+00:00
2982,"Guardian, The (1990)","Guardian, The",1990,https://en.wikipedia.org/wiki/Special:FilePath/Guardian1990.jpg,wikipedia-infobox,967174,The Guardian (1990 film),2026-06-20T19:27:27+00:00
2983,"Ipcress File, The (1965)","Ipcress File, The",1965,https://en.wikipedia.org/wiki/Special:FilePath/Ipcress_File_British_quad_poster.jpg,wikipedia-infobox,9378574,The Ipcress File (film),2026-06-20T19:28:05+00:00
2984,On Any Sunday (1971),On Any Sunday,1971,https://en.wikipedia.org/wiki/Special:FilePath/On_Any_Sunday_FilmPoster.jpeg,wikipedia-infobox,3317085,On Any Sunday,2026-06-20T19:28:04+00:00
2985,Robocop (1987),Robocop,1987,https://en.wikipedia.org/wiki/Special:FilePath/RoboCop_%281987%29_theatrical_poster.jpg,wikipedia-infobox,445066,RoboCop,2026-06-20T19:28:04+00:00
2986,Robocop 2 (1990),Robocop 2,1990,https://en.wikipedia.org/wiki/Special:FilePath/Robo2poster.png,wikipedia-infobox,1330220,RoboCop 2,2026-06-20T19:28:04+00:00
2987,Who Framed Roger Rabbit? (1988),Who Framed Roger Rabbit?,1988,https://en.wikipedia.org/wiki/Special:FilePath/Movie_poster_who_framed_roger_rabbit.jpg,wikipedia-infobox,76018,Who Framed Roger Rabbit,2026-06-20T19:28:04+00:00
2988,Melvin and Howard (1980),Melvin and Howard,1980,https://en.wikipedia.org/wiki/Special:FilePath/Melvin_and_howard.jpg,wikipedia-infobox,1199638,Melvin and Howard,2026-06-20T19:28:04+00:00
2989,For Your Eyes Only (1981),For Your Eyes Only,1981,https://en.wikipedia.org/wiki/Special:FilePath/For_Your_Eyes_Only_-_UK_cinema_poster.jpg,wikipedia-infobox,6446044,For Your Eyes Only (film),2026-06-20T19:28:05+00:00
2990,Licence to Kill (1989),Licence to Kill,1989,https://en.wikipedia.org/wiki/Special:FilePath/Licence_to_Kill_-_UK_cinema_poster.jpg,wikipedia-infobox,449547,Licence to Kill,2026-06-20T19:28:04+00:00
2991,Live and Let Die (1973),Live and Let Die,1973,https://en.wikipedia.org/wiki/Special:FilePath/Live_and_Let_Die-_UK_cinema_poster.jpg,wikipedia-infobox,6446061,Live and Let Die (film),2026-06-20T19:28:05+00:00
2992,Rawhead Rex (1986),Rawhead Rex,1986,https://en.wikipedia.org/wiki/Special:FilePath/Rawheadrexposter.jpg,wikipedia-infobox,5590914,Rawhead Rex (film),2026-06-20T19:28:05+00:00
2993,Thunderball (1965),Thunderball,1965,https://en.wikipedia.org/wiki/Special:FilePath/Thunderball_-_UK_cinema_poster.jpg,wikipedia-infobox,6152265,Thunderball (film),2026-06-20T19:28:05+00:00
2994,"City, The (1998)","City, The",1998,https://en.wikipedia.org/wiki/Special:FilePath/ThecityPoster.jpg,wikipedia-infobox,14900984,The City (1998 film),2026-06-20T19:28:03+00:00
2995,"House on Haunted Hill, The (1999)","House on Haunted Hill, The",1999,https://m.media-amazon.com/images/M/MV5BMGY4MDg1MzQtNGI4MC00YzY3LWE5NjctMjQyY2E2NzBkZGUzXkEyXkFqcGc@._V1_.jpg,imdb-suggest,tt0185371,House on Haunted Hill,2026-06-21T07:17:21+00:00
2996,Music of the Heart (1999),Music of the Heart,1999,https://en.wikipedia.org/wiki/Special:FilePath/Music_of_the_heart.jpg,wikipedia-infobox,689549,Music of the Heart,2026-06-20T19:28:04+00:00
2997,Being John Malkovich (1999),Being John Malkovich,1999,https://en.wikipedia.org/wiki/Special:FilePath/Being_John_Malkovich_poster.jpg,wikipedia-infobox,349941,Being John Malkovich,2026-06-20T19:28:04+00:00
2998,Dreaming of Joseph Lees (1998),Dreaming of Joseph Lees,1998,https://m.media-amazon.com/images/M/MV5BY2IyYjcwNjEtOTcxNC00MzU1LThkN2EtZmZiNjRjM2Y4MGViXkEyXkFqcGc@._V1_.jpg,imdb-suggest,tt0144178,Dreaming of Joseph Lees,2026-06-21T07:25:34+00:00
2999,Man of the Century (1999),Man of the Century,1999,https://en.wikipedia.org/wiki/Special:FilePath/Man_of_the_Century_1999.jpg,wikipedia-infobox,2860325,Man of the Century,2026-06-20T19:28:04+00:00
3000,"Princess Mononoke, The (Mononoke Hime) (1997)","Princess Mononoke, The (Mononoke Hime)",1997,https://en.wikipedia.org/wiki/Special:FilePath/Princess_Mononoke_Japanese_poster.png,wikipedia-infobox,24653,Princess Mononoke,2026-06-20T20:41:06+00:00
3001,"Suburbans, The (1999)","Suburbans, The",1999,https://en.wikipedia.org/wiki/Special:FilePath/The_Suburbans_FilmPoster.jpeg,wikipedia-infobox,3053795,The Suburbans,2026-06-20T19:28:04+00:00
3002,My Best Fiend (Mein liebster Feind) (1999),My Best Fiend (Mein liebster Feind),1999,https://en.wikipedia.org/wiki/Special:FilePath/Mein_liebster_Feind_-_Klaus_Kinski_005567800.jpg,wikipedia-infobox,2429734,My Best Fiend,2026-06-20T20:41:06+00:00
3003,Train of Life (Train De Vie) (1998),Train of Life (Train De Vie),1998,https://en.wikipedia.org/wiki/Special:FilePath/Train_of_Life.jpg,wikipedia-infobox,7075890,Train of Life,2026-06-20T20:41:06+00:00
3004,"Bachelor, The (1999)","Bachelor, The",1999,https://en.wikipedia.org/wiki/Special:FilePath/Bachelorposter1999.jpg,wikipedia-infobox,3755662,The Bachelor (1999 film),2026-06-20T19:28:07+00:00
3005,"Bone Collector, The (1999)","Bone Collector, The",1999,https://en.wikipedia.org/wiki/Special:FilePath/bone_collector_poster.jpg,wikipedia-infobox,2023704,The Bone Collector,2026-06-20T19:28:07+00:00
3006,"Insider, The (1999)","Insider, The",1999,https://en.wikipedia.org/wiki/Special:FilePath/The_insider_movie_poster_1999.jpg,wikipedia-infobox,142469,The Insider (film),2026-06-20T19:28:08+00:00
3007,American Movie (1999),American Movie,1999,https://en.wikipedia.org/wiki/Special:FilePath/Americanmovie.jpg,wikipedia-infobox,163388,American Movie,2026-06-20T19:28:07+00:00
3008,Last Night (1998),Last Night,1998,https://en.wikipedia.org/wiki/Special:FilePath/Last_Night_poster.jpg,wikipedia-infobox,2053414,Last Night (1998 film),2026-06-20T19:28:07+00:00
3010,Rosetta (1999),Rosetta,1999,https://en.wikipedia.org/wiki/Special:FilePath/Rosettaposter.jpg,wikipedia-infobox,1695586,Rosetta (film),2026-06-20T19:28:07+00:00
3011,"They Shoot Horses, Don't They? (1969)","They Shoot Horses, Don't They?",1969,https://en.wikipedia.org/wiki/Special:FilePath/They_horses.jpg,wikipedia-infobox,217776,"They Shoot Horses, Don't They? (film)",2026-06-20T19:28:08+00:00
3012,Battling Butler (1926),Battling Butler,1926,https://en.wikipedia.org/wiki/Special:FilePath/Battling_Butler_lobby_card.jpg,wikipedia-infobox,9463801,Battling Butler,2026-06-20T19:28:07+00:00
3013,Bride of Re-Animator (1990),Bride of Re-Animator,1990,https://en.wikipedia.org/wiki/Special:FilePath/Bride_of_Re-Animator.jpg,wikipedia-infobox,1336108,Bride of Re-Animator,2026-06-20T19:28:07+00:00
3014,Bustin' Loose (1981),Bustin' Loose,1981,https://en.wikipedia.org/wiki/Special:FilePath/Bustin%27_Loose.jpg,wikipedia-infobox,2046763,Bustin' Loose (film),2026-06-20T19:28:08+00:00
3015,Coma (1978),Coma,1978,https://en.wikipedia.org/wiki/Special:FilePath/Coma_film_poster.jpg,wikipedia-infobox,1796156,Coma (1978 film),2026-06-20T19:28:07+00:00
3016,Creepshow (1982),Creepshow,1982,https://en.wikipedia.org/wiki/Special:FilePath/CreepshowPoster.jpg,wikipedia-infobox,536521,Creepshow,2026-06-20T19:28:07+00:00
3017,Creepshow 2 (1987),Creepshow 2,1987,https://en.wikipedia.org/wiki/Special:FilePath/Creepshow2poster.jpg,wikipedia-infobox,2046012,Creepshow 2,2026-06-20T19:28:07+00:00
3018,Re-Animator (1985),Re-Animator,1985,https://en.wikipedia.org/wiki/Special:FilePath/Reanimator_poster.png,wikipedia-infobox,1129009,Re-Animator,2026-06-20T19:28:07+00:00
3019,Drugstore Cowboy (1989),Drugstore Cowboy,1989,https://en.wikipedia.org/wiki/Special:FilePath/Drugstore_Cowboy.png,wikipedia-infobox,291610,Drugstore Cowboy,2026-06-20T19:28:07+00:00
3020,Falling Down (1993),Falling Down,1993,https://en.wikipedia.org/wiki/Special:FilePath/Falling_Down_%281993_film%29_poster.jpg,wikipedia-infobox,19625929,Falling Down,2026-06-20T19:28:07+00:00
3021,"Funhouse, The (1981)","Funhouse, The",1981,https://en.wikipedia.org/wiki/Special:FilePath/Funhouse1981poster.jpg,wikipedia-infobox,4343543,The Funhouse,2026-06-20T19:28:07+00:00
3022,"General, The (1927)","General, The",1927,https://commons.wikimedia.org/wiki/Special:FilePath/The%20General%20%281926%29%20-%20Movie%20Poster%202.png,wikidata:P3383,Q850159,The General,2026-06-21T07:21:20+00:00
3024,Piranha (1978),Piranha,1978,https://en.wikipedia.org/wiki/Special:FilePath/PiranhaPosterA.jpg,wikipedia-infobox,3153784,Piranha (1978 film),2026-06-20T19:28:07+00:00
3025,Rough Night in Jericho (1967),Rough Night in Jericho,1967,https://en.wikipedia.org/wiki/Special:FilePath/Poster_of_the_movie_Rough_Night_in_Jericho.jpg,wikipedia-infobox,16703150,Rough Night in Jericho (film),2026-06-20T19:29:47+00:00
3026,Slaughterhouse (1987),Slaughterhouse,1987,https://en.wikipedia.org/wiki/Special:FilePath/Cover_of_the_movie_Slaughterhouse.jpg,wikipedia-infobox,11985637,Slaughterhouse (film),2026-06-20T19:29:47+00:00
3027,Slaughterhouse 2 (1988),Slaughterhouse 2,1988,https://m.media-amazon.com/images/M/MV5BNmRmYTNmM2YtNWY4Mi00OWUxLTgzY2YtY2YzOTA5NDliZjU5XkEyXkFqcGc@._V1_.jpg,imdb-suggest,tt0093990,Slaughterhouse,2026-06-21T07:25:34+00:00
3028,"Taming of the Shrew, The (1967)","Taming of the Shrew, The",1967,https://en.wikipedia.org/wiki/Special:FilePath/The_Taming_of_the_Shrew_%281967_film%29_poster.jpg,wikipedia-infobox,9127143,The Taming of the Shrew (1967 film),2026-06-20T19:29:45+00:00
3029,Nighthawks (1981),Nighthawks,1981,https://en.wikipedia.org/wiki/Special:FilePath/Nighthawks_movie.jpg,wikipedia-infobox,2729504,Nighthawks (1981 film),2026-06-20T19:29:45+00:00
3030,Yojimbo (1961),Yojimbo,1961,https://en.wikipedia.org/wiki/Special:FilePath/Yojimbo_film_poster.jpg,wikipedia-infobox,312498,Yojimbo,2026-06-20T19:29:46+00:00
3031,Repossessed (1990),Repossessed,1990,https://en.wikipedia.org/wiki/Special:FilePath/Repossessed-poster.jpg,wikipedia-infobox,1308799,Repossessed (film),2026-06-20T19:29:47+00:00
3032,"Omega Man, The (1971)","Omega Man, The",1971,https://en.wikipedia.org/wiki/Special:FilePath/The-Omega-Man-Poster.jpg,wikipedia-infobox,339403,The Omega Man,2026-06-20T19:29:46+00:00
3033,Spaceballs (1987),Spaceballs,1987,https://en.wikipedia.org/wiki/Special:FilePath/Spaceballs.jpg,wikipedia-infobox,75222,Spaceballs,2026-06-20T19:29:46+00:00
3034,Robin Hood (1973),Robin Hood,1973,https://en.wikipedia.org/wiki/Special:FilePath/Robinhood_1973_poster.png,wikipedia-infobox,982180,Robin Hood (1973 film),2026-06-20T19:29:45+00:00
3035,Mister Roberts (1955),Mister Roberts,1955,https://en.wikipedia.org/wiki/Special:FilePath/Mister_Roberts_%281955_movie_poster%29.jpg,wikipedia-infobox,16040190,Mister Roberts (1955 film),2026-06-20T19:29:45+00:00
3036,Quest for Fire (1981),Quest for Fire,1981,https://en.wikipedia.org/wiki/Special:FilePath/Quest_for_fire.jpg,wikipedia-infobox,12076925,Quest for Fire (film),2026-06-20T19:29:47+00:00
3037,Little Big Man (1970),Little Big Man,1970,https://en.wikipedia.org/wiki/Special:FilePath/Little_Big_Man.jpg,wikipedia-infobox,29161945,Little Big Man,2026-06-20T19:29:46+00:00
3038,"Face in the Crowd, A (1957)","Face in the Crowd, A",1957,https://en.wikipedia.org/wiki/Special:FilePath/A_Face_in_the_Crowd_%281957_poster%29.jpg,wikipedia-infobox,2019404,A Face in the Crowd (film),2026-06-20T19:29:47+00:00
3039,Trading Places (1983),Trading Places,1983,https://en.wikipedia.org/wiki/Special:FilePath/Trading_Places.jpg,wikipedia-infobox,520990,Trading Places,2026-06-20T19:29:46+00:00
3040,Meatballs (1979),Meatballs,1979,https://en.wikipedia.org/wiki/Special:FilePath/Meatballsposter.jpg,wikipedia-infobox,1470989,Meatballs (film),2026-06-20T19:29:47+00:00
3041,Meatballs Part II (1984),Meatballs Part II,1984,https://en.wikipedia.org/wiki/Special:FilePath/Meatballs2poster.jpg,wikipedia-infobox,2664350,Meatballs Part II,2026-06-20T19:29:46+00:00
3042,Meatballs III (1987),Meatballs III,1987,https://en.wikipedia.org/wiki/Special:FilePath/Meatballs_iii.jpg,wikipedia-infobox,7117238,Meatballs III: Summer Job,2026-06-20T19:29:46+00:00
3043,Meatballs 4 (1992),Meatballs 4,1992,https://en.wikipedia.org/wiki/Special:FilePath/Meatballs_four.jpg,wikipedia-infobox,7117484,Meatballs 4,2026-06-20T19:29:46+00:00
3044,Dead Again (1991),Dead Again,1991,https://en.wikipedia.org/wiki/Special:FilePath/Dead_Again_poster.JPG,wikipedia-infobox,772823,Dead Again,2026-06-20T19:29:46+00:00
3045,Peter's Friends (1992),Peter's Friends,1992,https://en.wikipedia.org/wiki/Special:FilePath/Peter%27s_Friends_FilmPoster.jpeg,wikipedia-infobox,227231,Peter's Friends,2026-06-20T19:31:24+00:00
3046,"Incredibly True Adventure of Two Girls in Love, The (1995)","Incredibly True Adventure of Two Girls in Love, The",1995,https://en.wikipedia.org/wiki/Special:FilePath/True_Adventures_of_2_girls_1995.jpg,wikipedia-infobox,1282593,The Incredibly True Adventure of Two Girls in Love,2026-06-20T19:31:24+00:00
3047,Experience Preferred... But Not Essential (1982),Experience Preferred... But Not Essential,1982,https://m.media-amazon.com/images/M/MV5BZGQ1ZDY5MjctNzI5Yy00MjA5LTllMDgtMTc1OGUyMTVhNzdmXkEyXkFqcGc@._V1_.jpg,imdb-suggest,tt0083911,Experience Preferred... But Not Essential,2026-06-21T07:17:28+00:00
3048,Under the Rainbow (1981),Under the Rainbow,1981,https://en.wikipedia.org/wiki/Special:FilePath/Under-the-rainbow_poster.jpg,wikipedia-infobox,5130016,Under the Rainbow,2026-06-20T19:31:24+00:00
3049,How I Won the War (1967),How I Won the War,1967,https://en.wikipedia.org/wiki/Special:FilePath/HowIWonTheWarPoster.jpg,wikipedia-infobox,1748392,How I Won the War,2026-06-20T19:31:24+00:00
3050,Light It Up (1999),Light It Up,1999,https://en.wikipedia.org/wiki/Special:FilePath/Light_it_up_poster.jpg,wikipedia-infobox,12894538,Light It Up (film),2026-06-20T19:31:25+00:00
3051,Anywhere But Here (1999),Anywhere But Here,1999,https://en.wikipedia.org/wiki/Special:FilePath/Anywhere-but-here-movie-poster-1999-1020272455.jpg,wikipedia-infobox,42224,Anywhere but Here (film),2026-06-20T19:31:25+00:00
3052,Dogma (1999),Dogma,1999,https://en.wikipedia.org/wiki/Special:FilePath/Dogma_%28movie%29.jpg,wikipedia-infobox,98991,Dogma (film),2026-06-20T19:31:25+00:00
3053,"Messenger: The Story of Joan of Arc, The (1999)","Messenger: The Story of Joan of Arc, The",1999,https://en.wikipedia.org/wiki/Special:FilePath/Messenger_poster.jpg,wikipedia-infobox,1130769,The Messenger: The Story of Joan of Arc,2026-06-20T19:31:24+00:00
3054,Pokémon: The First Movie (1998),Pokémon: The First Movie,1998,https://en.wikipedia.org/wiki/Special:FilePath/Pokemon-mewtwo-strikes-back.jpg,wikipedia-infobox,2460704,Pokémon: The First Movie,2026-06-20T19:31:24+00:00
3055,Felicia's Journey (1999),Felicia's Journey,1999,https://en.wikipedia.org/wiki/Special:FilePath/Felicias_Journey.jpg,wikipedia-infobox,3356623,Felicia's Journey (film),2026-06-20T19:31:25+00:00
3056,Oxygen (1999),Oxygen,1999,https://en.wikipedia.org/wiki/Special:FilePath/OxygenPoster.jpg,wikipedia-infobox,3691494,Oxygen (1999 film),2026-06-20T19:31:24+00:00
3057,Where's Marlowe? (1999),Where's Marlowe?,1999,https://m.media-amazon.com/images/M/MV5BOWM3MWExNjgtMDlmYi00MjZlLTgzZWUtMTA5NDBiNGU5YzAyXkEyXkFqcGc@._V1_.jpg,imdb-suggest,tt0118150,Where's Marlowe?,2026-06-21T07:25:34+00:00
3058,"Ape, The (1940)","Ape, The",1940,https://en.wikipedia.org/wiki/Special:FilePath/The_Ape_%281940%29_poster.jpg,wikipedia-infobox,6551407,The Ape (1940 film),2026-06-20T19:31:24+00:00
3060,"Commitments, The (1991)","Commitments, The",1991,https://en.wikipedia.org/wiki/Special:FilePath/The_Commitments_poster.png,wikipedia-infobox,5303308,The Commitments (film),2026-06-20T19:31:25+00:00
3061,Holiday Inn (1942),Holiday Inn,1942,https://en.wikipedia.org/wiki/Special:FilePath/Holiday_Inn_%281942%29_-_US_film_poster.png,wikipedia-infobox,249406,Holiday Inn (film),2026-06-20T19:31:24+00:00
3062,"Longest Day, The (1962)","Longest Day, The",1962,https://en.wikipedia.org/wiki/Special:FilePath/Original_movie_poster_for_the_film_The_Longest_Day.jpg,wikipedia-infobox,1343139,The Longest Day (film),2026-06-20T19:31:25+00:00
3063,Poison Ivy (1992),Poison Ivy,1992,https://en.wikipedia.org/wiki/Special:FilePath/Poisonivyposter.jpg,wikipedia-infobox,555857,Poison Ivy (1992 film),2026-06-20T19:31:24+00:00
3064,Poison Ivy: New Seduction (1997),Poison Ivy: New Seduction,1997,https://m.media-amazon.com/images/M/MV5BMzA4NWNmYzYtY2U5Ny00ZDMxLWE0OGUtMDgzMjhmMzY4NDJhXkEyXkFqcGc@._V1_.jpg,imdb-suggest,tt0119908,Poison Ivy: The New Seduction,2026-06-21T07:17:31+00:00
3065,Ten Benny (1997),Ten Benny,1997,https://media.themoviedb.org/t/p/original/g3XmEqaUx8otzoLEFYSayXs2BmQ.jpg,manual-curated,tmdb-web:ten-benny,Ten Benny,2026-06-21T07:45:33+00:00
3066,Tora! Tora! Tora! (1970),Tora! Tora! Tora!,1970,https://en.wikipedia.org/wiki/Special:FilePath/ToraToraTora1970.png,wikipedia-infobox,58018,Tora! Tora! Tora!,2026-06-20T19:31:28+00:00
3067,Women on the Verge of a Nervous Breakdown (1988),Women on the Verge of a Nervous Breakdown,1988,https://en.wikipedia.org/wiki/Special:FilePath/Women_on_the_Verge_of_a_Nervous_Breakdown.jpg,wikipedia-infobox,1251285,Women on the Verge of a Nervous Breakdown,2026-06-20T19:31:28+00:00
3068,"Verdict, The (1982)","Verdict, The",1982,https://en.wikipedia.org/wiki/Special:FilePath/Verdict1.jpg,wikipedia-infobox,106359,The Verdict,2026-06-20T19:31:27+00:00
3069,"Effect of Gamma Rays on Man-in-the-Moon Marigolds, The (1972)","Effect of Gamma Rays on Man-in-the-Moon Marigolds, The",1972,https://en.wikipedia.org/wiki/Special:FilePath/MarigoldsPoster.jpg,wikipedia-infobox,24633376,The Effect of Gamma Rays on Man-in-the-Moon Marigolds (film),2026-06-20T19:31:28+00:00
3070,"Adventures of Buckaroo Bonzai Across the 8th Dimension, The (1984)","Adventures of Buckaroo Bonzai Across the 8th Dimension, The",1984,https://m.media-amazon.com/images/M/MV5BMDc0M2Q1MGUtNWQzMC00NTg0LWE1ZWQtYjk3YmY2ZTk2MDgxXkEyXkFqcGc@._V1_.jpg,imdb-suggest,tt0086856,The Adventures of Buckaroo Banzai Across the 8th Dimension,2026-06-21T07:17:33+00:00
3071,Stand and Deliver (1987),Stand and Deliver,1987,https://m.media-amazon.com/images/M/MV5BNjc2OTljZDgtNzhjMi00NGVkLTlmOGMtZjZlMjRkZTdmN2ViXkEyXkFqcGc@._V1_.jpg,imdb-suggest,tt0094027,Stand and Deliver,2026-06-21T07:25:34+00:00
3072,Moonstruck (1987),Moonstruck,1987,https://en.wikipedia.org/wiki/Special:FilePath/Chermoonstruck.jpg,wikipedia-infobox,129331,Moonstruck,2026-06-20T19:31:28+00:00
3073,"Sandpiper, The (1965)","Sandpiper, The",1965,https://en.wikipedia.org/wiki/Special:FilePath/Original_movie_poster_for_the_film_The_Sandpiper.jpg,wikipedia-infobox,5257678,The Sandpiper,2026-06-20T19:31:28+00:00
3074,Jeremiah Johnson (1972),Jeremiah Johnson,1972,https://en.wikipedia.org/wiki/Special:FilePath/Jeremiah_Johnsonposter.jpg,wikipedia-infobox,649482,Jeremiah Johnson (film),2026-06-20T19:31:28+00:00
3075,Repulsion (1965),Repulsion,1965,https://en.wikipedia.org/wiki/Special:FilePath/Repulsion_%281965_film_poster%29.jpg,wikipedia-infobox,1001142,Repulsion (film),2026-06-20T19:31:28+00:00
3076,Irma la Douce (1963),Irma la Douce,1963,https://en.wikipedia.org/wiki/Special:FilePath/Irma_la_Douce_1963_film_poster.jpg,wikipedia-infobox,210219,Irma la Douce,2026-06-20T19:31:28+00:00
3077,42 Up (1998),42 Up,1998,https://m.media-amazon.com/images/M/MV5BN2YwZDA5YzMtZmU2Ni00NTJhLWI5YzItOWI2YWJhODBhZmFjXkEyXkFqcGc@._V1_.jpg,imdb-suggest,tt0164312,42 Up,2026-06-21T07:17:36+00:00
3078,Liberty Heights (1999),Liberty Heights,1999,https://en.wikipedia.org/wiki/Special:FilePath/Liberty_heights_film_poster.jpg,wikipedia-infobox,1345168,Liberty Heights,2026-06-20T19:31:28+00:00
3079,Mansfield Park (1999),Mansfield Park,1999,https://en.wikipedia.org/wiki/Special:FilePath/Mansfield_park.jpg,wikipedia-infobox,6143174,Mansfield Park (1999 film),2026-06-20T19:31:27+00:00
3081,Sleepy Hollow (1999),Sleepy Hollow,1999,https://en.wikipedia.org/wiki/Special:FilePath/Sleepy_hollow_ver2.jpg,wikipedia-infobox,55601,Sleepy Hollow (film),2026-06-20T19:31:28+00:00
3082,"World Is Not Enough, The (1999)","World Is Not Enough, The",1999,https://en.wikipedia.org/wiki/Special:FilePath/The_World_Is_Not_Enough_%28UK_cinema_poster%29.jpg,wikipedia-infobox,166121,The World Is Not Enough,2026-06-20T19:31:28+00:00
3083,All About My Mother (Todo Sobre Mi Madre) (1999),All About My Mother (Todo Sobre Mi Madre),1999,https://en.wikipedia.org/wiki/Special:FilePath/All_about_my_mother.jpg,wikipedia-infobox,61664,All About My Mother,2026-06-20T20:41:06+00:00
3084,Home Page (1999),Home Page,1999,https://m.media-amazon.com/images/M/MV5BYjM2NmVkNzMtZjA1My00MDVkLWE5YjItMDMyMzQ3MTZkNGNkXkEyXkFqcGc@._V1_.jpg,imdb-suggest,tt0144969,Home Page,2026-06-21T07:25:34+00:00
3085,"Living Dead Girl, The (La Morte Vivante) (1982)","Living Dead Girl, The (La Morte Vivante)",1982,https://en.wikipedia.org/wiki/Special:FilePath/Vivante%2C_jean_rollin-1982.jpg,wikipedia-infobox,27457018,The Living Dead Girl,2026-06-20T20:41:07+00:00
3086,March of the Wooden Soldiers (a.k.a. Laurel & Hardy in Toyland) (1934),March of the Wooden Soldiers (a.k.a. Laurel & Hardy in Toyland),1934,https://en.wikipedia.org/wiki/Special:FilePath/L%26H_Babes_in_Toyland_1934.jpg,wikipedia-infobox,365905,Babes in Toyland (1934 film),2026-06-20T20:41:07+00:00
3087,Scrooged (1988),Scrooged,1988,https://en.wikipedia.org/wiki/Special:FilePath/Scrooged_film_poster.JPG,wikipedia-infobox,885824,Scrooged,2026-06-20T19:31:30+00:00
3088,Harvey (1950),Harvey,1950,https://en.wikipedia.org/wiki/Special:FilePath/Harvey_1950_poster.jpg,wikipedia-infobox,170936,Harvey (1950 film),2026-06-20T19:31:30+00:00
3089,"Bicycle Thief, The (Ladri di biciclette) (1948)","Bicycle Thief, The (Ladri di biciclette)",1948,https://en.wikipedia.org/wiki/Special:FilePath/Ladri3.jpg,wikipedia-infobox,642744,Bicycle Thieves,2026-06-20T20:41:07+00:00
3090,Matewan (1987),Matewan,1987,https://en.wikipedia.org/wiki/Special:FilePath/Matewan_poster.jpg,wikipedia-infobox,1238874,Matewan (film),2026-06-20T19:31:31+00:00
3091,Kagemusha (1980),Kagemusha,1980,https://en.wikipedia.org/wiki/Special:FilePath/Kagemushatheatricalposter.jpg,wikipedia-infobox,1183043,Kagemusha,2026-06-20T19:31:30+00:00
3092,Chushingura (1962),Chushingura,1962,https://m.media-amazon.com/images/M/MV5BZjc1MjUxZTctNzcyNy00YjBkLThiZDUtOTYyZjkyZGE3MmU1XkEyXkFqcGc@._V1_.jpg,imdb-suggest,tt0055850,Chushingura,2026-06-21T07:17:39+00:00
3093,McCabe & Mrs. Miller (1971),McCabe & Mrs. Miller,1971,https://en.wikipedia.org/wiki/Special:FilePath/McCabe_%26_Mrs._Miller.png,wikipedia-infobox,68501,McCabe & Mrs. Miller,2026-06-20T19:31:30+00:00
3094,Maurice (1987),Maurice,1987,https://en.wikipedia.org/wiki/Special:FilePath/Maurice_Theatrical_release_poster.jpg,wikipedia-infobox,3681345,Maurice (1987 film),2026-06-20T14:15:06+00:00
3095,"Grapes of Wrath, The (1940)","Grapes of Wrath, The",1940,https://en.wikipedia.org/wiki/Special:FilePath/The_Grapes_of_Wrath_%281939_1st_ed_cover%29.jpg,wikipedia-infobox,42645,The Grapes of Wrath,2026-06-20T14:15:07+00:00
3096,My Man Godfrey (1957),My Man Godfrey,1957,https://en.wikipedia.org/wiki/Special:FilePath/My_Man_Godfrey_%281957%29_poster.jpg,wikipedia-infobox,11259949,My Man Godfrey (1957 film),2026-06-20T14:15:06+00:00
3097,"Shop Around the Corner, The (1940)","Shop Around the Corner, The",1940,https://en.wikipedia.org/wiki/Special:FilePath/The_Shop_Around_the_Corner_%281940_poster_-_Style_C%29.jpg,wikipedia-infobox,76353,The Shop Around the Corner,2026-06-20T14:15:07+00:00
3098,"Natural, The (1984)","Natural, The",1984,https://en.wikipedia.org/wiki/Special:FilePath/TheNaturalFirstEdition.jpg,wikipedia-infobox,1187127,The Natural,2026-06-20T14:15:07+00:00
3099,Shampoo (1975),Shampoo,1975,https://en.wikipedia.org/wiki/Special:FilePath/Shampooposter.jpg,wikipedia-infobox,856716,Shampoo (film),2026-06-20T14:15:08+00:00
3100,"River Runs Through It, A (1992)","River Runs Through It, A",1992,https://en.wikipedia.org/wiki/Special:FilePath/A_river_runs_through_it_poster.jpg,wikipedia-infobox,6286627,A River Runs Through It (film),2026-06-20T14:15:08+00:00
3101,Fatal Attraction (1987),Fatal Attraction,1987,https://en.wikipedia.org/wiki/Special:FilePath/Fatal_Attraction_poster.png,wikipedia-infobox,129295,Fatal Attraction,2026-06-20T14:15:07+00:00
3102,Jagged Edge (1985),Jagged Edge,1985,https://en.wikipedia.org/wiki/Special:FilePath/Jagged_edge_poster.jpg,wikipedia-infobox,1367452,Jagged Edge (film),2026-06-20T14:15:08+00:00
3103,Stanley & Iris (1990),Stanley & Iris,1990,https://en.wikipedia.org/wiki/Special:FilePath/Stan_iris_moviep.jpg,wikipedia-infobox,2821645,Stanley & Iris,2026-06-20T14:15:07+00:00
3104,Midnight Run (1988),Midnight Run,1988,https://en.wikipedia.org/wiki/Special:FilePath/Midnight_Run.jpg,wikipedia-infobox,1122030,Midnight Run,2026-06-20T14:15:07+00:00
3105,Awakenings (1990),Awakenings,1990,https://en.wikipedia.org/wiki/Special:FilePath/Awakenings.jpg,wikipedia-infobox,129602,Awakenings,2026-06-20T14:15:07+00:00
3106,Come See the Paradise (1990),Come See the Paradise,1990,https://en.wikipedia.org/wiki/Special:FilePath/Come_see_the_paradise-poster.jpg,wikipedia-infobox,3274071,Come See the Paradise,2026-06-20T14:15:07+00:00
3107,Backdraft (1991),Backdraft,1991,https://en.wikipedia.org/wiki/Special:FilePath/Backdraft_poster.jpg,wikipedia-infobox,592766,Backdraft (film),2026-06-20T14:15:06+00:00
3108,"Fisher King, The (1991)","Fisher King, The",1991,https://en.wikipedia.org/wiki/Special:FilePath/The_Fisher_King_Poster.jpg,wikipedia-infobox,171051,The Fisher King,2026-06-20T14:15:07+00:00
3109,"River, The (1984)","River, The",1984,https://en.wikipedia.org/wiki/Special:FilePath/Riverposter.jpg,wikipedia-infobox,643173,The River (1984 film),2026-06-20T14:15:06+00:00
3110,Country (1984),Country,1984,https://en.wikipedia.org/wiki/Special:FilePath/Countryposter.jpg,wikipedia-infobox,770066,Country (film),2026-06-20T14:15:08+00:00
3111,Places in the Heart (1984),Places in the Heart,1984,https://en.wikipedia.org/wiki/Special:FilePath/Places_in_the_Heart_%281984%29%2C_poster.jpg,wikipedia-infobox,113449,Places in the Heart,2026-06-20T14:15:07+00:00
3112,'Night Mother (1986),'Night Mother,1986,https://en.wikipedia.org/wiki/Special:FilePath/Night_Mother_playbill_cover.jpg,wikipedia-infobox,166520,"'night, Mother",2026-06-20T14:15:07+00:00
3113,End of Days (1999),End of Days,1999,https://en.wikipedia.org/wiki/Special:FilePath/End_of_days_ver5.jpg,wikipedia-infobox,2837025,End of Days (film),2026-06-20T14:15:06+00:00
3114,Toy Story 2 (1999),Toy Story 2,1999,https://en.wikipedia.org/wiki/Special:FilePath/Toy_Story_2.jpg,wikipedia-infobox,335298,Toy Story 2,2026-06-20T14:15:06+00:00
3115,Flawless (1999),Flawless,1999,https://en.wikipedia.org/wiki/Special:FilePath/Flawless_movie.jpg,wikipedia-infobox,3182015,Flawless (1999 film),2026-06-20T14:15:06+00:00
3116,Miss Julie (1999),Miss Julie,1999,https://en.wikipedia.org/wiki/Special:FilePath/MissJulie.jpg,wikipedia-infobox,3704027,Miss Julie (1999 film),2026-06-20T14:15:06+00:00
3117,Ride with the Devil (1999),Ride with the Devil,1999,https://en.wikipedia.org/wiki/Special:FilePath/Rwtdposter2.jpg,wikipedia-infobox,240173,Ride with the Devil (film),2026-06-20T14:15:08+00:00
3118,Tumbleweeds (1999),Tumbleweeds,1999,https://en.wikipedia.org/wiki/Special:FilePath/Tumbleweeds.jpg,wikipedia-infobox,2925678,Tumbleweeds (1999 film),2026-06-20T14:15:06+00:00
3119,Bay of Blood (Reazione a catena) (1971),Bay of Blood (Reazione a catena),1971,https://en.wikipedia.org/wiki/Special:FilePath/TwitchOfTheDeathNerve.jpg,wikipedia-infobox,4136530,A Bay of Blood,2026-06-20T20:41:07+00:00
3120,"Distinguished Gentleman, The (1992)","Distinguished Gentleman, The",1992,https://en.wikipedia.org/wiki/Special:FilePath/Distinguished_gentleman.jpg,wikipedia-infobox,2930527,The Distinguished Gentleman,2026-06-20T14:15:07+00:00
3121,"Hitch-Hiker, The (1953)","Hitch-Hiker, The",1953,https://en.wikipedia.org/wiki/Special:FilePath/The_Hitch-Hiker_%281953_poster%29.jpeg,wikipedia-infobox,74028,The Hitch-Hiker,2026-06-20T14:15:06+00:00
3122,Santa Fe Trail (1940),Santa Fe Trail,1940,https://en.wikipedia.org/wiki/Special:FilePath/Santa_Fe_Trail_%28film%29_poster.jpg,wikipedia-infobox,5367128,Santa Fe Trail (film),2026-06-20T14:15:08+00:00
3123,Spring Fever USA (a.k.a. Lauderdale) (1989),Spring Fever USA (a.k.a. Lauderdale),1989,https://m.media-amazon.com/images/M/MV5BMTUzNGViZDctOWU1MS00N2I0LTljNTctNmE3ZTJkNTQ2ZGJiXkEyXkFqcGc@._V1_.jpg,imdb-suggest,tt0097717,Lauderdale,2026-06-21T07:17:43+00:00
3124,Agnes Browne (1999),Agnes Browne,1999,https://en.wikipedia.org/wiki/Special:FilePath/Agnes_Browne_FilmPoster.jpeg,wikipedia-infobox,26443897,Agnes Browne,2026-06-20T14:15:07+00:00
3125,"End of the Affair, The (1999)","End of the Affair, The",1999,https://en.wikipedia.org/wiki/Special:FilePath/End_of_the_affair.jpg,wikipedia-infobox,13702809,The End of the Affair (1999 film),2026-06-20T14:15:06+00:00
3126,"End of the Affair, The (1955)","End of the Affair, The",1955,https://en.wikipedia.org/wiki/Special:FilePath/The_End_of_the_Affair_1955_film.jpg,wikipedia-infobox,9123604,The End of the Affair (1955 film),2026-06-20T14:15:06+00:00
3127,Holy Smoke (1999),Holy Smoke,1999,https://en.wikipedia.org/wiki/Special:FilePath/Holy_smoke_ver1.jpg,wikipedia-infobox,Q143835,Holy Smoke!,2026-06-20T14:15:28+00:00
3128,"Map of the World, A (1999)","Map of the World, A",1999,https://en.wikipedia.org/wiki/Special:FilePath/AMapOfTheWorld.jpg,wikipedia-infobox,3608582,A Map of the World,2026-06-20T14:15:07+00:00
3129,Sweet and Lowdown (1999),Sweet and Lowdown,1999,https://en.wikipedia.org/wiki/Special:FilePath/Sweet_lowdown_moviep.jpg,wikipedia-infobox,171588,Sweet and Lowdown,2026-06-20T14:15:07+00:00
3130,Bonfire of the Vanities (1990),Bonfire of the Vanities,1990,https://en.wikipedia.org/wiki/Special:FilePath/IMG_0797_-_Perugia_-_San_Bernardino_-_Agostino_di_Duccio_-1457-61-_-_Fal%C3%B2_delle_vanit%C3%A0_-_Foto_G._Dall%27O2.jpg,wikipedia-infobox,464324,Bonfire of the vanities,2026-06-20T14:15:07+00:00
3131,Broadway Damage (1997),Broadway Damage,1997,https://m.media-amazon.com/images/M/MV5BMzY4MzI1OTEyMF5BMl5BanBnXkFtZTcwMzY3NDkxMQ@@._V1_.jpg,imdb-suggest,tt0118780,Broadway Damage,2026-06-21T07:17:46+00:00
3132,Daddy Long Legs (1919),Daddy Long Legs,1919,https://en.wikipedia.org/wiki/Special:FilePath/Daddy_Long_Legs_Poster.jpg,wikipedia-infobox,7357205,Daddy-Long-Legs (1919 film),2026-06-20T14:15:06+00:00
3133,Go West (1925),Go West,1925,https://en.wikipedia.org/wiki/Special:FilePath/Keaton_Go_West_1925.jpg,wikipedia-infobox,9021073,Go West (1925 film),2026-06-20T14:15:06+00:00
3134,"Grand Illusion (Grande illusion, La) (1937)","Grand Illusion (Grande illusion, La)",1937,https://en.wikipedia.org/wiki/Special:FilePath/GrandeIllusion.jpg,wikipedia-infobox,62097,La Grande Illusion,2026-06-20T20:42:04+00:00
3135,"Great Santini, The (1979)","Great Santini, The",1979,https://en.wikipedia.org/wiki/Special:FilePath/Great_santini.jpg,wikipedia-infobox,164388,The Great Santini,2026-06-20T14:15:32+00:00
3136,"James Dean Story, The (1957)","James Dean Story, The",1957,https://en.wikipedia.org/wiki/Special:FilePath/JamesDeanDVD.jpg,wikipedia-infobox,10949969,The James Dean Story,2026-06-20T14:15:32+00:00
3137,"Sea Wolves, The (1980)","Sea Wolves, The",1980,https://en.wikipedia.org/wiki/Special:FilePath/The_Sea_Wolves.jpg,wikipedia-infobox,2022113,The Sea Wolves,2026-06-20T14:15:32+00:00
3138,Stealing Home (1988),Stealing Home,1988,https://en.wikipedia.org/wiki/Special:FilePath/Stealinghomeposter.jpg,wikipedia-infobox,2305786,Stealing Home,2026-06-20T14:15:32+00:00
3139,Tarzan the Fearless (1933),Tarzan the Fearless,1933,https://en.wikipedia.org/wiki/Special:FilePath/Poster_-_Tarzan_the_Fearless_01.jpg,wikipedia-infobox,17806123,Tarzan the Fearless,2026-06-20T14:15:32+00:00
3140,"Three Ages, The (1923)","Three Ages, The",1923,https://en.wikipedia.org/wiki/Special:FilePath/3_Ages_%281923%29_Poster.jpg,wikipedia-infobox,5566931,Three Ages,2026-06-20T14:15:32+00:00
3141,"Two Jakes, The (1990)","Two Jakes, The",1990,https://en.wikipedia.org/wiki/Special:FilePath/Two_jakes_poster.jpg,wikipedia-infobox,1636672,The Two Jakes,2026-06-20T14:15:32+00:00
3142,U2: Rattle and Hum (1988),U2: Rattle and Hum,1988,https://m.media-amazon.com/images/M/MV5BZTQ3MDI1MjYtMmI0YS00YWFkLTk4ZDEtZDQ5MzdhNmZkZWExXkEyXkFqcGc@._V1_.jpg,imdb-suggest,tt0096328,U2: Rattle and Hum,2026-06-21T07:17:48+00:00
3143,Hell in the Pacific (1968),Hell in the Pacific,1968,https://en.wikipedia.org/wiki/Special:FilePath/Hell4t6.jpg,wikipedia-infobox,1194122,Hell in the Pacific,2026-06-20T14:15:32+00:00
3144,"Glass Bottom Boat, The (1966)","Glass Bottom Boat, The",1966,https://en.wikipedia.org/wiki/Special:FilePath/The_Glass_Bottom_Boat_poster.jpg,wikipedia-infobox,2001301,The Glass Bottom Boat,2026-06-20T14:15:32+00:00
3145,"Cradle Will Rock, The (1999)","Cradle Will Rock, The",1999,https://en.wikipedia.org/wiki/Special:FilePath/The-Cradle-Will-Rock-1938-FE.jpg,wikipedia-infobox,1255398,The Cradle Will Rock,2026-06-20T14:15:32+00:00
3146,Deuce Bigalow: Male Gigolo (1999),Deuce Bigalow: Male Gigolo,1999,https://en.wikipedia.org/wiki/Special:FilePath/Deucebigalowmalegigolotp.jpg,wikipedia-infobox,1735236,Deuce Bigalow: Male Gigolo,2026-06-20T14:15:32+00:00
3147,"Green Mile, The (1999)","Green Mile, The",1999,https://en.wikipedia.org/wiki/Special:FilePath/The_Green_Mile_%28movie_poster%29.jpg,wikipedia-infobox,946164,The Green Mile (film),2026-06-20T14:15:32+00:00
3148,"Cider House Rules, The (1999)","Cider House Rules, The",1999,https://en.wikipedia.org/wiki/Special:FilePath/Cider_house_rules.jpg,wikipedia-infobox,2804661,The Cider House Rules,2026-06-20T14:15:32+00:00
3149,Diamonds (1999),Diamonds,1999,https://en.wikipedia.org/wiki/Special:FilePath/Diamonds_%281999_film%29.jpg,wikipedia-infobox,8229935,Diamonds (1999 film),2026-06-20T14:15:31+00:00
3150,"War Zone, The (1999)","War Zone, The",1999,https://en.wikipedia.org/wiki/Special:FilePath/Warzoneposter.jpeg,wikipedia-infobox,4035081,The War Zone,2026-06-20T14:15:32+00:00
3151,"Bat Whispers, The (1930)","Bat Whispers, The",1930,https://en.wikipedia.org/wiki/Special:FilePath/Batwhispers.jpg,wikipedia-infobox,17951322,The Bat Whispers,2026-06-20T14:15:32+00:00
3152,"Last Picture Show, The (1971)","Last Picture Show, The",1971,https://en.wikipedia.org/wiki/Special:FilePath/The_Last_Picture_Show_%28movie_poster%29.jpg,wikipedia-infobox,74868,The Last Picture Show,2026-06-20T14:15:32+00:00
3153,"7th Voyage of Sinbad, The (1958)","7th Voyage of Sinbad, The",1958,https://en.wikipedia.org/wiki/Special:FilePath/The_7th_Voyage_of_Sinbad_%281958_poster%29.jpeg,wikipedia-infobox,226519,The 7th Voyage of Sinbad,2026-06-20T14:15:32+00:00
3154,Blood on the Sun (1945),Blood on the Sun,1945,https://en.wikipedia.org/wiki/Special:FilePath/Blood_on_the_sun322.jpg,wikipedia-infobox,5222773,Blood on the Sun,2026-06-20T14:15:32+00:00
3155,Anna and the King (1999),Anna and the King,1999,https://en.wikipedia.org/wiki/Special:FilePath/Anna_and_the_king.jpg,wikipedia-infobox,473253,Anna and the King,2026-06-20T14:15:32+00:00
3156,Bicentennial Man (1999),Bicentennial Man,1999,https://en.wikipedia.org/wiki/Special:FilePath/The_Bicentennial_Man_book_cover.png,wikipedia-infobox,331525,The Bicentennial Man,2026-06-20T14:15:32+00:00
3157,Stuart Little (1999),Stuart Little,1999,https://en.wikipedia.org/wiki/Special:FilePath/StuartLittle.jpg,wikipedia-infobox,29414,Stuart Little,2026-06-20T14:15:32+00:00
3158,"Emperor and the Assassin, The (Jing ke ci qin wang) (1999)","Emperor and the Assassin, The (Jing ke ci qin wang)",1999,https://m.media-amazon.com/images/M/MV5BMjkxMmQyZDQtZWI5Zi00OTYzLWJiZDEtMTNiY2Q3YzU5ZmU2XkEyXkFqcGc@._V1_.jpg,imdb-suggest,tt0162866,The Emperor and the Assassin,2026-06-21T07:25:35+00:00
3159,Fantasia 2000 (1999),Fantasia 2000,1999,https://en.wikipedia.org/wiki/Special:FilePath/Fantasia2000_Poster.jpg,wikipedia-infobox,507679,Fantasia 2000,2026-06-20T14:15:32+00:00
3160,Magnolia (1999),Magnolia,1999,https://en.wikipedia.org/wiki/Special:FilePath/Magnolia_poster.png,wikipedia-infobox,231829,Magnolia (film),2026-06-20T14:15:31+00:00
3161,Onegin (1999),Onegin,1999,https://en.wikipedia.org/wiki/Special:FilePath/Onegin_%28film_poster%29.png,wikipedia-infobox,1259297,Onegin (1999 film),2026-06-20T14:15:31+00:00
3162,Simpatico (1999),Simpatico,1999,https://en.wikipedia.org/wiki/Special:FilePath/Simpatico_movie_poster.jpg,wikipedia-infobox,18241669,Simpatico (film),2026-06-20T14:15:32+00:00
3163,Topsy-Turvy (1999),Topsy-Turvy,1999,https://en.wikipedia.org/wiki/Special:FilePath/Topsy_Turvy.jpg,wikipedia-infobox,1052246,Topsy-Turvy,2026-06-20T14:15:32+00:00
3164,"Alley Cats, The (1968)","Alley Cats, The",1968,https://en.wikipedia.org/wiki/Special:FilePath/The_Alley_Cats_film_Theatrical_release_poster_%281966%29.jpg,wikipedia-infobox,53733291,The Alley Cats (film),2026-06-20T14:15:32+00:00
3165,Boiling Point (1993),Boiling Point,1993,https://en.wikipedia.org/wiki/Special:FilePath/Boilingpointpost.jpg,wikipedia-infobox,9906067,Boiling Point (1993 film),2026-06-20T14:15:31+00:00
3166,Brenda Starr (1989),Brenda Starr,1989,https://en.wikipedia.org/wiki/Special:FilePath/Brendastarrposter.jpg,wikipedia-infobox,16205281,Brenda Starr (1989 film),2026-06-20T14:15:31+00:00
3167,Carnal Knowledge (1971),Carnal Knowledge,1971,https://en.wikipedia.org/wiki/Special:FilePath/Carnal_knowledge.jpg,wikipedia-infobox,549949,Carnal Knowledge (film),2026-06-20T14:15:32+00:00
3168,Easy Rider (1969),Easy Rider,1969,https://en.wikipedia.org/wiki/Special:FilePath/EasyRider.jpg,wikipedia-infobox,73444,Easy Rider,2026-06-20T14:15:32+00:00
3169,"Falcon and the Snowman, The (1984)","Falcon and the Snowman, The",1984,https://en.wikipedia.org/wiki/Special:FilePath/Falcon_and_the_snowman_ver3.jpg,wikipedia-infobox,1388850,The Falcon and the Snowman,2026-06-20T14:15:32+00:00
3171,Room at the Top (1959),Room at the Top,1959,https://en.wikipedia.org/wiki/Special:FilePath/Room_at_the_Top_poster_2.jpg,wikipedia-infobox,92688,Room at the Top (1958 film),2026-06-20T14:15:31+00:00
3172,Ulysses (Ulisse) (1954),Ulysses (Ulisse),1954,https://en.wikipedia.org/wiki/Special:FilePath/Ulysses_1954_poster.jpg,wikipedia-infobox,13264461,Ulysses (1954 film),2026-06-20T20:42:01+00:00
3173,Any Given Sunday (1999),Any Given Sunday,1999,https://en.wikipedia.org/wiki/Special:FilePath/Any_Given_Sunday.jpg,wikipedia-infobox,222500,Any Given Sunday,2026-06-20T14:15:32+00:00
3174,Man on the Moon (1999),Man on the Moon,1999,https://en.wikipedia.org/wiki/Special:FilePath/manonthemoonposter.jpg,wikipedia-infobox,104916,Man on the Moon (film),2026-06-20T14:15:32+00:00
3175,Galaxy Quest (1999),Galaxy Quest,1999,https://en.wikipedia.org/wiki/Special:FilePath/Galaxy_Quest_poster.jpg,wikipedia-infobox,13149,Galaxy Quest,2026-06-20T19:31:30+00:00
3176,"Talented Mr. Ripley, The (1999)","Talented Mr. Ripley, The",1999,https://en.wikipedia.org/wiki/Special:FilePath/Talented_mr_ripley.jpg,wikipedia-infobox,536009,The Talented Mr. Ripley (film),2026-06-20T19:31:31+00:00
3177,Next Friday (1999),Next Friday,1999,https://m.media-amazon.com/images/M/MV5BZmU0MTAwNDAtYmU1Zi00NDViLThkZDYtYmVhZGJhM2E4NzMxXkEyXkFqcGc@._V1_.jpg,imdb-suggest,tt0195945,Next Friday,2026-06-21T07:25:35+00:00
3178,"Hurricane, The (1999)","Hurricane, The",1999,https://en.wikipedia.org/wiki/Special:FilePath/The_Hurricane_poster.JPG,wikipedia-infobox,171568,The Hurricane (1999 film),2026-06-20T19:31:30+00:00
3179,Angela's Ashes (1999),Angela's Ashes,1999,https://en.wikipedia.org/wiki/Special:FilePath/Angelas_ashes_ver2.jpg,wikipedia-infobox,3667955,Angela's Ashes (film),2026-06-20T19:31:31+00:00
3180,Play it to the Bone (1999),Play it to the Bone,1999,https://m.media-amazon.com/images/M/MV5BMTM2NjY1MTA2Nl5BMl5BanBnXkFtZTYwMzY2Mzc3._V1_.jpg,imdb-suggest,tt0196857,Play It to the Bone,2026-06-21T07:17:56+00:00
3181,Titus (1999),Titus,1999,https://en.wikipedia.org/wiki/Special:FilePath/Titus_ver1.jpg,wikipedia-infobox,963023,Titus (film),2026-06-20T19:31:33+00:00
3182,Mr. Death: The Rise and Fall of Fred A. Leuchter Jr. (1999),Mr. Death: The Rise and Fall of Fred A. Leuchter Jr.,1999,https://m.media-amazon.com/images/M/MV5BNmViNTUwMjktY2ZlNC00M2Y3LWJkNzctZWFjY2ZlOThjNGRhXkEyXkFqcGc@._V1_.jpg,imdb-suggest,tt0192335,"Mr. Death: The Rise and Fall of Fred A. Leuchter, Jr.",2026-06-21T07:17:58+00:00
3183,"Third Miracle, The (1999)","Third Miracle, The",1999,https://en.wikipedia.org/wiki/Special:FilePath/Third_miracle.jpg,wikipedia-infobox,8453956,The Third Miracle,2026-06-20T19:32:02+00:00
3184,Montana (1998),Montana,1998,https://en.wikipedia.org/wiki/Special:FilePath/MontanaDVDcover.jpg,wikipedia-infobox,11524361,Montana (1998 film),2026-06-20T19:31:33+00:00
3185,Snow Falling on Cedars (1999),Snow Falling on Cedars,1999,https://en.wikipedia.org/wiki/Special:FilePath/SnowFallingOnCedars.jpg,wikipedia-infobox,1851232,Snow Falling on Cedars,2026-06-20T19:32:02+00:00
3186,"Girl, Interrupted (1999)","Girl, Interrupted",1999,https://en.wikipedia.org/wiki/Special:FilePath/Girl%2C_Interrupted_%281999%29.png,wikipedia-infobox,3383952,"Girl, Interrupted (film)",2026-06-20T19:32:02+00:00
3187,Trans (1998),Trans,1998,https://en.wikipedia.org/wiki/Special:FilePath/transfilm1999.jpg,wikipedia-infobox,23960359,Trans (1998 film),2026-06-20T19:31:33+00:00
3188,"Life and Times of Hank Greenberg, The (1998)","Life and Times of Hank Greenberg, The",1998,https://en.wikipedia.org/wiki/Special:FilePath/The_Life_and_Times_of_Hank_Greenberg.jpg,wikipedia-infobox,8136364,The Life and Times of Hank Greenberg,2026-06-20T19:32:02+00:00
3189,My Dog Skip (1999),My Dog Skip,1999,https://m.media-amazon.com/images/M/MV5BMTc1NDgxMjg5MV5BMl5BanBnXkFtZTYwNTUxODc5._V1_.jpg,imdb-suggest,tt0156812,My Dog Skip,2026-06-21T07:25:35+00:00
3190,Supernova (2000),Supernova,2000,https://en.wikipedia.org/wiki/Special:FilePath/Supernova_ver1.jpg,wikipedia-infobox,2707684,Supernova (2000 film),2026-06-20T19:31:33+00:00
3192,"Terrorist, The (Malli) (1998)","Terrorist, The (Malli)",1998,https://m.media-amazon.com/images/M/MV5BYWUxMjMxZTctNWFkZS00ODVlLThjZmYtZTcyMmY0N2MzNzU2XkEyXkFqcGc@._V1_.jpg,imdb-suggest,tt0169302,The Terrorist,2026-06-21T07:18:01+00:00
3194,"Way We Were, The (1973)","Way We Were, The",1973,https://en.wikipedia.org/wiki/Special:FilePath/The_Way_We_Were.jpg,wikipedia-infobox,225476,The Way We Were,2026-06-20T19:32:02+00:00
3196,Stalag 17 (1953),Stalag 17,1953,https://en.wikipedia.org/wiki/Special:FilePath/Stalag_17_%281953%29_1959_re-release_poster.jpg,wikipedia-infobox,156641,Stalag 17,2026-06-20T19:32:02+00:00
3197,"Presidio, The (1988)","Presidio, The",1988,https://en.wikipedia.org/wiki/Special:FilePath/The_Presidio_%281988%29.cover.jpg,wikipedia-infobox,3082021,The Presidio (film),2026-06-20T19:32:02+00:00
3198,Papillon (1973),Papillon,1973,https://en.wikipedia.org/wiki/Special:FilePath/Papillon_ver1.jpg,wikipedia-infobox,872386,Papillon (1973 film),2026-06-20T19:31:33+00:00
3199,Pal Joey (1957),Pal Joey,1957,https://en.wikipedia.org/wiki/Special:FilePath/Poster_-_Pal_Joey_01.jpg,wikipedia-infobox,9956825,Pal Joey (film),2026-06-20T19:32:02+00:00
3200,"Last Detail, The (1973)","Last Detail, The",1973,https://en.wikipedia.org/wiki/Special:FilePath/Last_detail.jpg,wikipedia-infobox,163457,The Last Detail,2026-06-20T19:32:02+00:00
3201,Five Easy Pieces (1970),Five Easy Pieces,1970,https://en.wikipedia.org/wiki/Special:FilePath/Five_easy_pieces.jpg,wikipedia-infobox,73467,Five Easy Pieces,2026-06-20T19:32:02+00:00
3202,Even Dwarfs Started Small (Auch Zwerge haben klein angefangen) (1971),Even Dwarfs Started Small (Auch Zwerge haben klein angefangen),1971,https://m.media-amazon.com/images/M/MV5BMjIyMDZkMTUtYWQ2MS00MTM4LTk3ZWUtMjEzNzZjNGZjOTFlXkEyXkFqcGc@._V1_.jpg,imdb-suggest,tt0065436,Even Dwarfs Started Small,2026-06-21T07:25:35+00:00
3203,Dead Calm (1989),Dead Calm,1989,https://en.wikipedia.org/wiki/Special:FilePath/Deadcalmposter.jpg,wikipedia-infobox,697868,Dead Calm (film),2026-06-20T19:32:02+00:00
3204,"Boys from Brazil, The (1978)","Boys from Brazil, The",1978,https://en.wikipedia.org/wiki/Special:FilePath/boys_from_brazil.jpg,wikipedia-infobox,143834,The Boys from Brazil (film),2026-06-20T19:32:05+00:00
3205,Black Sunday (La Maschera Del Demonio) (1960),Black Sunday (La Maschera Del Demonio),1960,https://en.wikipedia.org/wiki/Special:FilePath/La_maschera_del_demonio_%28film_cover%29.jpg,wikipedia-infobox,2483209,Black Sunday (1960 film),2026-06-20T20:42:02+00:00
3206,Against All Odds (1984),Against All Odds,1984,https://en.wikipedia.org/wiki/Special:FilePath/Against_all_Odds_%281984%29_film_poster.jpg,wikipedia-infobox,570350,Against All Odds (1984 film),2026-06-20T19:32:04+00:00
3207,"Snows of Kilimanjaro, The (1952)","Snows of Kilimanjaro, The",1952,https://en.wikipedia.org/wiki/Special:FilePath/The_Snows_of_Kilimanjaro.jpg,wikipedia-infobox,11253233,The Snows of Kilimanjaro (1952 film),2026-06-20T19:32:04+00:00
3208,Loaded Weapon 1 (1993),Loaded Weapon 1,1993,https://en.wikipedia.org/wiki/Special:FilePath/Loaded_Weapon_1_poster.jpg,wikipedia-infobox,685981,Loaded Weapon 1,2026-06-20T19:32:05+00:00
3209,"Loves of Carmen, The (1948)","Loves of Carmen, The",1948,https://en.wikipedia.org/wiki/Special:FilePath/The_Loves_of_Carmen_poster.jpg,wikipedia-infobox,4340088,The Loves of Carmen (1948 film),2026-06-20T19:32:04+00:00
3210,Fast Times at Ridgemont High (1982),Fast Times at Ridgemont High,1982,https://en.wikipedia.org/wiki/Special:FilePath/Fast_Times_at_Ridgemont_High_film_poster.jpg,wikipedia-infobox,453236,Fast Times at Ridgemont High,2026-06-20T19:32:05+00:00
3211,"Cry in the Dark, A (1988)","Cry in the Dark, A",1988,https://en.wikipedia.org/wiki/Special:FilePath/EVILANGELS.jpg,wikipedia-infobox,595909,Evil Angels (film),2026-06-20T19:32:05+00:00
3212,Born to Win (1971),Born to Win,1971,https://en.wikipedia.org/wiki/Special:FilePath/Dvd_Born_to_Win.jpg,wikipedia-infobox,15887664,Born to Win,2026-06-20T19:32:05+00:00
3213,Batman: Mask of the Phantasm (1993),Batman: Mask of the Phantasm,1993,https://en.wikipedia.org/wiki/Special:FilePath/Batman_mask_of_the_phantasm_poster.jpg,wikipedia-infobox,311765,Batman: Mask of the Phantasm,2026-06-20T19:32:05+00:00
3214,American Flyers (1985),American Flyers,1985,https://en.wikipedia.org/wiki/Special:FilePath/American_flyers.jpg,wikipedia-infobox,8977593,American Flyers,2026-06-20T19:32:05+00:00
3215,Voyage of the Damned (1976),Voyage of the Damned,1976,https://en.wikipedia.org/wiki/Special:FilePath/Voyage_of_the_Damned_%281976_film%29.jpg,wikipedia-infobox,1276307,Voyage of the Damned,2026-06-20T19:32:05+00:00
3216,Vampyros Lesbos (Las Vampiras) (1970),Vampyros Lesbos (Las Vampiras),1970,https://m.media-amazon.com/images/M/MV5BOWUyMTBlMDktMzNjMC00MWYyLTg0NWItMDgyZDY4YWZlMzA4XkEyXkFqcGc@._V1_.jpg,imdb-suggest,tt0066380,Vampyros Lesbos,2026-06-21T07:25:36+00:00
3217,"Star Is Born, A (1937)","Star Is Born, A",1937,https://en.wikipedia.org/wiki/Special:FilePath/A_Star_Is_Born_%281937_film_poster%29.jpg,wikipedia-infobox,3450569,A Star Is Born (1937 film),2026-06-20T19:32:04+00:00
3218,Poison (1991),Poison,1991,https://en.wikipedia.org/wiki/Special:FilePath/Poison-Haynes.jpg,wikipedia-infobox,7444907,Poison (1991 film),2026-06-20T19:32:04+00:00
3219,Pacific Heights (1990),Pacific Heights,1990,https://en.wikipedia.org/wiki/Special:FilePath/Pacific_Heights_DVD_Cover.jpg,wikipedia-infobox,1695109,Pacific Heights (film),2026-06-20T19:32:04+00:00
3220,Night Tide (1961),Night Tide,1961,https://en.wikipedia.org/wiki/Special:FilePath/Night_Tide%2C_film_poster.jpg,wikipedia-infobox,11160859,Night Tide,2026-06-20T19:32:05+00:00
3221,"Draughtsman's Contract, The (1982)","Draughtsman's Contract, The",1982,https://en.wikipedia.org/wiki/Special:FilePath/The_Draughtsman%27s_Contract_theatrical_poster.png,wikipedia-infobox,1088677,The Draughtsman's Contract,2026-06-20T19:32:05+00:00
3222,Carmen (1984),Carmen,1984,https://en.wikipedia.org/wiki/Special:FilePath/Carmen_rosi_poster.jpg,wikipedia-infobox,3129567,Carmen (1984 film),2026-06-20T19:32:04+00:00
3223,"Zed & Two Noughts, A (1985)","Zed & Two Noughts, A",1985,https://en.wikipedia.org/wiki/Special:FilePath/A_Zed_and_Two_Noughts_poster.jpg,wikipedia-infobox,1630107,A Zed & Two Noughts,2026-06-20T19:32:05+00:00
3224,Woman in the Dunes (Suna no onna) (1964),Woman in the Dunes (Suna no onna),1964,https://en.wikipedia.org/wiki/Special:FilePath/Woman_in_the_Dunes_poster.jpg,wikipedia-infobox,1146094,Woman in the Dunes,2026-06-20T20:42:03+00:00
3225,Down to You (2000),Down to You,2000,https://en.wikipedia.org/wiki/Special:FilePath/Down_to_you.jpg,wikipedia-infobox,2981197,Down to You,2026-06-20T19:33:43+00:00
3228,Wirey Spindell (1999),Wirey Spindell,1999,https://m.media-amazon.com/images/M/MV5BMjA0MzA1NzA0NV5BMl5BanBnXkFtZTcwMjU2MTgxMQ@@._V1_.jpg,imdb-suggest,tt0153866,Wirey Spindell,2026-06-21T07:18:14+00:00
3229,Another Man's Poison (1952),Another Man's Poison,1952,https://m.media-amazon.com/images/M/MV5BM2FjODg3ZTgtZWJlNi00MDk1LWI0ZTEtYTZmYzdlZjk2ZDYwXkEyXkFqcGc@._V1_.jpg,imdb-suggest,tt0044364,Another Man's Poison,2026-06-21T07:25:36+00:00
3230,"Odessa File, The (1974)","Odessa File, The",1974,https://en.wikipedia.org/wiki/Special:FilePath/The_Odessa_File_-_Frederick_Forsyth.jpg,wikipedia-infobox,2544050,The Odessa File,2026-06-20T19:33:43+00:00
3232,Seven Chances (1925),Seven Chances,1925,https://en.wikipedia.org/wiki/Special:FilePath/Seven_Chances_%28poster%2C_1925%29.jpg,wikipedia-infobox,5697483,Seven Chances,2026-06-20T19:33:43+00:00
3233,Smashing Time (1967),Smashing Time,1967,https://en.wikipedia.org/wiki/Special:FilePath/Smashingtime.jpg,wikipedia-infobox,6872687,Smashing Time,2026-06-20T19:33:43+00:00
3235,Where the Buffalo Roam (1980),Where the Buffalo Roam,1980,https://en.wikipedia.org/wiki/Special:FilePath/Where_the_Buffalo_Roam_%281980_film_poster%2C_Ralph_Steadman_illustration%29.jpg,wikipedia-infobox,1843114,Where the Buffalo Roam,2026-06-20T19:33:43+00:00
3236,Zachariah (1971),Zachariah,1971,https://en.wikipedia.org/wiki/Special:FilePath/Zachariah_%281971%29_poster.jpg,wikipedia-infobox,6415208,Zachariah (film),2026-06-20T19:33:43+00:00
3237,Kestrel's Eye (Falkens öga) (1998),Kestrel's Eye (Falkens öga),1998,https://m.media-amazon.com/images/M/MV5BNjA5NmEyNGItZmI3ZC00ZTdmLWFkY2MtYmZhNWU5YjRiOGExXkEyXkFqcGc@._V1_.jpg,imdb-suggest,tt0183065,Kestrel's Eye,2026-06-21T07:18:18+00:00
3238,Eye of the Beholder (1999),Eye of the Beholder,1999,https://en.wikipedia.org/wiki/Special:FilePath/Eyeofbeholderposter.jpg,wikipedia-infobox,1861161,Eye of the Beholder (film),2026-06-20T19:33:44+00:00
3239,Isn't She Great? (2000),Isn't She Great?,2000,https://m.media-amazon.com/images/M/MV5BNGFlYjUzZjYtYzEzOC00NDZiLThhYTEtMzY0ODhiMWNkOTg1XkEyXkFqcGc@._V1_.jpg,imdb-suggest,tt0141399,Isn't She Great,2026-06-21T07:18:23+00:00
3240,"Big Tease, The (1999)","Big Tease, The",1999,https://en.wikipedia.org/wiki/Special:FilePath/Big_tease.jpg,wikipedia-infobox,7306824,The Big Tease,2026-06-20T19:33:43+00:00
3241,"Cup, The (Phörpa) (1999)","Cup, The (Phörpa)",1999,https://en.wikipedia.org/wiki/Special:FilePath/The_Cup_film.jpg,wikipedia-infobox,2828729,The Cup (1999 film),2026-06-20T20:42:02+00:00
3242,Santitos (1997),Santitos,1997,https://media.themoviedb.org/t/p/original/gPUqoCmGLwfDqiK9dVG2b8bzQMm.jpg,manual-curated,tmdb-web:little-saints,Little Saints,2026-06-21T07:45:33+00:00
3243,Encino Man (1992),Encino Man,1992,https://en.wikipedia.org/wiki/Special:FilePath/EncinoMan.jpg,wikipedia-infobox,1596589,Encino Man,2026-06-20T19:33:43+00:00
3244,"Goodbye Girl, The (1977)","Goodbye Girl, The",1977,https://en.wikipedia.org/wiki/Special:FilePath/Goodbye_Girl_movie_poster.jpg,wikipedia-infobox,101943,The Goodbye Girl,2026-06-20T19:33:43+00:00
3245,I Am Cuba (Soy Cuba/Ya Kuba) (1964),I Am Cuba (Soy Cuba/Ya Kuba),1964,https://en.wikipedia.org/wiki/Special:FilePath/Soy_Cuba_film_poster.png,wikipedia-infobox,1031735,I Am Cuba,2026-06-20T20:42:07+00:00
3246,Malcolm X (1992),Malcolm X,1992,https://en.wikipedia.org/wiki/Special:FilePath/Malcolmxdvdset.jpg,wikipedia-infobox,300972,Malcolm X (1992 film),2026-06-20T19:33:43+00:00
3247,Sister Act (1992),Sister Act,1992,https://en.wikipedia.org/wiki/Special:FilePath/Sister_Act_film_poster.jpg,wikipedia-infobox,920468,Sister Act,2026-06-20T19:33:43+00:00
3248,Sister Act 2: Back in the Habit (1993),Sister Act 2: Back in the Habit,1993,https://en.wikipedia.org/wiki/Special:FilePath/Sister_Act_2_Back_in_the_Habit_film_poster.jpg,wikipedia-infobox,949131,Sister Act 2: Back in the Habit,2026-06-20T19:33:47+00:00
3249,"Hand That Rocks the Cradle, The (1992)","Hand That Rocks the Cradle, The",1992,https://en.wikipedia.org/wiki/Special:FilePath/Handrockscradle.jpg,wikipedia-infobox,1037120,The Hand That Rocks the Cradle (1992 film),2026-06-20T19:33:46+00:00
3250,Alive (1993),Alive,1993,https://en.wikipedia.org/wiki/Special:FilePath/Alive92poster.jpg,wikipedia-infobox,646009,Alive (1993 film),2026-06-20T19:33:46+00:00
3251,Agnes of God (1985),Agnes of God,1985,https://en.wikipedia.org/wiki/Special:FilePath/Agnes_moviep.jpg,wikipedia-infobox,16928777,Agnes of God (film),2026-06-20T19:33:47+00:00
3252,Scent of a Woman (1992),Scent of a Woman,1992,https://en.wikipedia.org/wiki/Special:FilePath/Scent_of_a_Woman.jpg,wikipedia-infobox,133648,Scent of a Woman (1992 film),2026-06-20T19:33:46+00:00
3253,Wayne's World (1992),Wayne's World,1992,https://en.wikipedia.org/wiki/Special:FilePath/Waynes_world_ver2.jpg,wikipedia-infobox,77744,Wayne's World (film),2026-06-20T19:33:47+00:00
3254,Wayne's World 2 (1993),Wayne's World 2,1993,https://en.wikipedia.org/wiki/Special:FilePath/Wayne%27s_World_2.jpg,wikipedia-infobox,149113,Wayne's World 2,2026-06-20T19:33:47+00:00
3255,"League of Their Own, A (1992)","League of Their Own, A",1992,https://en.wikipedia.org/wiki/Special:FilePath/League_of_their_own_ver2.jpg,wikipedia-infobox,543433,A League of Their Own,2026-06-20T19:33:47+00:00
3256,Patriot Games (1992),Patriot Games,1992,https://en.wikipedia.org/wiki/Special:FilePath/PatriotGames.JPG,wikipedia-infobox,924814,Patriot Games,2026-06-20T19:33:47+00:00
3257,"Bodyguard, The (1992)","Bodyguard, The",1992,https://en.wikipedia.org/wiki/Special:FilePath/The_Bodyguard_1992_Film_Poster.jpg,wikipedia-infobox,412476,The Bodyguard (1992 film),2026-06-20T19:33:46+00:00
3258,Death Becomes Her (1992),Death Becomes Her,1992,https://en.wikipedia.org/wiki/Special:FilePath/Death_Becomes_Her_poster.jpg,wikipedia-infobox,105972,Death Becomes Her,2026-06-20T19:33:47+00:00
3259,Far and Away (1992),Far and Away,1992,https://en.wikipedia.org/wiki/Special:FilePath/Far_and_away_ver1.jpg,wikipedia-infobox,705925,Far and Away,2026-06-20T19:33:47+00:00
3260,Howards End (1992),Howards End,1992,https://en.wikipedia.org/wiki/Special:FilePath/Howards_end_poster.jpg,wikipedia-infobox,133622,Howards End (film),2026-06-20T19:33:47+00:00
3261,Singles (1992),Singles,1992,https://en.wikipedia.org/wiki/Special:FilePath/Singles_poster.jpg,wikipedia-infobox,577663,Singles (1992 film),2026-06-20T19:33:46+00:00
3262,Twin Peaks: Fire Walk with Me (1992),Twin Peaks: Fire Walk with Me,1992,https://en.wikipedia.org/wiki/Special:FilePath/Twin_Peaks_-_Fire_Walk_with_Me.png,wikipedia-infobox,245515,Twin Peaks: Fire Walk with Me,2026-06-20T19:33:47+00:00
3263,White Men Can't Jump (1992),White Men Can't Jump,1992,https://en.wikipedia.org/wiki/Special:FilePath/White_men_cant_jump.jpg,wikipedia-infobox,1665752,White Men Can't Jump,2026-06-20T19:33:47+00:00
3264,Buffy the Vampire Slayer (1992),Buffy the Vampire Slayer,1992,https://en.wikipedia.org/wiki/Special:FilePath/Buffy_The_Vampire_Slayer_Movie.jpg,wikipedia-infobox,4231,Buffy the Vampire Slayer (film),2026-06-20T19:33:47+00:00
3265,Hard-Boiled (Lashou shentan) (1992),Hard-Boiled (Lashou shentan),1992,https://en.wikipedia.org/wiki/Special:FilePath/Hard-boiled-film-poster.jpg,wikipedia-infobox,577618,Hard Boiled,2026-06-20T20:42:07+00:00
3266,Man Bites Dog (C'est arrivé près de chez vous) (1992),Man Bites Dog (C'est arrivé près de chez vous),1992,https://en.wikipedia.org/wiki/Special:FilePath/Man_Bites_Dog_-_censored_poster.jpg,wikipedia-infobox,73585,Man Bites Dog (film),2026-06-20T20:42:07+00:00
3267,"Mariachi, El (1992)","Mariachi, El",1992,https://m.media-amazon.com/images/M/MV5BZDc0ZmVjYWItMmY4MC00NzFmLThhZjktZWQzMDI1NmE0ZTc4XkEyXkFqcGc@._V1_.jpg,imdb-suggest,tt0104815,El Mariachi,2026-06-21T07:18:26+00:00
3268,Stop! Or My Mom Will Shoot (1992),Stop! Or My Mom Will Shoot,1992,https://en.wikipedia.org/wiki/Special:FilePath/Momshootposter.jpg,wikipedia-infobox,1967834,Stop! Or My Mom Will Shoot,2026-06-20T19:35:26+00:00
3269,Forever Young (1992),Forever Young,1992,https://en.wikipedia.org/wiki/Special:FilePath/Forever_Young_Movie_Poster.jpg,wikipedia-infobox,1562284,Forever Young (1992 film),2026-06-20T19:35:25+00:00
3270,"Cutting Edge, The (1992)","Cutting Edge, The",1992,https://en.wikipedia.org/wiki/Special:FilePath/The_Cutting_Edge_Poster.jpg,wikipedia-infobox,1679183,The Cutting Edge,2026-06-20T19:35:26+00:00
3271,Of Mice and Men (1992),Of Mice and Men,1992,https://en.wikipedia.org/wiki/Special:FilePath/OfMiceAndMenPoster.jpg,wikipedia-infobox,622993,Of Mice and Men (1992 film),2026-06-20T19:35:25+00:00
3272,Bad Lieutenant (1992),Bad Lieutenant,1992,https://en.wikipedia.org/wiki/Special:FilePath/Bad_Lieutenant_.jpg,wikipedia-infobox,1238102,Bad Lieutenant,2026-06-20T19:35:25+00:00
3273,Scream 3 (2000),Scream 3,2000,https://en.wikipedia.org/wiki/Special:FilePath/Scream3_ver2.jpg,wikipedia-infobox,600351,Scream 3,2026-06-20T19:35:26+00:00
3274,Single White Female (1992),Single White Female,1992,https://en.wikipedia.org/wiki/Special:FilePath/Single_white_female_poster.jpg,wikipedia-infobox,2632500,Single White Female,2026-06-20T19:35:26+00:00
3275,"Boondock Saints, The (1999)","Boondock Saints, The",1999,https://en.wikipedia.org/wiki/Special:FilePath/The_Boondock_Saints_poster.jpeg,wikipedia-infobox,517376,The Boondock Saints,2026-06-20T19:35:26+00:00
3276,Gun Shy (2000),Gun Shy,2000,https://en.wikipedia.org/wiki/Special:FilePath/Gun_Shy_2000.jpg,wikipedia-infobox,24597709,Gun Shy (2000 film),2026-06-20T19:35:25+00:00
3277,Beloved/Friend (Amigo/Amado) (1999),Beloved/Friend (Amigo/Amado),1999,https://m.media-amazon.com/images/M/MV5BY2M1Yjk4YzgtYzE2MS00NTkyLWEyYWUtYjU1YjIzOTBmYzA4XkEyXkFqcGc@._V1_.jpg,imdb-suggest,tt0185154,Beloved/Friend,2026-06-21T07:18:27+00:00
3280,"Baby, The (1973)","Baby, The",1973,https://en.wikipedia.org/wiki/Special:FilePath/Poster_of_the_movie_The_Baby.jpg,wikipedia-infobox,25529530,The Baby (film),2026-06-20T19:35:26+00:00
3281,"Brandon Teena Story, The (1998)","Brandon Teena Story, The",1998,https://m.media-amazon.com/images/M/MV5BMWE5NzU1M2ItZTE1Mi00OTY0LTgxYTgtYTMzOTQyN2Q2ZTY2XkEyXkFqcGc@._V1_.jpg,imdb-suggest,tt0144801,The Brandon Teena Story,2026-06-21T07:18:31+00:00
3282,Different for Girls (1996),Different for Girls,1996,https://m.media-amazon.com/images/M/MV5BNTBhNTc1ZDUtMjhhNC00ZWMwLWFkYzQtNTAyNzZlYWViOTEyXkEyXkFqcGc@._V1_.jpg,imdb-suggest,tt0116102,Different for Girls,2026-06-21T07:18:32+00:00
3283,Minnie and Moskowitz (1971),Minnie and Moskowitz,1971,https://en.wikipedia.org/wiki/Special:FilePath/Minnie-and-moskowitz.jpg,wikipedia-infobox,5882475,Minnie and Moskowitz,2026-06-20T19:35:26+00:00
3284,They Might Be Giants (1971),They Might Be Giants,1971,https://en.wikipedia.org/wiki/Special:FilePath/They_Might_Be_Giants_in_Asheville%2C_2025.jpg,wikipedia-infobox,31089,They Might Be Giants,2026-06-20T19:35:26+00:00
3285,"Beach, The (2000)","Beach, The",2000,https://en.wikipedia.org/wiki/Special:FilePath/The_Beach_film.jpg,wikipedia-infobox,4802267,The Beach (film),2026-06-20T19:35:25+00:00
3286,Snow Day (2000),Snow Day,2000,https://en.wikipedia.org/wiki/Special:FilePath/Snow_day_poster.jpg,wikipedia-infobox,1712963,Snow Day (2000 film),2026-06-20T19:35:25+00:00
3287,"Tigger Movie, The (2000)","Tigger Movie, The",2000,https://en.wikipedia.org/wiki/Special:FilePath/The_Tigger_Movie_film.jpg,wikipedia-infobox,94028,The Tigger Movie,2026-06-20T19:35:26+00:00
3288,Cotton Mary (1999),Cotton Mary,1999,https://en.wikipedia.org/wiki/Special:FilePath/Cotton_Mary_%281999%29.png,wikipedia-infobox,6080132,Cotton Mary,2026-06-20T19:35:26+00:00
3289,Not One Less (Yi ge dou bu neng shao) (1999),Not One Less (Yi ge dou bu neng shao),1999,https://en.wikipedia.org/wiki/Special:FilePath/Not_One_Less.jpg,wikipedia-infobox,1128651,Not One Less,2026-06-20T20:42:07+00:00
3290,Soft Toilet Seats (1999),Soft Toilet Seats,1999,https://en.wikipedia.org/wiki/Special:FilePath/Soft_toilet_seats_poster.jpg,wikipedia-infobox,37990229,Soft Toilet Seats,2026-06-20T19:35:29+00:00
3291,Trois (2000),Trois,2000,https://en.wikipedia.org/wiki/Special:FilePath/Trois_VHS_cover.jpg,wikipedia-infobox,9271903,Trois,2026-06-20T19:35:29+00:00
3292,"Big Combo, The (1955)","Big Combo, The",1955,https://en.wikipedia.org/wiki/Special:FilePath/The_Big_Combo_poster.jpg,wikipedia-infobox,1564174,The Big Combo,2026-06-20T19:35:29+00:00
3293,Conceiving Ada (1997),Conceiving Ada,1997,https://en.wikipedia.org/wiki/Special:FilePath/Conceiving_Ada_%28film%29.jpg,wikipedia-infobox,5176136,Conceiving Ada,2026-06-20T19:35:29+00:00
3294,Eaten Alive (1976),Eaten Alive,1976,https://en.wikipedia.org/wiki/Special:FilePath/Eatenaliveposter.jpg,wikipedia-infobox,5135802,Eaten Alive,2026-06-20T19:35:29+00:00
3295,Raining Stones (1993),Raining Stones,1993,https://en.wikipedia.org/wiki/Special:FilePath/Raining_Stones_FilmPoster.jpeg,wikipedia-infobox,7094792,Raining Stones,2026-06-20T19:35:29+00:00
3296,To Sir with Love (1967),To Sir with Love,1967,https://en.wikipedia.org/wiki/Special:FilePath/To-sir-with-love-movie-poster-1967.jpg,wikipedia-infobox,182737,"To Sir, with Love",2026-06-20T19:35:29+00:00
3297,With Byrd at the South Pole (1930),With Byrd at the South Pole,1930,https://en.wikipedia.org/wiki/Special:FilePath/With_byrd_at_the_south_pole_1930_poster.jpg,wikipedia-infobox,30985086,With Byrd at the South Pole,2026-06-20T19:35:29+00:00
3298,Boiler Room (2000),Boiler Room,2000,https://en.wikipedia.org/wiki/Special:FilePath/Boiler_room_ver3.jpg,wikipedia-infobox,837494,Boiler Room (film),2026-06-20T19:35:29+00:00
3299,Hanging Up (2000),Hanging Up,2000,https://en.wikipedia.org/wiki/Special:FilePath/Hangingupposter.jpg,wikipedia-infobox,1942317,Hanging Up,2026-06-20T19:35:29+00:00
3300,Pitch Black (2000),Pitch Black,2000,https://en.wikipedia.org/wiki/Special:FilePath/Pitch_Black_poster.JPG,wikipedia-infobox,488484,Pitch Black (film),2026-06-20T19:35:28+00:00
3301,"Whole Nine Yards, The (2000)","Whole Nine Yards, The",2000,https://en.wikipedia.org/wiki/Special:FilePath/Whole_nine_yards.jpg,wikipedia-infobox,6446995,The Whole Nine Yards (film),2026-06-20T19:35:29+00:00
3302,Beautiful People (1999),Beautiful People,1999,https://en.wikipedia.org/wiki/Special:FilePath/Beautiful_people_film.jpg,wikipedia-infobox,8406407,Beautiful People (film),2026-06-20T19:35:29+00:00
3303,Black Tar Heroin: The Dark End of the Street (1999),Black Tar Heroin: The Dark End of the Street,1999,https://m.media-amazon.com/images/M/MV5BMmQ4MDk4NDctYzZjMi00MTRhLTllZGYtZDgwNzhhOTlmNGJmXkEyXkFqcGc@._V1_.jpg,imdb-suggest,tt0221023,Black Tar Heroin: The Dark End of the Street,2026-06-21T07:25:37+00:00
3304,Blue Collar (1978),Blue Collar,1978,https://en.wikipedia.org/wiki/Special:FilePath/Bluecollarposter.jpg,wikipedia-infobox,3374727,Blue Collar (film),2026-06-20T19:35:29+00:00
3305,Bluebeard (1944),Bluebeard,1944,https://en.wikipedia.org/wiki/Special:FilePath/Bluebeard.jpg,wikipedia-infobox,6552222,Bluebeard (1944 film),2026-06-20T19:35:28+00:00
3306,"Circus, The (1928)","Circus, The",1928,https://en.wikipedia.org/wiki/Special:FilePath/The_Circus_%281928%29_-_Hap_Hadley_poster.jpg,wikipedia-infobox,142780,The Circus (1928 film),2026-06-20T19:35:28+00:00
3307,City Lights (1931),City Lights,1931,https://en.wikipedia.org/wiki/Special:FilePath/City_Lights_%281931_theatrical_poster_-_retouched%29.jpg,wikipedia-infobox,73401,City Lights,2026-06-20T19:35:29+00:00
3308,"Flamingo Kid, The (1984)","Flamingo Kid, The",1984,https://en.wikipedia.org/wiki/Special:FilePath/Flamingokidposter.jpg,wikipedia-infobox,1882500,The Flamingo Kid,2026-06-20T19:35:29+00:00
3309,"Dog's Life, A (1920)","Dog's Life, A",1920,https://m.media-amazon.com/images/M/MV5BMmI0ZTYzOGYtNTI0YS00MTg0LWE4YTktNTZmNzVkNzcyZjI2XkEyXkFqcGc@._V1_.jpg,imdb-suggest,tt0009018,A Dog's Life,2026-06-21T07:25:37+00:00
3310,"Kid, The (1921)","Kid, The",1921,https://en.wikipedia.org/wiki/Special:FilePath/The_Kid_%281921%29_poster.jpg,wikipedia-infobox,1346905,The Kid (1921 film),2026-06-20T19:37:06+00:00
3311,"Man from Laramie, The (1955)","Man from Laramie, The",1955,https://en.wikipedia.org/wiki/Special:FilePath/The_Man_from_Laramie_Poster.jpg,wikipedia-infobox,2144775,The Man from Laramie,2026-06-20T19:37:07+00:00
3312,"McCullochs, The (1975)","McCullochs, The",1975,https://m.media-amazon.com/images/M/MV5BNTQ3OWY0YWYtN2VmMS00YWVkLTg0M2QtM2I1NDRhZDQzNzk2XkEyXkFqcGc@._V1_.jpg,imdb-suggest,tt0073902,The Wild McCullochs,2026-06-21T07:18:37+00:00
3313,Class Reunion (1982),Class Reunion,1982,https://m.media-amazon.com/images/M/MV5BZmJhNjdlMjAtODY4OS00NGFhLTgyZmQtOWYzOTJiYzc4YWE2XkEyXkFqcGc@._V1_.jpg,imdb-suggest,tt0084395,Class Reunion,2026-06-21T07:18:39+00:00
3314,"Big Trees, The (1952)","Big Trees, The",1952,https://en.wikipedia.org/wiki/Special:FilePath/Kirk_douglas_big_trees04.jpg,wikipedia-infobox,4926447,The Big Trees,2026-06-20T19:37:07+00:00
3315,Happy Go Lovely (1951),Happy Go Lovely,1951,https://en.wikipedia.org/wiki/Special:FilePath/Happy_Go_Lovely_poster.jpg,wikipedia-infobox,10931425,Happy Go Lovely,2026-06-20T19:37:07+00:00
3316,Reindeer Games (2000),Reindeer Games,2000,https://en.wikipedia.org/wiki/Special:FilePath/Reindeer_games.jpg,wikipedia-infobox,3136443,Reindeer Games,2026-06-20T19:37:07+00:00
3317,Wonder Boys (2000),Wonder Boys,2000,https://en.wikipedia.org/wiki/Special:FilePath/OriginalWBposter.jpg,wikipedia-infobox,10206962,Wonder Boys (film),2026-06-20T19:37:07+00:00
3318,Deterrence (1998),Deterrence,1998,https://m.media-amazon.com/images/M/MV5BNmU5NmJlMGUtYzFmMi00ZmU1LTgwZTUtMmY1ZTBjZmNhNDQ5XkEyXkFqcGc@._V1_.jpg,imdb-suggest,tt0158583,Deterrence,2026-06-21T07:25:37+00:00
3319,Judy Berlin (1999),Judy Berlin,1999,https://en.wikipedia.org/wiki/Special:FilePath/Judy_Berlin_1999.jpg,wikipedia-infobox,24640712,Judy Berlin,2026-06-20T19:37:07+00:00
3320,Mifune (Mifunes sidste sang) (1999),Mifune (Mifunes sidste sang),1999,https://en.wikipedia.org/wiki/Special:FilePath/Mifune%27s_Last_Song_FilmPoster.jpeg,wikipedia-infobox,1166501,Mifune (film),2026-06-20T20:42:08+00:00
3321,"Waiting Game, The (2000)","Waiting Game, The",2000,https://m.media-amazon.com/images/M/MV5BMTU5ODcwODU1NV5BMl5BanBnXkFtZTYwMzQyNzc5._V1_.jpg,imdb-suggest,tt0235872,The Waiting Game,2026-06-21T07:25:37+00:00
3322,3 Strikes (2000),3 Strikes,2000,https://en.wikipedia.org/wiki/Special:FilePath/3_Strikes_Poster.jpg,wikipedia-infobox,5877719,3 Strikes (film),2026-06-20T19:37:06+00:00
3323,Chain of Fools (2000),Chain of Fools,2000,https://m.media-amazon.com/images/M/MV5BMjNkMzFiM2YtZmE1OS00N2NhLWIxYjMtM2MzNzE1MGYxMjJmXkEyXkFqcGc@._V1_.jpg,imdb-suggest,tt0194368,Chain of Fools,2026-06-21T07:18:44+00:00
3324,Drowning Mona (2000),Drowning Mona,2000,https://en.wikipedia.org/wiki/Special:FilePath/Drowning_Mona.jpg,wikipedia-infobox,1939585,Drowning Mona,2026-06-20T19:37:07+00:00
3325,"Next Best Thing, The (2000)","Next Best Thing, The",2000,https://en.wikipedia.org/wiki/Special:FilePath/The_Next_Best_Thing.jpg,wikipedia-infobox,3737862,The Next Best Thing,2026-06-20T19:37:07+00:00
3326,What Planet Are You From? (2000),What Planet Are You From?,2000,https://en.wikipedia.org/wiki/Special:FilePath/Whatplanetareyoufrom.jpg,wikipedia-infobox,5336170,What Planet Are You From?,2026-06-20T19:37:07+00:00
3327,Beyond the Mat (2000),Beyond the Mat,2000,https://m.media-amazon.com/images/M/MV5BMjU4YjA1NGUtZWJjMC00OWQ3LTk5MzMtOTRkNGZjMGI2M2I5XkEyXkFqcGc@._V1_.jpg,imdb-suggest,tt0218043,Beyond the Mat,2026-06-21T07:25:37+00:00
3328,Ghost Dog: The Way of the Samurai (1999),Ghost Dog: The Way of the Samurai,1999,https://en.wikipedia.org/wiki/Special:FilePath/Ghost_Dog_film_poster.jpg,wikipedia-infobox,471352,Ghost Dog: The Way of the Samurai,2026-06-20T19:37:07+00:00
3329,"Year My Voice Broke, The (1987)","Year My Voice Broke, The",1987,https://en.wikipedia.org/wiki/Special:FilePath/Year_my_voice_broke.jpg,wikipedia-infobox,2376432,The Year My Voice Broke,2026-06-20T19:37:07+00:00
3330,Splendor in the Grass (1961),Splendor in the Grass,1961,https://en.wikipedia.org/wiki/Special:FilePath/Splendor_Sheet_A.jpg,wikipedia-infobox,206721,Splendor in the Grass,2026-06-20T19:37:10+00:00
3331,My Tutor (1983),My Tutor,1983,https://en.wikipedia.org/wiki/Special:FilePath/My_Tutor.jpg,wikipedia-infobox,8365100,My Tutor,2026-06-20T19:37:10+00:00
3333,"Killing of Sister George, The (1968)","Killing of Sister George, The",1968,https://en.wikipedia.org/wiki/Special:FilePath/Original_movie_poster_for_the_film_The_Killing_of_Sister_George.jpg,wikipedia-infobox,53098969,The Killing of Sister George (film),2026-06-20T19:37:11+00:00
3334,Key Largo (1948),Key Largo,1948,https://en.wikipedia.org/wiki/Special:FilePath/Key_largo432.jpg,wikipedia-infobox,1397142,Key Largo (film),2026-06-20T19:37:09+00:00
3335,Jail Bait (1954),Jail Bait,1954,https://en.wikipedia.org/wiki/Special:FilePath/Jail_Bait_poster.png,wikipedia-infobox,2669274,Jail Bait (1954 film),2026-06-20T19:37:09+00:00
3336,It Happened Here (1961),It Happened Here,1961,https://m.media-amazon.com/images/M/MV5BNGQ1OTJlNjctNjIxMi00M2ZjLWFjNzMtNmY4ZGUxYWUzNjVlXkEyXkFqcGc@._V1_.jpg,imdb-suggest,tt0055024,It Happened Here,2026-06-21T07:25:37+00:00
3337,I'll Never Forget What's 'is Name (1967),I'll Never Forget What's 'is Name,1967,https://en.wikipedia.org/wiki/Special:FilePath/I%27ll_Never_Forget_What%27s%27isname_film_Theatrical_release_poster_%281967%29.png,wikipedia-infobox,463153,I'll Never Forget What's'isname,2026-06-20T19:37:10+00:00
3338,For All Mankind (1989),For All Mankind,1989,https://en.wikipedia.org/wiki/Special:FilePath/For-all-mankind-movie-poster-md.jpg,wikipedia-infobox,2441782,For All Mankind (film),2026-06-20T19:37:11+00:00
3339,Cross of Iron (1977),Cross of Iron,1977,https://en.wikipedia.org/wiki/Special:FilePath/Cross_of_Iron_UK_quad_poster.jpg,wikipedia-infobox,449352,Cross of Iron,2026-06-20T19:37:10+00:00
3340,Bride of the Monster (1956),Bride of the Monster,1956,https://m.media-amazon.com/images/M/MV5BNWJkODg3Y2MtY2JjMi00ZmIzLWExNTgtZjgwNWMwZTM3MWYzXkEyXkFqcGc@._V1_.jpg,imdb-suggest,tt0047898,Bride of the Monster,2026-06-21T07:25:37+00:00
3341,Born Yesterday (1950),Born Yesterday,1950,https://en.wikipedia.org/wiki/Special:FilePath/Born_Yesterday_%281950_poster%29.jpg,wikipedia-infobox,2066293,Born Yesterday (1950 film),2026-06-20T19:37:09+00:00
3342,Birdy (1984),Birdy,1984,https://en.wikipedia.org/wiki/Special:FilePath/Birdy_ver1.jpg,wikipedia-infobox,1338461,Birdy (film),2026-06-20T19:37:11+00:00
3343,And God Created Woman (1988),And God Created Woman,1988,https://en.wikipedia.org/wiki/Special:FilePath/And_God_created_woman.jpg,wikipedia-infobox,6973699,And God Created Woman (1988 film),2026-06-20T19:37:09+00:00
3344,Blood Feast (1963),Blood Feast,1963,https://en.wikipedia.org/wiki/Special:FilePath/Blood-feast.jpg,wikipedia-infobox,678080,Blood Feast,2026-06-20T19:37:10+00:00
3345,"Charlie, the Lonesome Cougar (1967)","Charlie, the Lonesome Cougar",1967,https://en.wikipedia.org/wiki/Special:FilePath/Charlie%2C_the_Lonesome_Cougar_poster.jpg,wikipedia-infobox,28817360,"Charlie, the Lonesome Cougar",2026-06-20T19:37:10+00:00
3346,Color Me Blood Red (1965),Color Me Blood Red,1965,https://en.wikipedia.org/wiki/Special:FilePath/Color_Me_Blood_Red%2C_film_poster.jpg,wikipedia-infobox,7244315,Color Me Blood Red,2026-06-20T19:37:10+00:00
3347,Never Cry Wolf (1983),Never Cry Wolf,1983,https://en.wikipedia.org/wiki/Special:FilePath/Never_Cry_Wolf_Poster.jpg,wikipedia-infobox,5123642,Never Cry Wolf (film),2026-06-20T19:37:11+00:00
3349,"Perils of Pauline, The (1947)","Perils of Pauline, The",1947,https://en.wikipedia.org/wiki/Special:FilePath/The_Perils_of_Pauline_-_1947_Poster.jpg,wikipedia-infobox,15672850,The Perils of Pauline (1947 film),2026-06-20T19:37:09+00:00
3350,"Raisin in the Sun, A (1961)","Raisin in the Sun, A",1961,https://en.wikipedia.org/wiki/Special:FilePath/A_Raisin_in_the_Sun_%281961_film_poster%29.jpg,wikipedia-infobox,1676837,A Raisin in the Sun (1961 film),2026-06-20T19:37:09+00:00
3351,Two Thousand Maniacs! (1964),Two Thousand Maniacs!,1964,https://en.wikipedia.org/wiki/Special:FilePath/2000maniacs.jpg,wikipedia-infobox,3327237,Two Thousand Maniacs!,2026-06-20T19:37:10+00:00
3352,Brown's Requiem (1998),Brown's Requiem,1998,https://en.wikipedia.org/wiki/Special:FilePath/Brown%27s_Requiem_%28film%2998.jpg,wikipedia-infobox,5891241,Brown's Requiem (film),2026-06-20T19:38:49+00:00
3353,"Closer You Get, The (2000)","Closer You Get, The",2000,https://m.media-amazon.com/images/M/MV5BMjE2NzIxNGMtNjA0NS00NWNlLWI1NjktYzFkMzhlNzU1MGMyXkEyXkFqcGc@._V1_.jpg,imdb-suggest,tt29537996,The Closer You Get,2026-06-21T07:25:38+00:00
3354,Mission to Mars (2000),Mission to Mars,2000,https://en.wikipedia.org/wiki/Special:FilePath/mission_to_mars.jpg,wikipedia-infobox,1403888,Mission to Mars,2026-06-20T19:38:49+00:00
3355,"Ninth Gate, The (2000)","Ninth Gate, The",2000,https://m.media-amazon.com/images/M/MV5BOTQ2ODM2NjktMzJjMC00MWJiLWI2MjMtMzhiOTFmMzc1ZDUyXkEyXkFqcGc@._V1_.jpg,imdb-suggest,tt0142688,The Ninth Gate,2026-06-21T07:25:38+00:00
3357,East-West (Est-ouest) (1999),East-West (Est-ouest),1999,https://en.wikipedia.org/wiki/Special:FilePath/East-West_1999.jpg,wikipedia-infobox,8471717,East/West,2026-06-20T20:43:04+00:00
3358,Defending Your Life (1991),Defending Your Life,1991,https://en.wikipedia.org/wiki/Special:FilePath/Defending_your_life_poster.jpg,wikipedia-infobox,2304640,Defending Your Life,2026-06-20T19:38:49+00:00
3359,Breaking Away (1979),Breaking Away,1979,https://en.wikipedia.org/wiki/Special:FilePath/Breaking_away_%28film_poster%29.jpg,wikipedia-infobox,103029,Breaking Away,2026-06-20T19:38:49+00:00
3360,Hoosiers (1986),Hoosiers,1986,https://en.wikipedia.org/wiki/Special:FilePath/Hoosiers_movie_poster_copyright_fairuse.jpg,wikipedia-infobox,74375,Hoosiers (film),2026-06-20T19:38:49+00:00
3361,Bull Durham (1988),Bull Durham,1988,https://en.wikipedia.org/wiki/Special:FilePath/Bull_Durham_film_poster.jpg,wikipedia-infobox,670386,Bull Durham,2026-06-20T19:38:49+00:00
3362,Dog Day Afternoon (1975),Dog Day Afternoon,1975,https://en.wikipedia.org/wiki/Special:FilePath/Dog_Day_Afternoon_film_poster.jpg,wikipedia-infobox,101914,Dog Day Afternoon,2026-06-20T19:38:49+00:00
3363,American Graffiti (1973),American Graffiti,1973,https://en.wikipedia.org/wiki/Special:FilePath/American_graffiti_ver1.jpg,wikipedia-infobox,68124,American Graffiti,2026-06-20T19:38:49+00:00
3364,"Asphalt Jungle, The (1950)","Asphalt Jungle, The",1950,https://en.wikipedia.org/wiki/Special:FilePath/The_Asphalt_Jungle_%281950_poster%29.jpg,wikipedia-infobox,894179,The Asphalt Jungle,2026-06-20T19:38:49+00:00
3365,"Searchers, The (1956)","Searchers, The",1956,https://en.wikipedia.org/wiki/Special:FilePath/SearchersPoster-BillGold.jpg,wikipedia-infobox,76335,The Searchers,2026-06-20T19:38:48+00:00
3366,Where Eagles Dare (1969),Where Eagles Dare,1969,https://m.media-amazon.com/images/M/MV5BNzY1YjdjM2EtOThhOS00YzUyLWFjODUtZTNjNmJmNTFjNWVmXkEyXkFqcGc@._V1_.jpg,imdb-suggest,tt0065207,Where Eagles Dare,2026-06-21T07:25:38+00:00
3367,"Devil's Brigade, The (1968)","Devil's Brigade, The",1968,https://en.wikipedia.org/wiki/Special:FilePath/The_Devil%27s_Brigade_poster.jpg,wikipedia-infobox,6090957,The Devil's Brigade (film),2026-06-20T19:38:49+00:00
3368,"Big Country, The (1958)","Big Country, The",1958,https://en.wikipedia.org/wiki/Special:FilePath/Big_country833.jpg,wikipedia-infobox,30515,The Big Country,2026-06-20T19:38:49+00:00
3370,Betrayed (1988),Betrayed,1988,https://en.wikipedia.org/wiki/Special:FilePath/Betrayed_poster.jpeg,wikipedia-infobox,5457037,Betrayed (1988 film),2026-06-20T19:38:48+00:00
3371,Bound for Glory (1976),Bound for Glory,1976,https://en.wikipedia.org/wiki/Special:FilePath/Bound_for_glory_Poster.jpg,wikipedia-infobox,101927,Bound for Glory (1976 film),2026-06-20T19:38:48+00:00
3372,"Bridge at Remagen, The (1969)","Bridge at Remagen, The",1969,https://en.wikipedia.org/wiki/Special:FilePath/The_Bridge_at_Remagen_poster.jpg,wikipedia-infobox,965432,The Bridge at Remagen,2026-06-20T19:38:49+00:00
3373,Buck and the Preacher (1972),Buck and the Preacher,1972,https://en.wikipedia.org/wiki/Special:FilePath/Buck_and_the_preacher_poster.jpg,wikipedia-infobox,18764211,Buck and the Preacher,2026-06-20T19:38:49+00:00
3374,Daughters of the Dust (1992),Daughters of the Dust,1992,https://m.media-amazon.com/images/M/MV5BMjA4MDMxNzQ2NV5BMl5BanBnXkFtZTgwOTQwMTkwMDI@._V1_.jpg,imdb-suggest,tt0104057,Daughters of the Dust,2026-06-21T07:25:38+00:00
3375,Destination Moon (1950),Destination Moon,1950,https://en.wikipedia.org/wiki/Special:FilePath/Destination-moon-movie-poster-md.jpg,wikipedia-infobox,879000,Destination Moon (film),2026-06-20T19:38:53+00:00
3376,"Fantastic Night, The (La Nuit Fantastique) (1949)","Fantastic Night, The (La Nuit Fantastique)",1949,https://upload.wikimedia.org/wikipedia/en/4/4e/Lanuitfantastique.jpg,manual-curated,Fantastic_Night_(1942_film),Fantastic Night,2026-06-21T07:45:33+00:00
3377,Hangmen Also Die (1943),Hangmen Also Die,1943,https://en.wikipedia.org/wiki/Special:FilePath/Hangmen_Also_Die_1943_poster.jpg,wikipedia-infobox,796375,Hangmen Also Die!,2026-06-20T19:38:52+00:00
3378,"Ogre, The (Der Unhold) (1996)","Ogre, The (Der Unhold)",1996,https://en.wikipedia.org/wiki/Special:FilePath/The_Ogre_FilmPoster.jpeg,wikipedia-infobox,11276518,The Ogre (1996 film),2026-06-20T20:43:03+00:00
3379,On the Beach (1959),On the Beach,1959,https://en.wikipedia.org/wiki/Special:FilePath/On_the_Beach_1959_film_poster.jpg,wikipedia-infobox,10705512,On the Beach (1959 film),2026-06-20T19:38:52+00:00
3380,Railroaded! (1947),Railroaded!,1947,https://en.wikipedia.org/wiki/Special:FilePath/Railroaded_1947_poster.jpg,wikipedia-infobox,2023833,Railroaded!,2026-06-20T19:38:52+00:00
3381,Slaves to the Underground (1997),Slaves to the Underground,1997,https://en.wikipedia.org/wiki/Special:FilePath/Slavestotheunderground.jpg,wikipedia-infobox,31290638,Slaves to the Underground,2026-06-20T19:38:52+00:00
3382,Song of Freedom (1936),Song of Freedom,1936,https://en.wikipedia.org/wiki/Special:FilePath/Song_of_Freedom_FilmPoster.jpeg,wikipedia-infobox,3408276,Song of Freedom,2026-06-20T19:38:52+00:00
3384,"Taking of Pelham One Two Three, The (1974)","Taking of Pelham One Two Three, The",1974,https://en.wikipedia.org/wiki/Special:FilePath/Taking_of_Pelham_One_Two_Three_%281974_film%29.jpg,wikipedia-infobox,955409,The Taking of Pelham One Two Three (1974 film),2026-06-20T19:38:52+00:00
3385,Volunteers (1985),Volunteers,1985,https://en.wikipedia.org/wiki/Special:FilePath/Volunteers_%28film%29.jpg,wikipedia-infobox,4186781,Volunteers (1985 film),2026-06-20T19:38:52+00:00
3386,JFK (1991),JFK,1991,https://en.wikipedia.org/wiki/Special:FilePath/Jfk1991-xxlg.png,wikipedia-infobox,39311,JFK (film),2026-06-20T19:38:52+00:00
3387,Who's Harry Crumb? (1989),Who's Harry Crumb?,1989,https://en.wikipedia.org/wiki/Special:FilePath/Whos_harry_crumb.jpg,wikipedia-infobox,602501,Who's Harry Crumb?,2026-06-20T19:38:52+00:00
3388,Harry and the Hendersons (1987),Harry and the Hendersons,1987,https://en.wikipedia.org/wiki/Special:FilePath/Harry_and_the_hendersons.jpg,wikipedia-infobox,2037975,Harry and the Hendersons,2026-06-20T19:38:52+00:00
3389,Let's Get Harry (1986),Let's Get Harry,1986,https://en.wikipedia.org/wiki/Special:FilePath/Lets-get-harry-movie-poster-1986-1020362350.jpg,wikipedia-infobox,10417568,Let's Get Harry,2026-06-20T19:38:52+00:00
3390,Shanghai Surprise (1986),Shanghai Surprise,1986,https://en.wikipedia.org/wiki/Special:FilePath/Shanghai_surprise_poster.jpg,wikipedia-infobox,1222408,Shanghai Surprise,2026-06-20T19:38:52+00:00
3391,Who's That Girl? (1987),Who's That Girl?,1987,https://en.wikipedia.org/wiki/Special:FilePath/Who%27s_That_Girl_%281987_film%29.png,wikipedia-infobox,9129800,Who's That Girl (1987 film),2026-06-20T19:38:52+00:00
3392,She-Devil (1989),She-Devil,1989,https://en.wikipedia.org/wiki/Special:FilePath/Shedevil.jpg,wikipedia-infobox,8499528,She-Devil (1989 film),2026-06-20T19:38:52+00:00
3393,Date with an Angel (1987),Date with an Angel,1987,https://en.wikipedia.org/wiki/Special:FilePath/Datewithangelposter.jpg,wikipedia-infobox,5430256,Date with an Angel,2026-06-20T19:38:52+00:00
3394,Blind Date (1987),Blind Date,1987,https://en.wikipedia.org/wiki/Special:FilePath/Blinddateposter.jpg,wikipedia-infobox,739259,Blind Date (1987 film),2026-06-20T19:38:52+00:00
3395,Nadine (1987),Nadine,1987,https://en.wikipedia.org/wiki/Special:FilePath/Nadineposter1987.jpg,wikipedia-infobox,12456476,Nadine (1987 film),2026-06-20T19:40:30+00:00
3396,"Muppet Movie, The (1979)","Muppet Movie, The",1979,https://en.wikipedia.org/wiki/Special:FilePath/The_Muppet_Movie.jpg,wikipedia-infobox,876728,The Muppet Movie,2026-06-20T19:40:31+00:00
3397,"Great Muppet Caper, The (1981)","Great Muppet Caper, The",1981,https://en.wikipedia.org/wiki/Special:FilePath/The_Great_Muppet_Caper_poster.jpg,wikipedia-infobox,1458713,The Great Muppet Caper,2026-06-20T19:40:31+00:00
3398,"Muppets Take Manhattan, The (1984)","Muppets Take Manhattan, The",1984,https://en.wikipedia.org/wiki/Special:FilePath/Muppets_take_manhattan.jpg,wikipedia-infobox,1099178,The Muppets Take Manhattan,2026-06-20T19:40:31+00:00
3399,Sesame Street Presents Follow That Bird (1985),Sesame Street Presents Follow That Bird,1985,https://en.wikipedia.org/wiki/Special:FilePath/Follow_that_bird_theatrical_poster.jpg,wikipedia-infobox,1598832,Sesame Street Presents: Follow That Bird,2026-06-20T19:40:31+00:00
3400,We're Back! A Dinosaur's Story (1993),We're Back! A Dinosaur's Story,1993,https://en.wikipedia.org/wiki/Special:FilePath/We%27re_Back%21_Movie_Poster.jpg,wikipedia-infobox,5002289,We're Back! A Dinosaur's Story (film),2026-06-20T19:40:31+00:00
3401,Baby... Secret of the Lost Legend (1985),Baby... Secret of the Lost Legend,1985,https://m.media-amazon.com/images/M/MV5BMjZmNzcwNjAtYmM5Ni00OTNiLTgyMjEtODliMjlmMmZlZDc5XkEyXkFqcGc@._V1_.jpg,imdb-suggest,tt0088760,Baby: Secret of the Lost Legend,2026-06-21T07:19:03+00:00
3402,Turtle Diary (1985),Turtle Diary,1985,https://en.wikipedia.org/wiki/Special:FilePath/Turtle_diary_post.jpg,wikipedia-infobox,12625575,Turtle Diary,2026-06-20T19:40:31+00:00
3403,Raise the Titanic (1980),Raise the Titanic,1980,https://en.wikipedia.org/wiki/Special:FilePath/Raise_The_Titanic_Movie_Poster.jpg,wikipedia-infobox,23126212,Raise the Titanic (film),2026-06-20T19:40:31+00:00
3404,Titanic (1953),Titanic,1953,https://en.wikipedia.org/wiki/Special:FilePath/Titanic_1953_film.jpg,wikipedia-infobox,1203778,Titanic (1953 film),2026-06-20T19:40:30+00:00
3405,"Night to Remember, A (1958)","Night to Remember, A",1958,https://en.wikipedia.org/wiki/Special:FilePath/A_Night_To_Remember_%281958%29_-_US_Poster.jpg,wikipedia-infobox,6524086,A Night to Remember (1958 film),2026-06-20T19:40:30+00:00
3406,Captain Horatio Hornblower (1951),Captain Horatio Hornblower,1951,https://en.wikipedia.org/wiki/Special:FilePath/Captain_Horatio_Hornblower_1951_film.jpg,wikipedia-infobox,1022698,Captain Horatio Hornblower,2026-06-20T19:40:31+00:00
3407,"Carriers Are Waiting, The (Les Convoyeurs Attendent) (1999)","Carriers Are Waiting, The (Les Convoyeurs Attendent)",1999,https://en.wikipedia.org/wiki/Special:FilePath/les-convoyeurs-attendent.jpg,wikipedia-infobox,52424225,The Carriers Are Waiting,2026-06-20T20:43:04+00:00
3408,Erin Brockovich (2000),Erin Brockovich,2000,https://en.wikipedia.org/wiki/Special:FilePath/Erin_Brockovich_%2830109127682%29.jpg,wikipedia-infobox,9799,Erin Brockovich,2026-06-20T19:40:31+00:00
3409,Final Destination (2000),Final Destination,2000,https://en.wikipedia.org/wiki/Special:FilePath/Final_Destination_movie.jpg,wikipedia-infobox,219712,Final Destination (film),2026-06-20T19:40:30+00:00
3410,Soft Fruit (1999),Soft Fruit,1999,https://en.wikipedia.org/wiki/Special:FilePath/Soft_Fruit_FilmPoster.jpeg,wikipedia-infobox,26515753,Soft Fruit,2026-06-20T19:40:31+00:00
3412,"Bear, The (1988)","Bear, The",1988,https://en.wikipedia.org/wiki/Special:FilePath/Thebearposter.jpg,wikipedia-infobox,5800622,The Bear (1988 film),2026-06-20T19:40:30+00:00
3413,Impact (1949),Impact,1949,https://en.wikipedia.org/wiki/Special:FilePath/Impact_1949_poster.jpg,wikipedia-infobox,1860972,Impact (1949 film),2026-06-20T19:40:30+00:00
3414,Love Is a Many-Splendored Thing (1955),Love Is a Many-Splendored Thing,1955,https://en.wikipedia.org/wiki/Special:FilePath/Love_Is_a_Many-Splendored_Thing.jpg,wikipedia-infobox,92540,Love Is a Many-Splendored Thing (film),2026-06-20T19:40:31+00:00
3415,"Mirror, The (Zerkalo) (1975)","Mirror, The (Zerkalo)",1975,https://en.wikipedia.org/wiki/Special:FilePath/Mirror_%281975_film%29_original_poster.jpg,wikipedia-infobox,2560314,Mirror (1975 film),2026-06-20T20:43:03+00:00
3416,"Trial, The (Le Procès) (1963)","Trial, The (Le Procès)",1963,https://m.media-amazon.com/images/M/MV5BYTFiYjVkMjQtNTgyOS00NWE0LTgxY2QtMjIyMzc0YzEzNDkzXkEyXkFqcGc@._V1_.jpg,imdb-suggest,tt0056378,The Verona Trial,2026-06-21T07:19:05+00:00
3417,"Crimson Pirate, The (1952)","Crimson Pirate, The",1952,https://en.wikipedia.org/wiki/Special:FilePath/The_Crimson_Pirate_poster.jpg,wikipedia-infobox,2560949,The Crimson Pirate,2026-06-20T19:42:10+00:00
3418,Thelma & Louise (1991),Thelma & Louise,1991,https://en.wikipedia.org/wiki/Special:FilePath/Thelma_%26_Louise_poster.png,wikipedia-infobox,106117,Thelma & Louise,2026-06-20T19:42:10+00:00
3419,Something for Everyone (1970),Something for Everyone,1970,https://en.wikipedia.org/wiki/Special:FilePath/Something_for_Everyone_1970.jpg,wikipedia-infobox,29401751,Something for Everyone,2026-06-20T19:42:09+00:00
3420,...And Justice for All (1979),...And Justice for All,1979,https://en.wikipedia.org/wiki/Special:FilePath/Justice_movieposter.jpg,wikipedia-infobox,164387,...And Justice for All (film),2026-06-20T19:42:10+00:00
3421,Animal House (1978),Animal House,1978,https://en.wikipedia.org/wiki/Special:FilePath/Animalhouseposter.jpg,wikipedia-infobox,75261,Animal House,2026-06-20T19:42:10+00:00
3422,She's Gotta Have It (1986),She's Gotta Have It,1986,https://en.wikipedia.org/wiki/Special:FilePath/She%27s_Gotta_Have_It_film_poster.jpg,wikipedia-infobox,1545870,She's Gotta Have It,2026-06-20T19:42:10+00:00
3423,School Daze (1988),School Daze,1988,https://en.wikipedia.org/wiki/Special:FilePath/School_Daze_film_poster.jpg,wikipedia-infobox,2851281,School Daze,2026-06-20T19:42:10+00:00
3424,Do the Right Thing (1989),Do the Right Thing,1989,https://en.wikipedia.org/wiki/Special:FilePath/Do_the_Right_Thing_poster.png,wikipedia-infobox,73428,Do the Right Thing,2026-06-20T19:42:10+00:00
3425,Mo' Better Blues (1990),Mo' Better Blues,1990,https://en.wikipedia.org/wiki/Special:FilePath/Mo%27_Better_Blues%3B_Movie_poster.jpg,wikipedia-infobox,755231,Mo' Better Blues,2026-06-20T19:42:10+00:00
3426,Jungle Fever (1991),Jungle Fever,1991,https://en.wikipedia.org/wiki/Special:FilePath/Jungle_Fever_film_poster.jpg,wikipedia-infobox,167724,Jungle Fever,2026-06-20T19:42:10+00:00
3427,Coogan's Bluff (1968),Coogan's Bluff,1968,https://en.wikipedia.org/wiki/Special:FilePath/CoogansBluff1968MoviePoster.jpg,wikipedia-infobox,3151903,Coogan's Bluff (film),2026-06-20T19:42:10+00:00
3428,"Champ, The (1979)","Champ, The",1979,https://en.wikipedia.org/wiki/Special:FilePath/Champposter.jpg,wikipedia-infobox,11901160,The Champ (1979 film),2026-06-20T19:42:09+00:00
3429,Creature Comforts (1990),Creature Comforts,1990,https://en.wikipedia.org/wiki/Special:FilePath/Creature_Comforts.jpeg,wikipedia-infobox,207863,Creature Comforts,2026-06-20T19:42:10+00:00
3430,Death Wish (1974),Death Wish,1974,https://en.wikipedia.org/wiki/Special:FilePath/death_wish_movie_poster.jpg,wikipedia-infobox,9822793,Death Wish (1974 film),2026-06-20T19:42:09+00:00
3431,Death Wish II (1982),Death Wish II,1982,https://en.wikipedia.org/wiki/Special:FilePath/Death_Wish_II.jpg,wikipedia-infobox,826441,Death Wish II,2026-06-20T19:42:10+00:00
3432,Death Wish 3 (1985),Death Wish 3,1985,https://en.wikipedia.org/wiki/Special:FilePath/Death_wish_three.jpg,wikipedia-infobox,3648503,Death Wish 3,2026-06-20T19:42:10+00:00
3433,Death Wish 4: The Crackdown (1987),Death Wish 4: The Crackdown,1987,https://en.wikipedia.org/wiki/Special:FilePath/Death_Wish_4.jpg,wikipedia-infobox,9823573,Death Wish 4: The Crackdown,2026-06-20T19:42:10+00:00
3434,Death Wish V: The Face of Death (1994),Death Wish V: The Face of Death,1994,https://en.wikipedia.org/wiki/Special:FilePath/DeathWish5.jpg,wikipedia-infobox,9823771,Death Wish V: The Face of Death,2026-06-20T19:42:10+00:00
3435,Double Indemnity (1944),Double Indemnity,1944,https://en.wikipedia.org/wiki/Special:FilePath/Double_Indemnity_%281944_poster%29.jpg,wikipedia-infobox,73438,Double Indemnity,2026-06-20T19:42:09+00:00
3436,Dying Young (1991),Dying Young,1991,https://en.wikipedia.org/wiki/Special:FilePath/DyingYoungMP.jpg,wikipedia-infobox,2637077,Dying Young,2026-06-20T19:43:49+00:00
3437,Cool as Ice (1991),Cool as Ice,1991,https://en.wikipedia.org/wiki/Special:FilePath/Cool_as_Ice_poster.jpg,wikipedia-infobox,314093,Cool as Ice,2026-06-20T19:43:49+00:00
3438,Teenage Mutant Ninja Turtles (1990),Teenage Mutant Ninja Turtles,1990,https://en.wikipedia.org/wiki/Special:FilePath/Teenage_Mutant_Ninja_Turtles_%281990_film%29_poster.jpg,wikipedia-infobox,2323962,Teenage Mutant Ninja Turtles (1990 film),2026-06-20T19:43:48+00:00
3439,Teenage Mutant Ninja Turtles II: The Secret of the Ooze (1991),Teenage Mutant Ninja Turtles II: The Secret of the Ooze,1991,https://en.wikipedia.org/wiki/Special:FilePath/Teenage_Mutant_Ninja_Turtles_II_%281991_film%29_poster.jpg,wikipedia-infobox,2150615,Teenage Mutant Ninja Turtles II: The Secret of the Ooze,2026-06-20T19:43:49+00:00
3440,Teenage Mutant Ninja Turtles III (1993),Teenage Mutant Ninja Turtles III,1993,https://en.wikipedia.org/wiki/Special:FilePath/Teenage_Mutant_Ninja_Turtles_III_%281993_film%29_poster.jpg,wikipedia-infobox,2194169,Teenage Mutant Ninja Turtles III,2026-06-20T19:43:49+00:00
3441,Red Dawn (1984),Red Dawn,1984,https://en.wikipedia.org/wiki/Special:FilePath/Red_dawn.jpg,wikipedia-infobox,265143,Red Dawn,2026-06-20T19:43:48+00:00
3442,Band of the Hand (1986),Band of the Hand,1986,https://en.wikipedia.org/wiki/Special:FilePath/Band_of_the_hand_poster.jpg,wikipedia-infobox,4152250,Band of the Hand,2026-06-20T19:43:49+00:00
3443,Born American (1986),Born American,1986,https://en.wikipedia.org/wiki/Special:FilePath/Born_American.jpg,wikipedia-infobox,25830677,Born American,2026-06-20T19:43:49+00:00
3444,Bloodsport (1988),Bloodsport,1988,https://en.wikipedia.org/wiki/Special:FilePath/Bloodsport_%28movie_poster%29.jpg,wikipedia-infobox,535971,Bloodsport (film),2026-06-20T19:43:49+00:00
3445,Eyes of Laura Mars (1978),Eyes of Laura Mars,1978,https://en.wikipedia.org/wiki/Special:FilePath/Eyesoflauramars.jpg,wikipedia-infobox,2821964,Eyes of Laura Mars,2026-06-20T19:43:49+00:00
3446,Funny Bones (1995),Funny Bones,1995,https://en.wikipedia.org/wiki/Special:FilePath/funnybones.jpg,wikipedia-infobox,6838264,Funny Bones,2026-06-20T19:43:49+00:00
3447,"Good Earth, The (1937)","Good Earth, The",1937,https://en.wikipedia.org/wiki/Special:FilePath/The_Good_Earth_%28MGM_1937%29_poster.jpg,wikipedia-infobox,60157,The Good Earth (film),2026-06-20T19:43:49+00:00
3448,"Good Morning, Vietnam (1987)","Good Morning, Vietnam",1987,https://en.wikipedia.org/wiki/Special:FilePath/Good_morning_vietnam.png,wikipedia-infobox,168593,"Good Morning, Vietnam",2026-06-20T19:43:49+00:00
3449,"Good Mother, The (1988)","Good Mother, The",1988,https://en.wikipedia.org/wiki/Special:FilePath/the_good_mother.jpg,wikipedia-infobox,10318067,The Good Mother (1988 film),2026-06-20T19:43:48+00:00
3450,Grumpy Old Men (1993),Grumpy Old Men,1993,https://en.wikipedia.org/wiki/Special:FilePath/Grumpy_Old_Men_.jpg,wikipedia-infobox,1934018,Grumpy Old Men (film),2026-06-20T19:43:49+00:00
3451,Guess Who's Coming to Dinner (1967),Guess Who's Coming to Dinner,1967,https://en.wikipedia.org/wiki/Special:FilePath/Guess_Who%27s_Coming_to_Dinner_poster.jpg,wikipedia-infobox,70647,Guess Who's Coming to Dinner,2026-06-20T19:43:49+00:00
3452,Romeo Must Die (2000),Romeo Must Die,2000,https://en.wikipedia.org/wiki/Special:FilePath/Romeo-Must-Die-Poster.jpg,wikipedia-infobox,1047463,Romeo Must Die,2026-06-20T19:43:49+00:00
3453,Here on Earth (2000),Here on Earth,2000,https://en.wikipedia.org/wiki/Special:FilePath/Hereonearth.jpg,wikipedia-infobox,11613765,Here on Earth (film),2026-06-20T19:43:48+00:00
3454,Whatever It Takes (2000),Whatever It Takes,2000,https://en.wikipedia.org/wiki/Special:FilePath/Whatever_it_takes_film_poster.jpg,wikipedia-infobox,4451440,Whatever It Takes (2000 film),2026-06-20T19:43:48+00:00
3456,"Color of Paradise, The (Rang-e Khoda) (1999)","Color of Paradise, The (Rang-e Khoda)",1999,https://en.wikipedia.org/wiki/Special:FilePath/ColourofPara.jpg,wikipedia-infobox,15315354,The Color of Paradise,2026-06-20T20:43:04+00:00
3457,Waking the Dead (1999),Waking the Dead,1999,https://m.media-amazon.com/images/M/MV5BNjRlMTczOGItNzU2ZS00ZTUxLWJkOWMtZmI1YTRkY2YwZTVkXkEyXkFqcGc@._V1_.jpg,imdb-suggest,tt0127349,Waking the Dead,2026-06-21T07:25:39+00:00
3458,Blood and Sand (Sangre y Arena) (1989),Blood and Sand (Sangre y Arena),1989,https://en.wikipedia.org/wiki/Special:FilePath/Bloodandsandposter.jpg,wikipedia-infobox,12270921,Blood and Sand (1989 film),2026-06-20T20:43:04+00:00
3459,Gothic (1986),Gothic,1986,https://en.wikipedia.org/wiki/Special:FilePath/Gothic-1986-poster.png,wikipedia-infobox,992455,Gothic (film),2026-06-20T19:45:28+00:00
3460,Hillbillys in a Haunted House (1967),Hillbillys in a Haunted House,1967,https://en.wikipedia.org/wiki/Special:FilePath/Hillbillys_in_a_Haunted_House_1967_poster.jpg,wikipedia-infobox,10650919,Hillbillys in a Haunted House,2026-06-20T19:45:27+00:00
3461,Lord of the Flies (1963),Lord of the Flies,1963,https://en.wikipedia.org/wiki/Special:FilePath/Lordofthefliesposters.jpg,wikipedia-infobox,7696753,Lord of the Flies (1963 film),2026-06-20T19:45:26+00:00
3462,Modern Times (1936),Modern Times,1936,https://en.wikipedia.org/wiki/Special:FilePath/Modern_Times_poster.jpg,wikipedia-infobox,74962,Modern Times (film),2026-06-20T19:45:28+00:00
3463,Last Resort (1994),Last Resort,1994,https://m.media-amazon.com/images/M/MV5BNThkZmMzZTctZGY2MS00MmU4LTgyMWEtMDI5YzQ3YWU2ODY4XkEyXkFqcGc@._V1_.jpg,imdb-suggest,tt0110629,Last Resort,2026-06-21T07:31:26+00:00
3464,Solar Crisis (1993),Solar Crisis,1993,https://m.media-amazon.com/images/M/MV5BNTQ2YWM1ZGYtMGQxMy00NzBkLWJkOGItZjUxNDE2Nzc5MTljXkEyXkFqcGc@._V1_.jpg,imdb-suggest,tt0100649,Solar Crisis,2026-06-21T07:25:39+00:00
3465,That's Life! (1986),That's Life!,1986,https://en.wikipedia.org/wiki/Special:FilePath/That%27sLifeFilm.jpg,wikipedia-infobox,5501952,That's Life! (film),2026-06-20T19:45:28+00:00
3466,Heart and Souls (1993),Heart and Souls,1993,https://en.wikipedia.org/wiki/Special:FilePath/HeartandSouls.jpg,wikipedia-infobox,4511738,Heart and Souls,2026-06-20T19:45:27+00:00
3467,Hud (1963),Hud,1963,https://en.wikipedia.org/wiki/Special:FilePath/Hud_%281962_poster%29.jpg,wikipedia-infobox,161880,Hud (1963 film),2026-06-20T19:45:26+00:00
3468,"Hustler, The (1961)","Hustler, The",1961,https://en.wikipedia.org/wiki/Special:FilePath/The_Hustler_%281961_film_poster%29.jpg,wikipedia-infobox,9309429,The Hustler,2026-06-20T19:45:27+00:00
3469,Inherit the Wind (1960),Inherit the Wind,1960,https://en.wikipedia.org/wiki/Special:FilePath/Inherit-the-Wind-poster.jpg,wikipedia-infobox,22653289,Inherit the Wind (1960 film),2026-06-20T19:45:26+00:00
3470,Dersu Uzala (1974),Dersu Uzala,1974,https://m.media-amazon.com/images/M/MV5BMzIxZDRmMzctODNiYi00MmE3LTlhZTMtODBiNWYwMTZiNDRiXkEyXkFqcGc@._V1_.jpg,imdb-suggest,tt0071411,Dersu Uzala,2026-06-21T07:25:39+00:00
3471,Close Encounters of the Third Kind (1977),Close Encounters of the Third Kind,1977,https://en.wikipedia.org/wiki/Special:FilePath/Close_Encounters_of_the_Third_Kind_%281977%29_theatrical_poster.jpg,wikipedia-infobox,146236,Close Encounters of the Third Kind,2026-06-20T19:45:27+00:00
3472,Horror Hotel (a.k.a. The City of the Dead) (1960),Horror Hotel (a.k.a. The City of the Dead),1960,https://en.wikipedia.org/wiki/Special:FilePath/Horror-Hotel-poster.jpg,wikipedia-infobox,2345652,The City of the Dead (film),2026-06-20T20:43:05+00:00
3473,Jonah Who Will Be 25 in the Year 2000 (1976),Jonah Who Will Be 25 in the Year 2000,1976,https://en.wikipedia.org/wiki/Special:FilePath/Jonah_Who_Will_Be_25_in_the_Year_2000.jpg,wikipedia-infobox,4774152,Jonah Who Will Be 25 in the Year 2000,2026-06-20T19:45:27+00:00
3474,Retroactive (1997),Retroactive,1997,https://en.wikipedia.org/wiki/Special:FilePath/Retroactive.jpg,wikipedia-infobox,39771038,Retroactive (film),2026-06-20T19:45:28+00:00
3475,"Place in the Sun, A (1951)","Place in the Sun, A",1951,https://en.wikipedia.org/wiki/Special:FilePath/A_Place_in_the_Sun_%281951_poster%29.jpg,wikipedia-infobox,2300167,A Place in the Sun (1951 film),2026-06-20T19:45:26+00:00
3476,Jacob's Ladder (1990),Jacob's Ladder,1990,https://en.wikipedia.org/wiki/Special:FilePath/Jacobsladderposter.jpg,wikipedia-infobox,492056,Jacob's Ladder (1990 film),2026-06-20T19:45:26+00:00
3477,Empire Records (1995),Empire Records,1995,https://en.wikipedia.org/wiki/Special:FilePath/Empire_Records_poster.jpg,wikipedia-infobox,905906,Empire Records,2026-06-20T19:45:31+00:00
3478,"Bamba, La (1987)","Bamba, La",1987,https://m.media-amazon.com/images/M/MV5BNjFiYWM4YjItNzcwMC00NWRkLWJlN2ItMDhhNWRlNDZkNWQ3XkEyXkFqcGc@._V1_.jpg,imdb-suggest,tt0093378,La Bamba,2026-06-21T07:19:15+00:00
3479,Ladyhawke (1985),Ladyhawke,1985,https://en.wikipedia.org/wiki/Special:FilePath/Ladyhawke_ver1.jpg,wikipedia-infobox,455224,Ladyhawke (film),2026-06-20T19:45:31+00:00
3480,Lucas (1986),Lucas,1986,https://en.wikipedia.org/wiki/Special:FilePath/Corey_Haim_Lucas.jpg,wikipedia-infobox,711102,Lucas (1986 film),2026-06-20T19:45:30+00:00
3481,High Fidelity (2000),High Fidelity,2000,https://en.wikipedia.org/wiki/Special:FilePath/High_Fidelity_poster.jpg,wikipedia-infobox,160047,High Fidelity (film),2026-06-20T19:45:31+00:00
3482,Price of Glory (2000),Price of Glory,2000,https://en.wikipedia.org/wiki/Special:FilePath/Price_of_glory.jpg,wikipedia-infobox,20647437,Price of Glory,2026-06-20T19:45:31+00:00
3483,"Road to El Dorado, The (2000)","Road to El Dorado, The",2000,https://en.wikipedia.org/wiki/Special:FilePath/Road_to_el_dorado_ver3.jpg,wikipedia-infobox,932297,The Road to El Dorado,2026-06-20T19:45:31+00:00
3484,"Skulls, The (2000)","Skulls, The",2000,https://en.wikipedia.org/wiki/Special:FilePath/Theskullsposter.jpg,wikipedia-infobox,1066956,The Skulls (film),2026-06-20T19:45:31+00:00
3485,Autopsy (Macchie Solari) (1975),Autopsy (Macchie Solari),1975,https://en.wikipedia.org/wiki/Special:FilePath/Macchie_solari_%281975%29_Italian_release_poster.jpg,wikipedia-infobox,34933875,Autopsy (1975 film),2026-06-20T20:43:04+00:00
3486,Devil Girl From Mars (1954),Devil Girl From Mars,1954,https://en.wikipedia.org/wiki/Special:FilePath/Devil_Girl_From_Mars_poster.jpg,wikipedia-infobox,872912,Devil Girl from Mars,2026-06-20T19:45:31+00:00
3487,"Dorado, El (1967)","Dorado, El",1967,https://m.media-amazon.com/images/M/MV5BMTZjMGE5NTktMjkxZi00NDRhLWJmYzMtMTA3OTY2ZTcyNjIzXkEyXkFqcGc@._V1_.jpg,imdb-suggest,tt0061619,El Dorado,2026-06-21T07:25:39+00:00
3488,"Hideous Sun Demon, The (1959)","Hideous Sun Demon, The",1959,https://m.media-amazon.com/images/M/MV5BZjEyMjk5MjAtYjNmZS00NDA4LTg1NTUtYzA2NmVhMzEwOTlhXkEyXkFqcGc@._V1_.jpg,imdb-suggest,tt0052888,The Hideous Sun Demon,2026-06-21T07:25:39+00:00
3489,Hook (1991),Hook,1991,https://en.wikipedia.org/wiki/Special:FilePath/Hook_poster_transparent.png,wikipedia-infobox,443972,Hook (film),2026-06-20T19:45:30+00:00
3490,Horror Express (1972),Horror Express,1972,https://en.wikipedia.org/wiki/Special:FilePath/Horrorexpress.jpg,wikipedia-infobox,2807368,Horror Express,2026-06-20T19:45:31+00:00
3491,My Chauffeur (1986),My Chauffeur,1986,https://en.wikipedia.org/wiki/Special:FilePath/My_chauffeur_film_poster.jpg,wikipedia-infobox,10048887,My Chauffeur,2026-06-20T19:45:31+00:00
3492,"Son of the Sheik, The (1926)","Son of the Sheik, The",1926,https://en.wikipedia.org/wiki/Special:FilePath/Thesonofthesheik.jpg,wikipedia-infobox,2107037,The Son of the Sheik,2026-06-20T19:45:31+00:00
3493,Torso (Corpi Presentano Tracce di Violenza Carnale) (1973),Torso (Corpi Presentano Tracce di Violenza Carnale),1973,https://en.wikipedia.org/wiki/Special:FilePath/I-corpi-presentano-tracce-di-violenza-carnale-italian-movie-poster-md.jpg,wikipedia-infobox,15133110,Torso (1973 film),2026-06-20T20:43:07+00:00
3494,True Grit (1969),True Grit,1969,https://en.wikipedia.org/wiki/Special:FilePath/Truegritposter.jpg,wikipedia-infobox,161912,True Grit (1969 film),2026-06-20T19:45:30+00:00
3495,Roadside Prophets (1992),Roadside Prophets,1992,https://en.wikipedia.org/wiki/Special:FilePath/Roadsideprophetsdvd.jpg,wikipedia-infobox,7012138,Roadside Prophets,2026-06-20T19:45:31+00:00
3496,Madame Sousatzka (1988),Madame Sousatzka,1988,https://en.wikipedia.org/wiki/Special:FilePath/Madame_sousatzka_poster.jpg,wikipedia-infobox,4950853,Madame Sousatzka,2026-06-20T19:45:31+00:00
3497,Max Dugan Returns (1983),Max Dugan Returns,1983,https://en.wikipedia.org/wiki/Special:FilePath/max_dugan.jpg,wikipedia-infobox,9029417,Max Dugan Returns,2026-06-20T19:45:33+00:00
3498,Midnight Express (1978),Midnight Express,1978,https://en.wikipedia.org/wiki/Special:FilePath/Original_poster_for_Midnight_Express%2C_1978.jpg,wikipedia-infobox,103021,Midnight Express (film),2026-06-20T19:45:34+00:00
3499,Misery (1990),Misery,1990,https://en.wikipedia.org/wiki/Special:FilePath/Misery_%281990_film_poster%29.png,wikipedia-infobox,7074043,Misery (film),2026-06-20T19:45:34+00:00
3500,Mr. Saturday Night (1992),Mr. Saturday Night,1992,https://en.wikipedia.org/wiki/Special:FilePath/Mryshdfbn.jpg,wikipedia-infobox,1367554,Mr. Saturday Night,2026-06-20T19:45:33+00:00
3501,Murphy's Romance (1985),Murphy's Romance,1985,https://en.wikipedia.org/wiki/Special:FilePath/Murphys_romance.jpg,wikipedia-infobox,168551,Murphy's Romance,2026-06-20T19:45:33+00:00
3502,My Life (1993),My Life,1993,https://en.wikipedia.org/wiki/Special:FilePath/My_life_poster.jpg,wikipedia-infobox,5549799,My Life (film),2026-06-20T19:45:34+00:00
3503,Solaris (Solyaris) (1972),Solaris (Solyaris),1972,https://en.wikipedia.org/wiki/Special:FilePath/Solyaris_ussr_poster.jpg,wikipedia-infobox,20181213,Solaris (1972 film),2026-06-20T20:43:07+00:00
3504,Network (1976),Network,1976,https://en.wikipedia.org/wiki/Special:FilePath/Network_%281976_poster%29.png,wikipedia-infobox,101935,Network (1976 film),2026-06-20T19:45:33+00:00
3505,No Way Out (1987),No Way Out,1987,https://en.wikipedia.org/wiki/Special:FilePath/No_Way_Out_%281987_film%29_poster.jpg,wikipedia-infobox,886560,No Way Out (1987 film),2026-06-20T19:45:33+00:00
3506,North Dallas Forty (1979),North Dallas Forty,1979,https://en.wikipedia.org/wiki/Special:FilePath/North-dallas-forty-poster-1.jpg,wikipedia-infobox,2648507,North Dallas Forty,2026-06-20T19:45:33+00:00
3507,"Odd Couple, The (1968)","Odd Couple, The",1968,https://en.wikipedia.org/wiki/Special:FilePath/Odd_Couple_poster.jpg,wikipedia-infobox,6492614,The Odd Couple (film),2026-06-20T19:45:34+00:00
3508,"Outlaw Josey Wales, The (1976)","Outlaw Josey Wales, The",1976,https://en.wikipedia.org/wiki/Special:FilePath/The_outlaw_josey_wales.jpg,wikipedia-infobox,75270,The Outlaw Josey Wales,2026-06-20T19:45:33+00:00
3509,Black and White (1999),Black and White,1999,https://m.media-amazon.com/images/M/MV5BODc1YWRhMzgtYjhjYy00ODFiLWJjNWUtZTgzODg4NzA2MzZlXkEyXkFqcGc@._V1_.jpg,imdb-suggest,tt0165643,Black & White,2026-06-21T07:19:20+00:00
3510,Frequency (2000),Frequency,2000,https://en.wikipedia.org/wiki/Special:FilePath/Frequency_film.jpg,wikipedia-infobox,531747,Frequency (2000 film),2026-06-20T19:45:33+00:00
3511,Ready to Rumble (2000),Ready to Rumble,2000,https://en.wikipedia.org/wiki/Special:FilePath/Ready_to_rumble_poster.jpg,wikipedia-infobox,2216322,Ready to Rumble,2026-06-20T19:45:33+00:00
3512,Return to Me (2000),Return to Me,2000,https://en.wikipedia.org/wiki/Special:FilePath/Returntomeposter.jpg,wikipedia-infobox,3105223,Return to Me,2026-06-20T19:45:33+00:00
3513,Rules of Engagement (2000),Rules of Engagement,2000,https://en.wikipedia.org/wiki/Special:FilePath/Rules_of_Engagement_Poster.jpg,wikipedia-infobox,1198018,Rules of Engagement (film),2026-06-20T19:45:34+00:00
3514,Joe Gould's Secret (2000),Joe Gould's Secret,2000,https://en.wikipedia.org/wiki/Special:FilePath/JoeGouldDVD.jpg,wikipedia-infobox,6856839,Joe Gould's Secret (film),2026-06-20T19:45:34+00:00
3515,Me Myself I (2000),Me Myself I,2000,https://en.wikipedia.org/wiki/Special:FilePath/Me_Myself_I.jpg,wikipedia-infobox,18578563,Me Myself I (film),2026-06-20T19:45:34+00:00
3516,"Bell, Book and Candle (1958)","Bell, Book and Candle",1958,https://en.wikipedia.org/wiki/Special:FilePath/Bellbookandcandleposter.jpg,wikipedia-infobox,2243626,"Bell, Book and Candle",2026-06-20T19:45:33+00:00
3517,"Bells, The (1926)","Bells, The",1926,https://en.wikipedia.org/wiki/Special:FilePath/The_Bells_1926_poster.jpg,wikipedia-infobox,16897103,The Bells (1926 film),2026-06-20T19:47:11+00:00
3518,"End of Violence, The (1997)","End of Violence, The",1997,https://en.wikipedia.org/wiki/Special:FilePath/The_End_of_Violence.jpg,wikipedia-infobox,6910004,The End of Violence,2026-06-20T19:47:12+00:00
3519,Force 10 from Navarone (1978),Force 10 from Navarone,1978,https://en.wikipedia.org/wiki/Special:FilePath/Force_10_From_Navarone_movie.jpg,wikipedia-infobox,1172977,Force 10 from Navarone (film),2026-06-20T19:47:13+00:00
3520,How to Stuff a Wild Bikini (1965),How to Stuff a Wild Bikini,1965,https://en.wikipedia.org/wiki/Special:FilePath/How_to_stuff_a_wild_bikini.jpg,wikipedia-infobox,3020167,How to Stuff a Wild Bikini,2026-06-20T19:47:12+00:00
3521,Mystery Train (1989),Mystery Train,1989,https://en.wikipedia.org/wiki/Special:FilePath/Mystery_Train.jpg,wikipedia-infobox,3509663,Mystery Train (film),2026-06-20T19:47:13+00:00
3522,Sacco and Vanzetti (Sacco e Vanzetti) (1971),Sacco and Vanzetti (Sacco e Vanzetti),1971,https://en.wikipedia.org/wiki/Special:FilePath/Sacco_e_Vanzetti_Italian_poster_1971.jpg,wikipedia-infobox,9620694,Sacco & Vanzetti (1971 film),2026-06-20T20:43:07+00:00
3523,Taffin (1988),Taffin,1988,https://en.wikipedia.org/wiki/Special:FilePath/Taffin_dvd_cover.jpg,wikipedia-infobox,8235561,Taffin,2026-06-20T19:47:12+00:00
3524,Arthur (1981),Arthur,1981,https://en.wikipedia.org/wiki/Special:FilePath/Arthur_%281981_film%29_poster.jpg,wikipedia-infobox,164401,Arthur (1981 film),2026-06-20T19:47:11+00:00
3525,Bachelor Party (1984),Bachelor Party,1984,https://en.wikipedia.org/wiki/Special:FilePath/Bachelor_party_Movie_poster.jpg,wikipedia-infobox,1841530,Bachelor Party (1984 film),2026-06-20T19:47:11+00:00
3526,Parenthood (1989),Parenthood,1989,https://en.wikipedia.org/wiki/Special:FilePath/Parenthood_%28film%29_poster.png,wikipedia-infobox,1118829,Parenthood (film),2026-06-20T19:47:11+00:00
3527,Predator (1987),Predator,1987,https://en.wikipedia.org/wiki/Special:FilePath/Predator_Movie.jpg,wikipedia-infobox,230481,Predator (film),2026-06-20T19:47:11+00:00
3528,"Prince of Tides, The (1991)","Prince of Tides, The",1991,https://en.wikipedia.org/wiki/Special:FilePath/Princeoftides.jpg,wikipedia-infobox,133550,The Prince of Tides,2026-06-20T19:47:12+00:00
3529,"Postman Always Rings Twice, The (1981)","Postman Always Rings Twice, The",1981,https://en.wikipedia.org/wiki/Special:FilePath/Postman_always_rings_twice.jpg,wikipedia-infobox,5429460,The Postman Always Rings Twice (1981 film),2026-06-20T19:47:11+00:00
3530,Smoking/No Smoking (1993),Smoking/No Smoking,1993,https://en.wikipedia.org/wiki/Special:FilePath/Smoking_Alain_Resnais.jpg,wikipedia-infobox,7210351,Smoking/No Smoking,2026-06-20T19:47:12+00:00
3531,All the Vermeers in New York (1990),All the Vermeers in New York,1990,https://m.media-amazon.com/images/M/MV5BMTI5NDExMjkzOF5BMl5BanBnXkFtZTcwMDgxMjIyMQ@@._V1_.jpg,imdb-suggest,tt0099014,All the Vermeers in New York,2026-06-21T07:19:22+00:00
3532,Freedom for Us (À nous la liberté ) (1931),Freedom for Us (À nous la liberté ),1931,https://en.wikipedia.org/wiki/Special:FilePath/A-nous-la-liberte-poster.jpg,wikipedia-infobox,724551,À Nous la Liberté,2026-06-20T20:43:08+00:00
3533,"Actor's Revenge, An (Yukinojo Henge) (1963)","Actor's Revenge, An (Yukinojo Henge)",1963,https://en.wikipedia.org/wiki/Special:FilePath/An_Actor%27s_Revenge_FilmPoster.jpeg,wikipedia-infobox,20788860,An Actor's Revenge,2026-06-20T20:43:08+00:00
3534,28 Days (2000),28 Days,2000,https://en.wikipedia.org/wiki/Special:FilePath/28_Days_Poster.jpg,wikipedia-infobox,2470904,28 Days (film),2026-06-20T19:47:13+00:00
3535,American Psycho (2000),American Psycho,2000,https://en.wikipedia.org/wiki/Special:FilePath/American_Psycho.png,wikipedia-infobox,4846576,American Psycho (film),2026-06-20T19:47:13+00:00
3536,Keeping the Faith (2000),Keeping the Faith,2000,https://en.wikipedia.org/wiki/Special:FilePath/Keeping_the_faith.jpg,wikipedia-infobox,1962520,Keeping the Faith,2026-06-20T19:47:12+00:00
3537,Where the Money Is (2000),Where the Money Is,2000,https://en.wikipedia.org/wiki/Special:FilePath/Where_the_Money_Is.jpg,wikipedia-infobox,5082874,Where the Money Is,2026-06-20T19:47:16+00:00
3538,East is East (1999),East is East,1999,https://en.wikipedia.org/wiki/Special:FilePath/East_Is_East_%281999_film%29.jpg,wikipedia-infobox,1267998,East Is East (1999 film),2026-06-20T19:47:15+00:00
3539,"Filth and the Fury, The (2000)","Filth and the Fury, The",2000,https://en.wikipedia.org/wiki/Special:FilePath/Filthandthefury.jpg,wikipedia-infobox,2719764,The Filth and the Fury,2026-06-20T19:47:16+00:00
3540,Passion of Mind (1999),Passion of Mind,1999,https://m.media-amazon.com/images/M/MV5BNDI4ZWUxYTYtOWEyNi00M2JiLWIyMGYtMmFlMjYyMDgxZTM1XkEyXkFqcGc@._V1_.jpg,imdb-suggest,tt0160644,Passion of Mind,2026-06-21T07:25:40+00:00
3542,Coming Apart (1969),Coming Apart,1969,https://en.wikipedia.org/wiki/Special:FilePath/Coming_Apart_poster.jpg,wikipedia-infobox,40256196,Coming Apart (film),2026-06-20T19:47:16+00:00
3543,Diner (1982),Diner,1982,https://en.wikipedia.org/wiki/Special:FilePath/Diner-movie-poster-1982.jpg,wikipedia-infobox,1150634,Diner (1982 film),2026-06-20T19:47:15+00:00
3544,Shakes the Clown (1991),Shakes the Clown,1991,https://en.wikipedia.org/wiki/Special:FilePath/Shakes_the_Clown.jpg,wikipedia-infobox,2492941,Shakes the Clown,2026-06-20T19:47:16+00:00
3545,Cabaret (1972),Cabaret,1972,https://en.wikipedia.org/wiki/Special:FilePath/Original_movie_poster_for_Cabaret.jpg,wikipedia-infobox,236691,Cabaret (1972 film),2026-06-20T19:47:15+00:00
3546,What Ever Happened to Baby Jane? (1962),What Ever Happened to Baby Jane?,1962,https://en.wikipedia.org/wiki/Special:FilePath/What_Ever_Happened_to_Baby_Jane%3F_%281962%29.jpg,wikipedia-infobox,1917925,What Ever Happened to Baby Jane? (film),2026-06-20T19:47:15+00:00
3547,Prick Up Your Ears (1987),Prick Up Your Ears,1987,https://en.wikipedia.org/wiki/Special:FilePath/Prick_up_your_ears.jpg,wikipedia-infobox,535532,Prick Up Your Ears,2026-06-20T19:47:16+00:00
3548,Auntie Mame (1958),Auntie Mame,1958,https://en.wikipedia.org/wiki/Special:FilePath/Auntie_Mame_Poster.jpg,wikipedia-infobox,9597495,Auntie Mame (film),2026-06-20T19:47:15+00:00
3549,Guys and Dolls (1955),Guys and Dolls,1955,https://en.wikipedia.org/wiki/Special:FilePath/Guys-and-Dolls-Original-Poster.jpg,wikipedia-infobox,306521,Guys and Dolls,2026-06-20T19:47:16+00:00
3550,"Hunger, The (1983)","Hunger, The",1983,https://en.wikipedia.org/wiki/Special:FilePath/The_Hunger_film_poster.jpg,wikipedia-infobox,1139763,The Hunger (1983 film),2026-06-20T19:47:15+00:00
3551,Marathon Man (1976),Marathon Man,1976,https://en.wikipedia.org/wiki/Special:FilePath/Marathon_man.jpg,wikipedia-infobox,10507423,Marathon Man (film),2026-06-20T19:47:16+00:00
3552,Caddyshack (1980),Caddyshack,1980,https://en.wikipedia.org/wiki/Special:FilePath/Caddyshack_poster.jpg,wikipedia-infobox,217982,Caddyshack,2026-06-20T19:47:15+00:00
3553,Gossip (2000),Gossip,2000,https://m.media-amazon.com/images/M/MV5BMmM0YjM0NWMtZTY5OC00OTJlLThkM2QtYTk0N2JmY2MxY2VmXkEyXkFqcGc@._V1_.jpg,imdb-suggest,tt0176783,Gossip,2026-06-21T07:19:25+00:00
3554,Love and Basketball (2000),Love and Basketball,2000,https://en.wikipedia.org/wiki/Special:FilePath/LBmoviePoster.jpg,wikipedia-infobox,2812023,Love & Basketball,2026-06-20T19:47:16+00:00
3555,U-571 (2000),U-571,2000,https://en.wikipedia.org/wiki/Special:FilePath/U-571_movie.jpg,wikipedia-infobox,32260,U-571 (film),2026-06-20T19:47:16+00:00
3556,"Virgin Suicides, The (1999)","Virgin Suicides, The",1999,https://en.wikipedia.org/wiki/Special:FilePath/VirginSuicidesPoster.jpg,wikipedia-infobox,3610087,The Virgin Suicides (film),2026-06-20T19:47:16+00:00
3557,Jennifer 8 (1992),Jennifer 8,1992,https://en.wikipedia.org/wiki/Special:FilePath/Jennifer_eight.jpg,wikipedia-infobox,3732839,Jennifer 8,2026-06-20T19:47:16+00:00
3559,Limelight (1952),Limelight,1952,https://en.wikipedia.org/wiki/Special:FilePath/Limelight_%281952%29_-_original_theatrical_poster.jpeg,wikipedia-infobox,583273,Limelight (1952 film),2026-06-20T19:48:54+00:00
3562,Committed (2000),Committed,2000,https://en.wikipedia.org/wiki/Special:FilePath/Committed_einmal_7_himmel_und_zurueck_743.jpg,wikipedia-infobox,1432870,Committed (2000 film),2026-06-20T19:48:54+00:00
3563,"Crow: Salvation, The (2000)","Crow: Salvation, The",2000,https://en.wikipedia.org/wiki/Special:FilePath/Salvation_Poster.JPG,wikipedia-infobox,877225,The Crow: Salvation,2026-06-20T19:48:54+00:00
3564,"Flintstones in Viva Rock Vegas, The (2000)","Flintstones in Viva Rock Vegas, The",2000,https://en.wikipedia.org/wiki/Special:FilePath/Flintstonesmov.jpg,wikipedia-infobox,612018,The Flintstones in Viva Rock Vegas,2026-06-20T19:48:54+00:00
3565,Where the Heart Is (2000),Where the Heart Is,2000,https://en.wikipedia.org/wiki/Special:FilePath/Where_the_heart_is_poster.jpg,wikipedia-infobox,44366,Where the Heart Is (2000 film),2026-06-20T19:48:54+00:00
3566,"Big Kahuna, The (2000)","Big Kahuna, The",2000,https://m.media-amazon.com/images/M/MV5BNmU4NDk4NmYtMjlkZC00ZGYxLWEwMzEtMDI0YzBjYjYyNDY5XkEyXkFqcGc@._V1_.jpg,imdb-suggest,tt0189584,The Big Kahuna,2026-06-21T07:25:40+00:00
3567,Bossa Nova (1999),Bossa Nova,1999,https://m.media-amazon.com/images/M/MV5BMmU1YzkyMmUtYzgwNi00NTU1LWE2ZTgtNjk3ZjFhYmE2MWIwXkEyXkFqcGc@._V1_.jpg,imdb-suggest,tt0180837,Bossa Nova,2026-06-21T07:25:40+00:00
3568,Smiling Fish and Goat on Fire (1999),Smiling Fish and Goat on Fire,1999,https://m.media-amazon.com/images/M/MV5BMTQwOTM0ODMxNV5BMl5BanBnXkFtZTcwMzg3NTAwMQ@@._V1_.jpg,imdb-suggest,tt0162348,Smiling Fish & Goat on Fire,2026-06-21T07:19:29+00:00
3569,"Idiots, The (Idioterne) (1998)","Idiots, The (Idioterne)",1998,https://en.wikipedia.org/wiki/Special:FilePath/The_Idiots_theatrical_poster.jpg,wikipedia-infobox,1044981,The Idiots (1998 film),2026-06-20T20:43:08+00:00
3570,"Last September, The (1999)","Last September, The",1999,https://en.wikipedia.org/wiki/Special:FilePath/The_Last_September_.jpeg,wikipedia-infobox,55467323,The Last September (film),2026-06-20T19:48:55+00:00
3571,Time Code (2000),Time Code,2000,https://en.wikipedia.org/wiki/Special:FilePath/Timecode.jpg,wikipedia-infobox,2746367,Timecode (2000 film),2026-06-20T19:48:55+00:00
3572,Carnosaur (1993),Carnosaur,1993,https://en.wikipedia.org/wiki/Special:FilePath/Carnosauria_%28sensu_stricto%29_Infobox_Panoply.png,wikipedia-infobox,1252279,Carnosauria,2026-06-20T19:48:54+00:00
3573,Carnosaur 2 (1995),Carnosaur 2,1995,https://en.wikipedia.org/wiki/Special:FilePath/Carnosaur-2-poster.jpg,wikipedia-infobox,6980481,Carnosaur 2,2026-06-20T19:48:54+00:00
3574,Carnosaur 3: Primal Species (1996),Carnosaur 3: Primal Species,1996,https://en.wikipedia.org/wiki/Special:FilePath/Carnosaur_3_Primal_Species_1996_DVD_Cover.png,wikipedia-infobox,10093456,Carnosaur 3: Primal Species,2026-06-20T19:48:54+00:00
3575,Defying Gravity (1997),Defying Gravity,1997,https://en.wikipedia.org/wiki/Special:FilePath/Defying_Gravity_%28film%29.jpg,wikipedia-infobox,7239107,Defying Gravity (1997 film),2026-06-20T19:48:54+00:00
3576,"Hidden, The (1987)","Hidden, The",1987,https://en.wikipedia.org/wiki/Special:FilePath/Hiddenposter1987.jpg,wikipedia-infobox,2522220,The Hidden (1987 film),2026-06-20T19:48:54+00:00
3577,Two Moon Juction (1988),Two Moon Juction,1988,https://m.media-amazon.com/images/M/MV5BNThjYTZlYjUtY2YzMC00MDA3LTk0MTctMTAwYjgxYTY3YjgzXkEyXkFqcGc@._V1_.jpg,imdb-suggest,tt0096324,Two Moon Junction,2026-06-21T07:19:30+00:00
3578,Gladiator (2000),Gladiator,2000,https://en.wikipedia.org/wiki/Special:FilePath/Gladiator_%282000_film_poster%29.png,wikipedia-infobox,3616797,Gladiator (2000 film),2026-06-20T19:48:54+00:00
3579,I Dreamed of Africa (2000),I Dreamed of Africa,2000,https://en.wikipedia.org/wiki/Special:FilePath/I_Dreamed_of_Africa_Poster.jpg,wikipedia-infobox,32358656,I Dreamed of Africa,2026-06-20T19:48:54+00:00
3580,Up at the Villa (2000),Up at the Villa,2000,https://en.wikipedia.org/wiki/Special:FilePath/UpAtTheVilla.jpg,wikipedia-infobox,1338805,Up at the Villa,2026-06-20T19:48:54+00:00
3581,Human Traffic (1999),Human Traffic,1999,https://en.wikipedia.org/wiki/Special:FilePath/Human_Traffic_poster.JPG,wikipedia-infobox,2610020,Human Traffic,2026-06-20T19:48:57+00:00
3584,Breathless (1983),Breathless,1983,https://en.wikipedia.org/wiki/Special:FilePath/Breathless_%281983%29.jpg,wikipedia-infobox,5989305,Breathless (1983 film),2026-06-20T19:48:57+00:00
3585,"Great Locomotive Chase, The (1956)","Great Locomotive Chase, The",1956,https://en.wikipedia.org/wiki/Special:FilePath/The_poster_of_the_movie_The_Great_Locomotive_Chase.jpg,wikipedia-infobox,3851528,The Great Locomotive Chase,2026-06-20T19:48:57+00:00
3586,"Idolmaker, The (1980)","Idolmaker, The",1980,https://en.wikipedia.org/wiki/Special:FilePath/Idolmaker.jpg,wikipedia-infobox,6811268,The Idolmaker,2026-06-20T19:48:57+00:00
3587,Inferno (1980),Inferno,1980,https://en.wikipedia.org/wiki/Special:FilePath/InfernoPoster.jpg,wikipedia-infobox,3999425,Inferno (1980 film),2026-06-20T19:48:57+00:00
3588,"King of Marvin Gardens, The (1972)","King of Marvin Gardens, The",1972,https://en.wikipedia.org/wiki/Special:FilePath/Marvin_gardens_moviep.jpg,wikipedia-infobox,2289768,The King of Marvin Gardens,2026-06-20T19:48:57+00:00
3590,"Lords of Flatbush, The (1974)","Lords of Flatbush, The",1974,https://en.wikipedia.org/wiki/Special:FilePath/The_Lords_of_Flatbush_Poster.jpg,wikipedia-infobox,1871602,The Lords of Flatbush,2026-06-20T19:48:57+00:00
3591,Mr. Mom (1983),Mr. Mom,1983,https://en.wikipedia.org/wiki/Special:FilePath/Mr_mom_poster.jpg,wikipedia-infobox,1801280,Mr. Mom,2026-06-20T19:48:57+00:00
3592,Time Masters (Les Maîtres du Temps) (1982),Time Masters (Les Maîtres du Temps),1982,https://m.media-amazon.com/images/M/MV5BMmJmMmEwYzQtM2ZhYi00OWQ3LThjZWYtMTlkYmMyNmM3YmRkXkEyXkFqcGc@._V1_.jpg,imdb-suggest,tt0084315,The Time Masters,2026-06-21T07:19:32+00:00
3593,Battlefield Earth (2000),Battlefield Earth,2000,https://en.wikipedia.org/wiki/Special:FilePath/Battlefield_earth_poster.jpg,wikipedia-infobox,6976850,Battlefield Earth (film),2026-06-20T19:48:58+00:00
3594,Center Stage (2000),Center Stage,2000,https://en.wikipedia.org/wiki/Special:FilePath/Center_Stage_movie_poster.jpg,wikipedia-infobox,1425483,Center Stage (2000 film),2026-06-20T19:48:57+00:00
3595,Held Up (2000),Held Up,2000,https://m.media-amazon.com/images/M/MV5BMWUxMGJmY2QtMmZhMC00MzdhLThmOTktMzQ3ODIyY2UzZTNlXkEyXkFqcGc@._V1_.jpg,imdb-suggest,tt0288051,Hold-Up,2026-06-21T07:19:36+00:00
3596,Screwed (2000),Screwed,2000,https://en.wikipedia.org/wiki/Special:FilePath/Screwed_poster.jpg,wikipedia-infobox,2929705,Screwed (2000 film),2026-06-20T19:48:57+00:00
3597,Whipped (2000),Whipped,2000,https://en.wikipedia.org/wiki/Special:FilePath/Whipped_2000.jpg,wikipedia-infobox,7777717,Whipped (2000 film),2026-06-20T19:48:57+00:00
3598,Hamlet (2000),Hamlet,2000,https://en.wikipedia.org/wiki/Special:FilePath/Hamlet-Poster.jpg,wikipedia-infobox,101408,Hamlet (2000 film),2026-06-20T14:21:46+00:00
3599,Anchors Aweigh (1945),Anchors Aweigh,1945,https://en.wikipedia.org/wiki/Special:FilePath/AnchorsAweigh.jpeg,wikipedia-infobox,438531,Anchors Aweigh,2026-06-20T14:21:47+00:00
3600,Blue Hawaii (1961),Blue Hawaii,1961,https://en.wikipedia.org/wiki/Special:FilePath/Blue_hawaii_poster.jpg,wikipedia-infobox,935892,Blue Hawaii,2026-06-20T14:21:47+00:00
3601,"Castaway Cowboy, The (1974)","Castaway Cowboy, The",1974,https://en.wikipedia.org/wiki/Special:FilePath/The_Castaway_Cowboy_FilmPoster.jpeg,wikipedia-infobox,6045984,The Castaway Cowboy,2026-06-20T14:21:47+00:00
3602,G. I. Blues (1960),G. I. Blues,1960,https://en.wikipedia.org/wiki/Special:FilePath/G.I._Blues_Poster.jpg,wikipedia-infobox,1710652,G.I. Blues,2026-06-20T14:21:47+00:00
3603,"Gay Deceivers, The (1969)","Gay Deceivers, The",1969,https://en.wikipedia.org/wiki/Special:FilePath/The_Gay_Deceivers_poster.jpg,wikipedia-infobox,7177569,The Gay Deceivers,2026-06-20T14:21:47+00:00
3604,Gypsy (1962),Gypsy,1962,https://en.wikipedia.org/wiki/Special:FilePath/GypsyFilmPoster.jpg,wikipedia-infobox,6665962,Gypsy (1962 film),2026-06-20T14:21:46+00:00
3605,King Creole (1958),King Creole,1958,https://en.wikipedia.org/wiki/Special:FilePath/King_Creole_poster.jpg,wikipedia-infobox,1022323,King Creole,2026-06-20T14:21:47+00:00
3606,On the Town (1949),On the Town,1949,https://en.wikipedia.org/wiki/Special:FilePath/On_the_Town_%281949_poster%29_crop.jpg,wikipedia-infobox,12816415,On the Town (film),2026-06-20T14:21:48+00:00
3607,One Little Indian (1973),One Little Indian,1973,https://en.wikipedia.org/wiki/Special:FilePath/One_Little_Indian_-_Film_Poster.jpg,wikipedia-infobox,6969042,One Little Indian (film),2026-06-20T14:21:46+00:00
3608,Pee-wee's Big Adventure (1985),Pee-wee's Big Adventure,1985,https://en.wikipedia.org/wiki/Special:FilePath/Peeweebigadventure.jpg,wikipedia-infobox,432236,Pee-wee's Big Adventure,2026-06-20T14:21:47+00:00
3609,Regret to Inform (1998),Regret to Inform,1998,https://en.wikipedia.org/wiki/Special:FilePath/Poster_of_the_movie_Regret_to_Inform.jpg,wikipedia-infobox,20338913,Regret to Inform,2026-06-20T14:21:47+00:00
3610,Roustabout (1964),Roustabout,1964,https://en.wikipedia.org/wiki/Special:FilePath/RoustaboutElvis.jpg,wikipedia-infobox,537101,Roustabout (film),2026-06-20T14:21:48+00:00
3611,Saludos Amigos (1943),Saludos Amigos,1943,https://en.wikipedia.org/wiki/Special:FilePath/Saludosposter.jpg,wikipedia-infobox,76628,Saludos Amigos,2026-06-20T14:21:47+00:00
3612,"Slipper and the Rose, The (1976)","Slipper and the Rose, The",1976,https://en.wikipedia.org/wiki/Special:FilePath/Slipper_and_the_rose_movie_poster.jpg,wikipedia-infobox,399435,The Slipper and the Rose,2026-06-20T14:21:47+00:00
3613,Things Change (1988),Things Change,1988,https://en.wikipedia.org/wiki/Special:FilePath/Things_Change_film_poster.jpeg,wikipedia-infobox,4270959,Things Change (film),2026-06-20T14:21:48+00:00
3614,Honeymoon in Vegas (1992),Honeymoon in Vegas,1992,https://en.wikipedia.org/wiki/Special:FilePath/Honeymoon_In_Vegas.jpg,wikipedia-infobox,2848051,Honeymoon in Vegas,2026-06-20T14:21:47+00:00
3615,Dinosaur (2000),Dinosaur,2000,https://en.wikipedia.org/wiki/Special:FilePath/dinosaurmovieposter.jpg,wikipedia-infobox,919477,Dinosaur (2000 film),2026-06-20T14:21:46+00:00
3616,Loser (2000),Loser,2000,https://media.themoviedb.org/t/p/original/vKTbNXcOE7oVYJTPBFGTNVmrm04.jpg,manual-curated,tmdb-web:loser,Loser,2026-06-21T07:45:34+00:00
3617,Road Trip (2000),Road Trip,2000,https://en.wikipedia.org/wiki/Special:FilePath/Road_Trip_movie.jpg,wikipedia-infobox,1164535,Road Trip (2000 film),2026-06-20T14:21:46+00:00
3618,Small Time Crooks (2000),Small Time Crooks,2000,https://en.wikipedia.org/wiki/Special:FilePath/Small_time_crooks.jpg,wikipedia-infobox,1960507,Small Time Crooks,2026-06-20T14:21:47+00:00
3619,"Hollywood Knights, The (1980)","Hollywood Knights, The",1980,https://en.wikipedia.org/wiki/Special:FilePath/hollywood_knights_movie_poster.jpg,wikipedia-infobox,1595532,The Hollywood Knights,2026-06-20T14:21:47+00:00
3620,"Myth of Fingerprints, The (1997)","Myth of Fingerprints, The",1997,https://en.wikipedia.org/wiki/Special:FilePath/Poster_of_the_movie_The_Myth_of_Fingerprints.jpg,wikipedia-infobox,3193295,The Myth of Fingerprints,2026-06-20T14:21:47+00:00
3621,Possession (1981),Possession,1981,https://en.wikipedia.org/wiki/Special:FilePath/Possession_film_cover.jpg,wikipedia-infobox,5542682,Possession (1981 film),2026-06-20T14:21:46+00:00
3622,"Twelve Chairs, The (1970)","Twelve Chairs, The",1970,https://en.wikipedia.org/wiki/Special:FilePath/TwelveChairsVHS.png,wikipedia-infobox,2480504,The Twelve Chairs (1970 film),2026-06-20T14:21:46+00:00
3623,Mission: Impossible 2 (2000),Mission: Impossible 2,2000,https://en.wikipedia.org/wiki/Special:FilePath/Mission_Impossible_II.jpg,wikipedia-infobox,451866,Mission: Impossible 2,2026-06-20T14:21:47+00:00
3624,Shanghai Noon (2000),Shanghai Noon,2000,https://en.wikipedia.org/wiki/Special:FilePath/ShanghaiNoon_Poster.jpg,wikipedia-infobox,213149,Shanghai Noon,2026-06-20T14:21:47+00:00
3625,Better Living Through Circuitry (1999),Better Living Through Circuitry,1999,https://en.wikipedia.org/wiki/Special:FilePath/Better_Living_DVD.jpg,wikipedia-infobox,3317705,Better Living Through Circuitry,2026-06-20T14:21:47+00:00
3626,8 1/2 Women (1999),8 1/2 Women,1999,https://en.wikipedia.org/wiki/Special:FilePath/Eighthalfwomen.jpg,wikipedia-infobox,2533907,8½ Women,2026-06-20T14:21:47+00:00
3627,Carnival of Souls (1962),Carnival of Souls,1962,https://en.wikipedia.org/wiki/Special:FilePath/Carnival_of_Souls_%281962_pressbook_cover%29.jpg,wikipedia-infobox,1100688,Carnival of Souls,2026-06-20T14:21:46+00:00
3628,Flying Tigers (1942),Flying Tigers,1942,https://en.wikipedia.org/wiki/Special:FilePath/Flying_Tigers_personnel.jpg,wikipedia-infobox,262877,Flying Tigers,2026-06-20T14:21:47+00:00
3629,"Gold Rush, The (1925)","Gold Rush, The",1925,https://en.wikipedia.org/wiki/Special:FilePath/Gold_rush_poster.jpg,wikipedia-infobox,73882,The Gold Rush,2026-06-20T14:21:47+00:00
3631,It's in the Water (1998),It's in the Water,1998,https://en.wikipedia.org/wiki/Special:FilePath/It%27s_in_the_Water_FilmPoster.jpeg,wikipedia-infobox,6386227,It's in the Water,2026-06-20T14:21:47+00:00
3632,Monsieur Verdoux (1947),Monsieur Verdoux,1947,https://en.wikipedia.org/wiki/Special:FilePath/Monsieur_Verdoux_poster.jpg,wikipedia-infobox,545615,Monsieur Verdoux,2026-06-20T14:21:47+00:00
3633,On Her Majesty's Secret Service (1969),On Her Majesty's Secret Service,1969,https://en.wikipedia.org/wiki/Special:FilePath/On_Her_Majesty%27s_Secret_Service_-_UK_cinema_poster.jpg,wikipedia-infobox,6268880,On Her Majesty's Secret Service (film),2026-06-20T14:21:48+00:00
3634,Seven Days in May (1964),Seven Days in May,1964,https://en.wikipedia.org/wiki/Special:FilePath/Sevendays_moviep.jpg,wikipedia-infobox,297431,Seven Days in May,2026-06-20T14:21:47+00:00
3635,"Spy Who Loved Me, The (1977)","Spy Who Loved Me, The",1977,https://en.wikipedia.org/wiki/Special:FilePath/The_Spy_Who_Loved_Me_%28UK_cinema_poster%29.jpg,wikipedia-infobox,6446036,The Spy Who Loved Me (film),2026-06-20T14:21:48+00:00
3636,Those Who Love Me Can Take the Train (Ceux qui m'aiment prendront le train) (1998),Those Who Love Me Can Take the Train (Ceux qui m'aiment prendront le train),1998,https://en.wikipedia.org/wiki/Special:FilePath/Those_Who_Love_Me_Can_Take_the_Train_French_Poster.jpg,wikipedia-infobox,22382182,Those Who Love Me Can Take the Train,2026-06-20T20:43:08+00:00
3637,Vagabond (Sans toit ni loi) (1985),Vagabond (Sans toit ni loi),1985,https://en.wikipedia.org/wiki/Special:FilePath/Vagabondposter.jpg,wikipedia-infobox,897713,Vagabond (1985 film),2026-06-20T20:43:08+00:00
3638,Moonraker (1979),Moonraker,1979,https://en.wikipedia.org/wiki/Special:FilePath/Moonraker_%28UK_cinema_poster%29.jpg,wikipedia-infobox,6446062,Moonraker (film),2026-06-20T14:21:48+00:00
3639,"Man with the Golden Gun, The (1974)","Man with the Golden Gun, The",1974,https://en.wikipedia.org/wiki/Special:FilePath/The_Man_with_the_Golden_Gun_-_UK_cinema_poster.jpg,wikipedia-infobox,6223567,The Man with the Golden Gun (film),2026-06-20T19:48:58+00:00
3640,"King in New York, A (1957)","King in New York, A",1957,https://en.wikipedia.org/wiki/Special:FilePath/A_King_in_New_York_%28poster%29.jpg,wikipedia-infobox,1854398,A King in New York,2026-06-20T19:48:57+00:00
3641,"Woman of Paris, A (1923)","Woman of Paris, A",1923,https://en.wikipedia.org/wiki/Special:FilePath/Long_Poster_of_A_Woman_of_Paris_A_Drama_of_Fate_%281923%29.jpg,wikipedia-infobox,546663,A Woman of Paris,2026-06-20T19:48:57+00:00
3642,In Old California (1942),In Old California,1942,https://en.wikipedia.org/wiki/Special:FilePath/In_Old_California_FilmPoster.jpeg,wikipedia-infobox,12189457,In Old California (1942 film),2026-06-20T19:48:57+00:00
3643,"Fighting Seabees, The (1944)","Fighting Seabees, The",1944,https://en.wikipedia.org/wiki/Special:FilePath/Fighting_Seabees_1944.jpg,wikipedia-infobox,1188721,The Fighting Seabees,2026-06-20T19:49:00+00:00
3644,Dark Command (1940),Dark Command,1940,https://en.wikipedia.org/wiki/Special:FilePath/Dark_Command_1940.jpg,wikipedia-infobox,5263902,Dark Command,2026-06-20T19:49:00+00:00
3645,Cleo From 5 to 7 (Cléo de 5 à 7) (1962),Cleo From 5 to 7 (Cléo de 5 à 7),1962,https://en.wikipedia.org/wiki/Special:FilePath/Original_Poster_to_the_1962_Left_Bank_film_Cl%C3%A9o_from_5_to_7.jpg,wikipedia-infobox,3644380,Cléo from 5 to 7,2026-06-20T20:43:09+00:00
3646,Big Momma's House (2000),Big Momma's House,2000,https://en.wikipedia.org/wiki/Special:FilePath/Big_mommas_house_movie.jpg,wikipedia-infobox,40594612,Big Momma's House,2026-06-20T19:49:00+00:00
3647,Running Free (2000),Running Free,2000,https://en.wikipedia.org/wiki/Special:FilePath/Running_Free_%282000_movie_poster%29.jpg,wikipedia-infobox,23645970,Running Free (film),2026-06-20T19:49:00+00:00
3648,"Abominable Snowman, The (1957)","Abominable Snowman, The",1957,https://en.wikipedia.org/wiki/Special:FilePath/Abominable_Snowman_movie.jpg,wikipedia-infobox,4069518,The Abominable Snowman (film),2026-06-20T19:48:59+00:00
3649,American Gigolo (1980),American Gigolo,1980,https://en.wikipedia.org/wiki/Special:FilePath/American_gigolo_post.jpg,wikipedia-infobox,667194,American Gigolo,2026-06-20T19:49:00+00:00
3651,"Blood Spattered Bride, The (La Novia Ensangrentada) (1972)","Blood Spattered Bride, The (La Novia Ensangrentada)",1972,https://en.wikipedia.org/wiki/Special:FilePath/BloodSpatteredBride.jpg,wikipedia-infobox,12007271,The Blood Spattered Bride,2026-06-20T20:44:04+00:00
3652,City of the Living Dead (Paura nella città dei morti viventi) (1980),City of the Living Dead (Paura nella città dei morti viventi),1980,https://en.wikipedia.org/wiki/Special:FilePath/Paura-nella-citta-dei-morti-viventi-italian-movie-poster-md.jpg,wikipedia-infobox,4390553,City of the Living Dead,2026-06-20T20:44:04+00:00
3653,"Endless Summer, The (1966)","Endless Summer, The",1966,https://en.wikipedia.org/wiki/Special:FilePath/The_Endless_Summer_%281966_Cinema_V_poster%29.jpg,wikipedia-infobox,165333,The Endless Summer,2026-06-20T19:49:00+00:00
3654,"Guns of Navarone, The (1961)","Guns of Navarone, The",1961,https://en.wikipedia.org/wiki/Special:FilePath/GunsofNavarone.jpg,wikipedia-infobox,6984559,The Guns of Navarone (film),2026-06-20T19:49:00+00:00
3655,Blow-Out (La Grande Bouffe) (1973),Blow-Out (La Grande Bouffe),1973,https://en.wikipedia.org/wiki/Special:FilePath/La_Grande_Bouffe.jpg,wikipedia-infobox,1449222,La Grande Bouffe,2026-06-20T20:44:04+00:00
3656,Lured (1947),Lured,1947,https://en.wikipedia.org/wiki/Special:FilePath/LuredPoster.jpg,wikipedia-infobox,8202158,Lured,2026-06-20T19:49:00+00:00
3657,Pandora and the Flying Dutchman (1951),Pandora and the Flying Dutchman,1951,https://en.wikipedia.org/wiki/Special:FilePath/Pandora_and_the_Flying_Dutchman.jpg,wikipedia-infobox,717281,Pandora and the Flying Dutchman,2026-06-20T19:49:00+00:00
3658,Quatermass and the Pit (1967),Quatermass and the Pit,1967,https://en.wikipedia.org/wiki/Special:FilePath/Qatp01.JPG,wikipedia-infobox,679074,Quatermass and the Pit,2026-06-20T19:49:00+00:00
3659,Quatermass II (1957),Quatermass II,1957,https://en.wikipedia.org/wiki/Special:FilePath/Quat201.JPG,wikipedia-infobox,869155,Quatermass II,2026-06-20T19:49:00+00:00
3660,Puppet Master (1989),Puppet Master,1989,https://en.wikipedia.org/wiki/Special:FilePath/Puppet_Master_%281989_movie_poster%29.jpg,wikipedia-infobox,1347325,Puppet Master (film),2026-06-20T19:49:00+00:00
3661,Puppet Master II (1990),Puppet Master II,1990,https://en.wikipedia.org/wiki/Special:FilePath/Puppet_Master_II.jpg,wikipedia-infobox,7153190,Puppet Master II,2026-06-20T19:49:00+00:00
3662,Puppet Master III: Toulon's Revenge (1991),Puppet Master III: Toulon's Revenge,1991,https://en.wikipedia.org/wiki/Special:FilePath/Puppet_Master_III_DVD.jpg,wikipedia-infobox,7153704,Puppet Master III: Toulon's Revenge,2026-06-20T19:49:00+00:00
3663,Puppet Master 4 (1993),Puppet Master 4,1993,https://en.wikipedia.org/wiki/Special:FilePath/Puppet_Master_4.jpg,wikipedia-infobox,7153837,Puppet Master 4,2026-06-20T19:49:00+00:00
3664,Puppet Master 5: The Final Chapter (1994),Puppet Master 5: The Final Chapter,1994,https://en.wikipedia.org/wiki/Special:FilePath/Puppet_Master_5.jpg,wikipedia-infobox,7153927,Puppet Master 5: The Final Chapter,2026-06-20T19:49:03+00:00
3665,Curse of the Puppet Master (1998),Curse of the Puppet Master,1998,https://en.wikipedia.org/wiki/Special:FilePath/Curse-of-the-puppet-master-movie-poster-md.jpg,wikipedia-infobox,7154010,Curse of the Puppet Master,2026-06-20T19:49:03+00:00
3666,Retro Puppetmaster (1999),Retro Puppetmaster,1999,https://en.wikipedia.org/wiki/Special:FilePath/Retro-puppet-master-movie-poster-md.jpg,wikipedia-infobox,Q129068,Retro Puppet Master,2026-06-20T19:49:39+00:00
3667,Rent-A-Cop (1988),Rent-A-Cop,1988,https://m.media-amazon.com/images/M/MV5BMGZhYmU1NjYtMTYyNi00YTk5LTk4MmQtNTRhMzkxY2Y4ZjgzXkEyXkFqcGc@._V1_.jpg,imdb-suggest,tt0095977,Rent-a-Cop,2026-06-21T07:25:40+00:00
3668,Romeo and Juliet (1968),Romeo and Juliet,1968,https://en.wikipedia.org/wiki/Special:FilePath/Romeo_and_Juliet_1968_film_poster.jpg,wikipedia-infobox,99025,Romeo and Juliet (1968 film),2026-06-20T19:49:02+00:00
3669,Stay Tuned (1992),Stay Tuned,1992,https://en.wikipedia.org/wiki/Special:FilePath/Stay_Tuned_Poster.jpg,wikipedia-infobox,1673495,Stay Tuned (film),2026-06-20T19:49:03+00:00
3670,"Story of G.I. Joe, The (1945)","Story of G.I. Joe, The",1945,https://en.wikipedia.org/wiki/Special:FilePath/Ernie_Pyle%27s_%27Story_of_G.I._Joe%27_%281945_poster%29.jpg,wikipedia-infobox,1076789,The Story of G.I. Joe,2026-06-20T19:49:03+00:00
3671,Blazing Saddles (1974),Blazing Saddles,1974,https://en.wikipedia.org/wiki/Special:FilePath/blazing_saddles_movie_poster.jpg,wikipedia-infobox,3837,Blazing Saddles,2026-06-20T19:49:03+00:00
3672,Benji (1974),Benji,1974,https://en.wikipedia.org/wiki/Special:FilePath/Benji1974.jpg,wikipedia-infobox,11265801,Benji (1974 film),2026-06-20T19:49:02+00:00
3673,Benji the Hunted (1987),Benji the Hunted,1987,https://en.wikipedia.org/wiki/Special:FilePath/Bengithehunterposter.jpg,wikipedia-infobox,4513177,Benji the Hunted,2026-06-20T19:49:03+00:00
3674,For the Love of Benji (1977),For the Love of Benji,1977,https://en.wikipedia.org/wiki/Special:FilePath/For_the_Love_of_Benji_movie_poster.jpg,wikipedia-infobox,4513231,For the Love of Benji,2026-06-20T19:49:03+00:00
3675,White Christmas (1954),White Christmas,1954,https://en.wikipedia.org/wiki/Special:FilePath/White_Christmas_film.jpg,wikipedia-infobox,2817162,White Christmas (film),2026-06-20T19:49:02+00:00
3676,Eraserhead (1977),Eraserhead,1977,https://en.wikipedia.org/wiki/Special:FilePath/Eraserhead_-_Filmex_%2777_poster.jpg,wikipedia-infobox,36814246,Eraserhead,2026-06-20T19:49:03+00:00
3677,Baraka (1992),Baraka,1992,https://en.wikipedia.org/wiki/Special:FilePath/Baraka.jpg,wikipedia-infobox,183619,Baraka (film),2026-06-20T19:49:03+00:00
3678,"Man with the Golden Arm, The (1955)","Man with the Golden Arm, The",1955,https://en.wikipedia.org/wiki/Special:FilePath/The_Man_with_the_Golden_Arm_poster.jpg,wikipedia-infobox,161450,The Man with the Golden Arm,2026-06-20T19:49:03+00:00
3679,"Decline of Western Civilization, The (1981)","Decline of Western Civilization, The",1981,https://en.wikipedia.org/wiki/Special:FilePath/The_Decline_of_Western_Civilization_film_poster.jpg,wikipedia-infobox,461657,The Decline of Western Civilization,2026-06-20T19:49:03+00:00
3680,"Decline of Western Civilization Part II: The Metal Years, The (1988)","Decline of Western Civilization Part II: The Metal Years, The",1988,https://en.wikipedia.org/wiki/Special:FilePath/Metalyears.jpg,wikipedia-infobox,2996966,The Decline of Western Civilization Part II: The Metal Years,2026-06-20T19:49:03+00:00
3681,For a Few Dollars More (1965),For a Few Dollars More,1965,https://en.wikipedia.org/wiki/Special:FilePath/For_a_Few_Dollars_More-ita-poster.jpg,wikipedia-infobox,442300,For a Few Dollars More,2026-06-20T19:49:03+00:00
3682,Magnum Force (1973),Magnum Force,1973,https://en.wikipedia.org/wiki/Special:FilePath/Magnum_Force.jpg,wikipedia-infobox,705984,Magnum Force,2026-06-20T19:49:03+00:00
3683,Blood Simple (1984),Blood Simple,1984,https://en.wikipedia.org/wiki/Special:FilePath/Blood-simple-movie-poster-md.jpg,wikipedia-infobox,276070,Blood Simple,2026-06-20T19:49:03+00:00
3684,"Fabulous Baker Boys, The (1989)","Fabulous Baker Boys, The",1989,https://en.wikipedia.org/wiki/Special:FilePath/Fabbakerboyspost.jpg,wikipedia-infobox,770144,The Fabulous Baker Boys,2026-06-20T19:49:42+00:00
3685,Prizzi's Honor (1985),Prizzi's Honor,1985,https://en.wikipedia.org/wiki/Special:FilePath/Prizzis_honor.jpg,wikipedia-infobox,113454,Prizzi's Honor,2026-06-20T19:49:42+00:00
3686,Flatliners (1990),Flatliners,1990,https://en.wikipedia.org/wiki/Special:FilePath/Flatliners.jpg,wikipedia-infobox,673469,Flatliners,2026-06-20T19:49:41+00:00
3687,Light Years (1988),Light Years,1988,https://m.media-amazon.com/images/M/MV5BODY1ZjdiZGItYzUzYy00ZDI4LTkzZjMtMzg3NzM3ZDNlZmRjXkEyXkFqcGc@._V1_.jpg,imdb-suggest,tt0095525,Gandahar,2026-06-21T07:31:26+00:00
3688,Porky's (1981),Porky's,1981,https://en.wikipedia.org/wiki/Special:FilePath/Porkys.jpg,wikipedia-infobox,284957,Porky's,2026-06-20T19:49:42+00:00
3689,Porky's II: The Next Day (1983),Porky's II: The Next Day,1983,https://en.wikipedia.org/wiki/Special:FilePath/PorkysII.jpg,wikipedia-infobox,2108445,Porky's II: The Next Day,2026-06-20T19:49:42+00:00
3690,Porky's Revenge (1985),Porky's Revenge,1985,https://en.wikipedia.org/wiki/Special:FilePath/porkys_revenge.jpg,wikipedia-infobox,2108624,Porky's Revenge!,2026-06-20T19:49:42+00:00
3691,Private School (1983),Private School,1983,https://en.wikipedia.org/wiki/Special:FilePath/private_school.jpg,wikipedia-infobox,6738041,Private School (film),2026-06-20T19:49:42+00:00
3692,Class of Nuke 'Em High (1986),Class of Nuke 'Em High,1986,https://en.wikipedia.org/wiki/Special:FilePath/Class_of_Nuke_%27Em_High_%281986%29_poster.jpg,wikipedia-infobox,105401,Class of Nuke 'Em High,2026-06-20T19:49:42+00:00
3693,"Toxic Avenger, The (1985)","Toxic Avenger, The",1985,https://m.media-amazon.com/images/M/MV5BNDZjMGZjMDktOTZlNC00MTQ5LTkzY2UtZjM1MjE0NDcwNzk1XkEyXkFqcGc@._V1_.jpg,imdb-suggest,tt0090190,The Toxic Avenger,2026-06-21T07:25:40+00:00
3694,"Toxic Avenger, Part II, The (1989)","Toxic Avenger, Part II, The",1989,https://m.media-amazon.com/images/M/MV5BYzZkNDhlMzUtMzc3Zi00MTJhLWFhMjEtN2IyOTM3NTZlODllXkEyXkFqcGc@._V1_.jpg,imdb-suggest,tt0098503,The Toxic Avenger Part II,2026-06-21T07:19:42+00:00
3695,"Toxic Avenger Part III: The Last Temptation of Toxie, The (1989)","Toxic Avenger Part III: The Last Temptation of Toxie, The",1989,https://en.wikipedia.org/wiki/Special:FilePath/Toxie3.jpg,wikipedia-infobox,6212119,The Toxic Avenger Part III: The Last Temptation of Toxie,2026-06-20T19:49:42+00:00
3696,Night of the Creeps (1986),Night of the Creeps,1986,https://en.wikipedia.org/wiki/Special:FilePath/Nightofthecreepsposter.jpg,wikipedia-infobox,2534857,Night of the Creeps,2026-06-20T19:49:42+00:00
3697,Predator 2 (1990),Predator 2,1990,https://en.wikipedia.org/wiki/Special:FilePath/Predator_two.jpg,wikipedia-infobox,620034,Predator 2,2026-06-20T19:49:42+00:00
3698,"Running Man, The (1987)","Running Man, The",1987,https://en.wikipedia.org/wiki/Special:FilePath/The_Running_Man_%281987%29_poster.jpg,wikipedia-infobox,7668793,The Running Man (1987 film),2026-06-20T19:49:41+00:00
3699,Starman (1984),Starman,1984,https://en.wikipedia.org/wiki/Special:FilePath/Starman_film_poster.jpg,wikipedia-infobox,168498,Starman (film),2026-06-20T19:49:42+00:00
3700,"Brother from Another Planet, The (1984)","Brother from Another Planet, The",1984,https://en.wikipedia.org/wiki/Special:FilePath/Brofromotherplanet.jpg,wikipedia-infobox,1673588,The Brother from Another Planet,2026-06-20T19:49:42+00:00
3701,Alien Nation (1988),Alien Nation,1988,https://en.wikipedia.org/wiki/Special:FilePath/Alien_Nation_Poster.jpg,wikipedia-infobox,574909,Alien Nation (film),2026-06-20T19:49:42+00:00
3702,Mad Max (1979),Mad Max,1979,https://en.wikipedia.org/wiki/Special:FilePath/MadMazAus.jpg,wikipedia-infobox,255898,Mad Max (film),2026-06-20T19:49:41+00:00
3703,Mad Max 2 (a.k.a. The Road Warrior) (1981),Mad Max 2 (a.k.a. The Road Warrior),1981,https://en.wikipedia.org/wiki/Special:FilePath/Mad_max_two_the_road_warrior.jpg,wikipedia-infobox,262465,Mad Max 2,2026-06-20T20:44:03+00:00
3704,Mad Max Beyond Thunderdome (1985),Mad Max Beyond Thunderdome,1985,https://en.wikipedia.org/wiki/Special:FilePath/Mad_max_beyond_thunderdome.jpg,wikipedia-infobox,598868,Mad Max Beyond Thunderdome,2026-06-20T19:49:45+00:00
3705,Bird on a Wire (1990),Bird on a Wire,1990,https://en.wikipedia.org/wiki/Special:FilePath/Bird_on_a_wire_poster.jpg,wikipedia-infobox,4213204,Bird on a Wire (film),2026-06-20T19:49:45+00:00
3706,Angel Heart (1987),Angel Heart,1987,https://en.wikipedia.org/wiki/Special:FilePath/Angel_Heart.jpg,wikipedia-infobox,673682,Angel Heart,2026-06-20T19:49:45+00:00
3707,Nine 1/2 Weeks (1986),Nine 1/2 Weeks,1986,https://en.wikipedia.org/wiki/Special:FilePath/Nine-12-weeks-theatrical-movie-poster-md.jpg,wikipedia-infobox,1896864,9½ Weeks,2026-06-20T19:49:45+00:00
3708,Firestarter (1984),Firestarter,1984,https://en.wikipedia.org/wiki/Special:FilePath/Firestarterposter84.jpg,wikipedia-infobox,16182808,Firestarter (1984 film),2026-06-20T19:49:44+00:00
3709,Sleepwalkers (1992),Sleepwalkers,1992,https://en.wikipedia.org/wiki/Special:FilePath/Sleepwalkers.jpg,wikipedia-infobox,1140773,Sleepwalkers (1992 film),2026-06-20T19:49:44+00:00
3710,Action Jackson (1988),Action Jackson,1988,https://en.wikipedia.org/wiki/Special:FilePath/Action_Jackson_film_poster.jpg,wikipedia-infobox,2069002,Action Jackson (1988 film),2026-06-20T19:49:44+00:00
3711,Sarafina! (1992),Sarafina!,1992,https://en.wikipedia.org/wiki/Special:FilePath/Sarafina_poster.jpg,wikipedia-infobox,27736078,Sarafina! (film),2026-06-20T19:49:45+00:00
3712,Soapdish (1991),Soapdish,1991,https://en.wikipedia.org/wiki/Special:FilePath/Soapdishposter.jpg,wikipedia-infobox,2354228,Soapdish,2026-06-20T19:49:45+00:00
3713,"Long Walk Home, The (1990)","Long Walk Home, The",1990,https://en.wikipedia.org/wiki/Special:FilePath/The_Long_Walk_Home.jpg,wikipedia-infobox,9709480,The Long Walk Home,2026-06-20T19:49:45+00:00
3714,Clara's Heart (1988),Clara's Heart,1988,https://en.wikipedia.org/wiki/Special:FilePath/Claras_heart.jpg,wikipedia-infobox,2058829,Clara's Heart,2026-06-20T19:49:45+00:00
3715,Burglar (1987),Burglar,1987,https://en.wikipedia.org/wiki/Special:FilePath/Burglarposter.jpg,wikipedia-infobox,5943254,Burglar (film),2026-06-20T19:49:45+00:00
3716,Fatal Beauty (1987),Fatal Beauty,1987,https://en.wikipedia.org/wiki/Special:FilePath/Fatal_beauty_poster.jpg,wikipedia-infobox,7128210,Fatal Beauty,2026-06-20T19:49:45+00:00
3717,Gone in 60 Seconds (2000),Gone in 60 Seconds,2000,https://en.wikipedia.org/wiki/Special:FilePath/Gone_in_sixty_seconds.jpg,wikipedia-infobox,883432,Gone in 60 Seconds (2000 film),2026-06-20T19:49:44+00:00
3718,American Pimp (1999),American Pimp,1999,https://en.wikipedia.org/wiki/Special:FilePath/American_pimp.jpg,wikipedia-infobox,1838082,American Pimp,2026-06-20T19:49:45+00:00
3719,Love's Labour's Lost (2000),Love's Labour's Lost,2000,https://en.wikipedia.org/wiki/Special:FilePath/Loveslabourslostpost.jpg,wikipedia-infobox,296997,Love's Labour's Lost (film),2026-06-20T19:49:44+00:00
3720,Sunshine (1999),Sunshine,1999,https://en.wikipedia.org/wiki/Special:FilePath/Sunshine_1999_poster.jpg,wikipedia-infobox,4413065,Sunshine (1999 film),2026-06-20T19:49:44+00:00
3721,Trixie (1999),Trixie,1999,https://m.media-amazon.com/images/M/MV5BZjQ2YmFkZTgtNGIyYy00ZDRmLTk2ZTctOGQ3YzdkMGZmYzM1XkEyXkFqcGc@._V1_.jpg,imdb-suggest,tt0162711,Trixie,2026-06-21T07:25:40+00:00
3722,Live Virgin (1999),Live Virgin,1999,https://upload.wikimedia.org/wikipedia/en/1/12/American_Virgin_%282000_film%29.jpg,manual-curated,wikipedia:American_Virgin_(1999_film),American Virgin,2026-06-21T07:45:34+00:00
3723,Hamlet (1990),Hamlet,1990,https://en.wikipedia.org/wiki/Special:FilePath/Hamletposter.jpg,wikipedia-infobox,101401,Hamlet (1990 film),2026-06-20T19:49:44+00:00
3724,Coming Home (1978),Coming Home,1978,https://en.wikipedia.org/wiki/Special:FilePath/Coming_Home_film_poster.jpg,wikipedia-infobox,103011,Coming Home (1978 film),2026-06-20T19:51:23+00:00
3725,American Pop (1981),American Pop,1981,https://en.wikipedia.org/wiki/Special:FilePath/American_Pop.jpeg,wikipedia-infobox,2040976,American Pop,2026-06-20T19:51:23+00:00
3726,Assault on Precinct 13 (1976),Assault on Precinct 13,1976,https://en.wikipedia.org/wiki/Special:FilePath/assault_on_precinct_thirteen_movie_poster.jpg,wikipedia-infobox,1399119,Assault on Precinct 13 (1976 film),2026-06-20T19:51:23+00:00
3727,Near Dark (1987),Near Dark,1987,https://en.wikipedia.org/wiki/Special:FilePath/Neardarktheatposter.jpg,wikipedia-infobox,1637470,Near Dark,2026-06-20T19:51:23+00:00
3728,One False Move (1991),One False Move,1991,https://m.media-amazon.com/images/M/MV5BMmNmNmQ0M2MtZjIzNi00OTVkLTkxMzAtOTM1ZDA4Y2UyNTkwXkEyXkFqcGc@._V1_.jpg,imdb-suggest,tt0102592,One False Move,2026-06-21T07:19:46+00:00
3729,Shaft (1971),Shaft,1971,https://en.wikipedia.org/wiki/Special:FilePath/Shaftposter.jpg,wikipedia-infobox,76345,Shaft (1971 film),2026-06-20T19:51:23+00:00
3730,"Conversation, The (1974)","Conversation, The",1974,https://en.wikipedia.org/wiki/Special:FilePath/Theconversation.jpg,wikipedia-infobox,66853,The Conversation,2026-06-20T19:51:23+00:00
3731,Cutter's Way (1981),Cutter's Way,1981,https://en.wikipedia.org/wiki/Special:FilePath/CUTTERSW-00AA1-poster_hires.jpg,wikipedia-infobox,4228260,Cutter's Way,2026-06-20T19:51:23+00:00
3732,"Fury, The (1978)","Fury, The",1978,https://en.wikipedia.org/wiki/Special:FilePath/The_Fury_%281978%29.jpg,wikipedia-infobox,3127557,The Fury (1978 film),2026-06-20T19:51:23+00:00
3733,"Paper Chase, The (1973)","Paper Chase, The",1973,https://en.wikipedia.org/wiki/Special:FilePath/Poster_of_The_Paper_Chase.jpg,wikipedia-infobox,9720148,The Paper Chase (film),2026-06-20T19:51:24+00:00
3734,Prince of the City (1981),Prince of the City,1981,https://en.wikipedia.org/wiki/Special:FilePath/Prince_Of_The_City_folded.jpg,wikipedia-infobox,1353111,Prince of the City,2026-06-20T19:51:23+00:00
3735,Serpico (1973),Serpico,1973,https://en.wikipedia.org/wiki/Special:FilePath/Serpico_poster.jpg,wikipedia-infobox,163459,Serpico,2026-06-20T19:51:23+00:00
3736,"Big Carnival, The (1951)","Big Carnival, The",1951,https://en.wikipedia.org/wiki/Special:FilePath/Ace_in_the_Hole_%281951_film_poster%29.jpg,wikipedia-infobox,1638112,Ace in the Hole (1951 film),2026-06-20T19:51:23+00:00
3737,Lonely Are the Brave (1962),Lonely Are the Brave,1962,https://en.wikipedia.org/wiki/Special:FilePath/Lonely_Are_the_Brave_poster.jpg,wikipedia-infobox,2165590,Lonely Are the Brave,2026-06-20T19:51:23+00:00
3738,"Sugarland Express, The (1974)","Sugarland Express, The",1974,https://en.wikipedia.org/wiki/Special:FilePath/The_Sugarland_Express_%28movie_poster%29.jpg,wikipedia-infobox,1646113,The Sugarland Express,2026-06-20T19:51:23+00:00
3739,Trouble in Paradise (1932),Trouble in Paradise,1932,https://en.wikipedia.org/wiki/Special:FilePath/Trouble_in_Paradise_%281932_film_poster%29.jpg,wikipedia-infobox,76399,Trouble in Paradise (1932 film),2026-06-20T19:51:23+00:00
3740,Big Trouble in Little China (1986),Big Trouble in Little China,1986,https://en.wikipedia.org/wiki/Special:FilePath/Big_Trouble_in_Little_China_Film_Poster.jpg,wikipedia-infobox,697113,Big Trouble in Little China,2026-06-20T19:51:23+00:00
3741,Badlands (1973),Badlands,1973,https://en.wikipedia.org/wiki/Special:FilePath/Badlands_movie_poster.jpg,wikipedia-infobox,68130,Badlands (film),2026-06-20T19:51:24+00:00
3742,"Battleship Potemkin, The (Bronenosets Potyomkin) (1925)","Battleship Potemkin, The (Bronenosets Potyomkin)",1925,https://en.wikipedia.org/wiki/Special:FilePath/Vintage_Potemkin.jpg,wikipedia-infobox,77865,Battleship Potemkin,2026-06-20T20:44:04+00:00
3743,Boys and Girls (2000),Boys and Girls,2000,https://en.wikipedia.org/wiki/Special:FilePath/Boys_and_girls_poster.jpg,wikipedia-infobox,4132529,Boys and Girls (2000 film),2026-06-20T19:51:23+00:00
3744,Shaft (2000),Shaft,2000,https://en.wikipedia.org/wiki/Special:FilePath/Shaft_%282000_movie_poster%29.jpg,wikipedia-infobox,973155,Shaft (2000 film),2026-06-20T19:53:01+00:00
3745,Titan A.E. (2000),Titan A.E.,2000,https://en.wikipedia.org/wiki/Special:FilePath/Titan_AE_One_Sheet.jpg,wikipedia-infobox,742453,Titan A.E.,2026-06-20T19:53:02+00:00
3746,Butterfly (La Lengua de las Mariposas) (2000),Butterfly (La Lengua de las Mariposas),2000,https://en.wikipedia.org/wiki/Special:FilePath/Butterfly_%282000_film%29_cover.jpg,wikipedia-infobox,19440608,Butterfly (2000 film),2026-06-20T20:44:04+00:00
3747,Jesus' Son (1999),Jesus' Son,1999,https://en.wikipedia.org/wiki/Special:FilePath/Jesus_son_ver5.jpg,wikipedia-infobox,2345088,Jesus' Son (film),2026-06-20T19:53:03+00:00
3748,"Match, The (1999)","Match, The",1999,https://m.media-amazon.com/images/M/MV5BZjcxYmJhZmMtYmVhNi00YWZiLTg2MWEtZGEzZDMwYzg4NTgwXkEyXkFqcGc@._V1_.jpg,imdb-suggest,tt0165384,The Match,2026-06-21T07:19:48+00:00
3749,Time Regained (Le Temps Retrouvé) (1999),Time Regained (Le Temps Retrouvé),1999,https://en.wikipedia.org/wiki/Special:FilePath/Temps_retrouve.jpg,wikipedia-infobox,3227969,Time Regained (film),2026-06-20T20:44:06+00:00
3751,Chicken Run (2000),Chicken Run,2000,https://en.wikipedia.org/wiki/Special:FilePath/Chicken_run_ver1.jpg,wikipedia-infobox,284525,Chicken Run,2026-06-20T19:53:02+00:00
3752,"Me, Myself and Irene (2000)","Me, Myself and Irene",2000,https://en.wikipedia.org/wiki/Special:FilePath/Me%2C_Myself_and_Irene_Posters.jpg,wikipedia-infobox,1145800,"Me, Myself & Irene",2026-06-20T19:53:02+00:00
3753,"Patriot, The (2000)","Patriot, The",2000,https://en.wikipedia.org/wiki/Special:FilePath/Patriot_promo_poster.jpg,wikipedia-infobox,61184,The Patriot (2000 film),2026-06-20T19:53:01+00:00
3754,"Adventures of Rocky and Bullwinkle, The (2000)","Adventures of Rocky and Bullwinkle, The",2000,https://en.wikipedia.org/wiki/Special:FilePath/Adventuresofrockyandbullwinklemovieposter.jpg,wikipedia-infobox,1170663,The Adventures of Rocky and Bullwinkle (film),2026-06-20T19:53:03+00:00
3755,"Perfect Storm, The (2000)","Perfect Storm, The",2000,https://en.wikipedia.org/wiki/Special:FilePath/Perfect_storm_poster.jpg,wikipedia-infobox,3618333,The Perfect Storm (film),2026-06-20T19:53:03+00:00
3756,"Golden Bowl, The (2000)","Golden Bowl, The",2000,https://en.wikipedia.org/wiki/Special:FilePath/GoldenBowlPoster.jpg,wikipedia-infobox,5880421,The Golden Bowl (film),2026-06-20T19:53:03+00:00
3757,Asylum (1972),Asylum,1972,https://m.media-amazon.com/images/M/MV5BNjI0MTI4NmYtODM2YS00M2U4LWI5YzMtYmI5ZGI5YTQ3MmQzXkEyXkFqcGc@._V1_.jpg,imdb-suggest,tt0068230,Asylum,2026-06-21T07:19:49+00:00
3758,Communion (1989),Communion,1989,https://en.wikipedia.org/wiki/Special:FilePath/CommunionPoster.jpg,wikipedia-infobox,9358857,Communion (1989 film),2026-06-20T19:53:01+00:00
3759,Fun and Fancy Free (1947),Fun and Fancy Free,1947,https://en.wikipedia.org/wiki/Special:FilePath/funfanposter.jpg,wikipedia-infobox,1479185,Fun and Fancy Free,2026-06-20T19:53:01+00:00
3760,"Kentucky Fried Movie, The (1977)","Kentucky Fried Movie, The",1977,https://en.wikipedia.org/wiki/Special:FilePath/Kentucky_Fried_Movie_movie_poster.jpg,wikipedia-infobox,903082,The Kentucky Fried Movie,2026-06-20T19:53:02+00:00
3761,"Blood In, Blood Out (a.k.a. Bound by Honor) (1993)","Blood In, Blood Out (a.k.a. Bound by Honor)",1993,https://en.wikipedia.org/wiki/Special:FilePath/Bloodinbloodout_poster.jpg,wikipedia-infobox,2384482,Blood In Blood Out,2026-06-20T20:44:05+00:00
3762,Daughter of Dr. Jeckyll (1957),Daughter of Dr. Jeckyll,1957,https://m.media-amazon.com/images/M/MV5BYzM2ZjMyODEtZjEzZS00ZTUyLWJhYTUtOTQ0NWUyOGE3ZWM2XkEyXkFqcGc@._V1_.jpg,imdb-suggest,tt0050292,Daughter of Dr. Jekyll,2026-06-21T07:19:51+00:00
3763,F/X (1986),F/X,1986,https://en.wikipedia.org/wiki/Special:FilePath/FX_1986.jpg,wikipedia-infobox,1285718,F/X,2026-06-20T19:53:02+00:00
3764,F/X 2 (1992),F/X 2,1992,https://m.media-amazon.com/images/M/MV5BMmQyNTA5YTEtZWIxYy00YjNhLTlmZGItZGJlNjcxNzA5NmJlXkEyXkFqcGc@._V1_.jpg,imdb-suggest,tt0101846,F/X2,2026-06-21T07:31:27+00:00
3765,"Hot Spot, The (1990)","Hot Spot, The",1990,https://en.wikipedia.org/wiki/Special:FilePath/The_Hot_Spot.jpg,wikipedia-infobox,451898,The Hot Spot,2026-06-20T19:53:05+00:00
3766,Missing in Action (1984),Missing in Action,1984,https://en.wikipedia.org/wiki/Special:FilePath/Missing_in_action_%28film_poster%29.jpg,wikipedia-infobox,2682902,Missing in Action (film),2026-06-20T19:53:06+00:00
3767,Missing in Action 2: The Beginning (1985),Missing in Action 2: The Beginning,1985,https://en.wikipedia.org/wiki/Special:FilePath/Missing_in_action_2.jpg,wikipedia-infobox,5638004,Missing in Action 2: The Beginning,2026-06-20T19:53:05+00:00
3768,Braddock: Missing in Action III (1988),Braddock: Missing in Action III,1988,https://en.wikipedia.org/wiki/Special:FilePath/Missinginaction3.jpg,wikipedia-infobox,5638049,Braddock: Missing in Action III,2026-06-20T19:53:05+00:00
3769,Thunderbolt and Lightfoot (1974),Thunderbolt and Lightfoot,1974,https://en.wikipedia.org/wiki/Special:FilePath/Thunderbolt_and_Lightfoot_movie_poster.jpg,wikipedia-infobox,1367143,Thunderbolt and Lightfoot,2026-06-20T19:53:04+00:00
3770,Dreamscape (1984),Dreamscape,1984,https://en.wikipedia.org/wiki/Special:FilePath/Dreamscapeposter.jpg,wikipedia-infobox,1290721,Dreamscape (1984 film),2026-06-20T19:53:04+00:00
3771,"Golden Voyage of Sinbad, The (1974)","Golden Voyage of Sinbad, The",1974,https://m.media-amazon.com/images/M/MV5BZjY3N2ZjMDUtMmY5Yy00YTEwLWE1NTEtN2RhNjVmMWIwMGM4XkEyXkFqcGc@._V1_.jpg,imdb-suggest,tt0177415,The Seventh Voyage of Sinbad,2026-06-21T07:19:53+00:00
3772,Hatchet For the Honeymoon (Rosso Segno Della Follia) (1969),Hatchet For the Honeymoon (Rosso Segno Della Follia),1969,https://m.media-amazon.com/images/M/MV5BYjYwMDQwZTYtMDMwNi00NjNmLTlmZmEtZjY5N2Q0NWJjY2ZiXkEyXkFqcGc@._V1_.jpg,imdb-suggest,tt0064904,Hatchet for the Honeymoon,2026-06-21T07:25:41+00:00
3773,House Party (1990),House Party,1990,https://en.wikipedia.org/wiki/Special:FilePath/House_Party_1990_Movie_Poster.jpg,wikipedia-infobox,312228,House Party (1990 film),2026-06-20T19:53:04+00:00
3774,House Party 2 (1991),House Party 2,1991,https://en.wikipedia.org/wiki/Special:FilePath/Houseparty2poster.jpg,wikipedia-infobox,1480747,House Party 2,2026-06-20T19:53:05+00:00
3775,Make Mine Music (1946),Make Mine Music,1946,https://en.wikipedia.org/wiki/Special:FilePath/Make_mine_music_poster.png,wikipedia-infobox,1602289,Make Mine Music,2026-06-20T19:53:04+00:00
3776,Melody Time (1948),Melody Time,1948,https://en.wikipedia.org/wiki/Special:FilePath/melodyposter.jpg,wikipedia-infobox,1614254,Melody Time,2026-06-20T19:53:04+00:00
3777,Nekromantik (1987),Nekromantik,1987,https://m.media-amazon.com/images/M/MV5BZGVlZTA5NmEtMDUzYy00ZWY4LWE4MjAtMjc0MmYzMTYwM2JlXkEyXkFqcGc@._V1_.jpg,imdb-suggest,tt0093608,Nekromantik,2026-06-21T07:25:42+00:00
3778,On Our Merry Way (1948),On Our Merry Way,1948,https://en.wikipedia.org/wiki/Special:FilePath/On_Our_Merry_Way_-_1948_Poster.png,wikipedia-infobox,15087533,On Our Merry Way,2026-06-20T19:53:05+00:00
3779,Project Moon Base (1953),Project Moon Base,1953,https://en.wikipedia.org/wiki/Special:FilePath/Project_moonbase.jpg,wikipedia-infobox,877044,Project Moonbase,2026-06-20T19:53:05+00:00
3780,Rocketship X-M (1950),Rocketship X-M,1950,https://en.wikipedia.org/wiki/Special:FilePath/201-rocketshipxm.jpg,wikipedia-infobox,877034,Rocketship X-M,2026-06-20T19:53:05+00:00
3781,Shaft in Africa (1973),Shaft in Africa,1973,https://en.wikipedia.org/wiki/Special:FilePath/Shaft_in_Africa.jpg,wikipedia-infobox,1395487,Shaft in Africa,2026-06-20T19:53:05+00:00
3782,Shaft's Big Score! (1972),Shaft's Big Score!,1972,https://en.wikipedia.org/wiki/Special:FilePath/ShaftBigScore.png,wikipedia-infobox,1421977,Shaft's Big Score!,2026-06-20T19:53:05+00:00
3783,Croupier (1998),Croupier,1998,https://en.wikipedia.org/wiki/Special:FilePath/Croupier_poster.jpg,wikipedia-infobox,2417064,Croupier (film),2026-06-20T19:53:04+00:00
3784,"Kid, The (2000)","Kid, The",2000,https://en.wikipedia.org/wiki/Special:FilePath/Disneys_the_kidposter.jpg,wikipedia-infobox,1346908,Disney's The Kid,2026-06-20T19:53:04+00:00
3785,Scary Movie (2000),Scary Movie,2000,https://en.wikipedia.org/wiki/Special:FilePath/Movie_poster_for_%22Scary_Movie%22.jpg,wikipedia-infobox,277667,Scary Movie,2026-06-20T19:54:43+00:00
3786,But I'm a Cheerleader (1999),But I'm a Cheerleader,1999,https://en.wikipedia.org/wiki/Special:FilePath/ButI%27mACheerleader.jpg,wikipedia-infobox,770156,But I'm a Cheerleader,2026-06-20T19:54:44+00:00
3787,Shower (Xizhao) (1999),Shower (Xizhao),1999,https://en.wikipedia.org/wiki/Special:FilePath/Shower_theatrical_poster_1999.png,wikipedia-infobox,10270532,Shower (film),2026-06-20T20:45:02+00:00
3788,Blowup (1966),Blowup,1966,https://en.wikipedia.org/wiki/Special:FilePath/Blowup_poster.jpg,wikipedia-infobox,448385,Blowup,2026-06-20T19:54:44+00:00
3789,"Pawnbroker, The (1965)","Pawnbroker, The",1965,https://m.media-amazon.com/images/M/MV5BNDhjYWJhNjEtODg3My00MWMzLTg3MGItN2YzYTY1NjllZmE3XkEyXkFqcGc@._V1_.jpg,imdb-suggest,tt0059575,The Pawnbroker,2026-06-21T07:25:42+00:00
3790,Groove (2000),Groove,2000,https://en.wikipedia.org/wiki/Special:FilePath/Groove_Poster.jpg,wikipedia-infobox,1399682,Groove (film),2026-06-20T19:54:44+00:00
3791,Footloose (1984),Footloose,1984,https://en.wikipedia.org/wiki/Special:FilePath/FootloosePoster.jpg,wikipedia-infobox,877743,Footloose,2026-06-20T19:54:43+00:00
3792,Duel in the Sun (1946),Duel in the Sun,1946,https://en.wikipedia.org/wiki/Special:FilePath/Duel_in_the_Sun_one-sheet_%281946%29.jpg,wikipedia-infobox,183740,Duel in the Sun (film),2026-06-20T19:54:44+00:00
3793,X-Men (2000),X-Men,2000,https://en.wikipedia.org/wiki/Special:FilePath/X-MenfilmPoster.jpg,wikipedia-infobox,19479460,X-Men (film),2026-06-20T19:54:43+00:00
3794,Chuck & Buck (2000),Chuck & Buck,2000,https://en.wikipedia.org/wiki/Special:FilePath/Chuck_and_buck.jpg,wikipedia-infobox,3099675,Chuck & Buck,2026-06-20T19:54:44+00:00
3795,"Five Senses, The (1999)","Five Senses, The",1999,https://en.wikipedia.org/wiki/Special:FilePath/The_Five_Senses_FilmPoster.jpeg,wikipedia-infobox,10781602,The Five Senses (film),2026-06-20T19:54:44+00:00
3796,"Wisdom of Crocodiles, The (a.k.a. Immortality) (2000)","Wisdom of Crocodiles, The (a.k.a. Immortality)",2000,https://m.media-amazon.com/images/M/MV5BZTExM2Y1OWUtZWQ0OC00MjdjLWI3MGYtMTExMmZiNjgzMDZmXkEyXkFqcGc@._V1_.jpg,imdb-suggest,tt0120894,Immortality,2026-06-21T07:25:42+00:00
3797,"In Crowd, The (2000)","In Crowd, The",2000,https://en.wikipedia.org/wiki/Special:FilePath/The_In_Crowd.png,wikipedia-infobox,8570240,The In Crowd (2000 film),2026-06-20T19:54:43+00:00
3798,What Lies Beneath (2000),What Lies Beneath,2000,https://en.wikipedia.org/wiki/Special:FilePath/What_lies_beneath_%28poster%29.jpg,wikipedia-infobox,594815,What Lies Beneath,2026-06-20T19:54:44+00:00
3799,Pokémon the Movie 2000 (2000),Pokémon the Movie 2000,2000,https://m.media-amazon.com/images/M/MV5BNDI2N2YzY2ItOTIzOC00M2JmLTljNWItMjQyZDQ0Yjc0ZDc3XkEyXkFqcGc@._V1_.jpg,imdb-suggest,tt0210234,Pokémon the Movie 2000,2026-06-21T07:25:43+00:00
3800,Criminal Lovers (Les Amants Criminels) (1999),Criminal Lovers (Les Amants Criminels),1999,https://en.wikipedia.org/wiki/Special:FilePath/les-amants-criminels.png,wikipedia-infobox,20837994,Criminal Lovers,2026-06-20T20:44:09+00:00
3801,Anatomy of a Murder (1959),Anatomy of a Murder,1959,https://en.wikipedia.org/wiki/Special:FilePath/AnatomyMurder2.jpg,wikipedia-infobox,92684,Anatomy of a Murder,2026-06-20T19:54:44+00:00
3802,Freejack (1992),Freejack,1992,https://en.wikipedia.org/wiki/Special:FilePath/Freejack.jpg,wikipedia-infobox,1368785,Freejack,2026-06-20T19:54:44+00:00
3803,Greaser's Palace (1972),Greaser's Palace,1972,https://en.wikipedia.org/wiki/Special:FilePath/Greasers_Palace_poster.jpg,wikipedia-infobox,17046277,Greaser's Palace,2026-06-20T19:54:44+00:00
3804,H.O.T.S. (1979),H.O.T.S.,1979,https://en.wikipedia.org/wiki/Special:FilePath/HOTS_%281979_film%29.jpg,wikipedia-infobox,24292307,H.O.T.S.,2026-06-20T19:54:44+00:00
3805,Knightriders (1981),Knightriders,1981,https://en.wikipedia.org/wiki/Special:FilePath/Knightriders.jpg,wikipedia-infobox,2846126,Knightriders,2026-06-20T19:54:47+00:00
3806,MacKenna's Gold (1969),MacKenna's Gold,1969,https://m.media-amazon.com/images/M/MV5BZmNhMzU1ZGYtMDA4Mi00YTA0LWI4ZjQtYjY3ZmYxNTgyYTcyXkEyXkFqcGc@._V1_.jpg,imdb-suggest,tt0064615,Mackenna's Gold,2026-06-21T07:20:08+00:00
3807,Sinbad and the Eye of the Tiger (1977),Sinbad and the Eye of the Tiger,1977,https://en.wikipedia.org/wiki/Special:FilePath/Sinbad_tiger_1977.jpg,wikipedia-infobox,2685725,Sinbad and the Eye of the Tiger,2026-06-20T19:54:46+00:00
3808,Two Women (La Ciociara) (1961),Two Women (La Ciociara),1961,https://m.media-amazon.com/images/M/MV5BOTAxNmNlNzctM2ZkZi00ZTdlLWI3NzctZGEwOGU0N2I2NGJmXkEyXkFqcGc@._V1_.jpg,imdb-suggest,tt0054749,Two Women,2026-06-21T07:25:44+00:00
3809,What About Bob? (1991),What About Bob?,1991,https://en.wikipedia.org/wiki/Special:FilePath/What_About_Bob_%281991%29.png,wikipedia-infobox,946305,What About Bob?,2026-06-20T19:54:46+00:00
3810,White Sands (1992),White Sands,1992,https://en.wikipedia.org/wiki/Special:FilePath/White_sands_ver2.jpg,wikipedia-infobox,3300191,White Sands (film),2026-06-20T19:54:47+00:00
3811,Breaker Morant (1980),Breaker Morant,1980,https://en.wikipedia.org/wiki/Special:FilePath/Breaker_Morant.jpg,wikipedia-infobox,880525,Breaker Morant,2026-06-20T19:54:47+00:00
3812,Everything You Always Wanted to Know About Sex (1972),Everything You Always Wanted to Know About Sex,1972,https://en.wikipedia.org/wiki/Special:FilePath/Everything_You_Always_Wanted_to_Know_About_Sex.jpg,wikipedia-infobox,1499102,Everything You Always Wanted to Know About Sex* (*But Were Afraid to Ask) (film),2026-06-20T19:54:47+00:00
3813,Interiors (1978),Interiors,1978,https://en.wikipedia.org/wiki/Special:FilePath/Interiors_moviep.jpg,wikipedia-infobox,240357,Interiors,2026-06-20T19:54:47+00:00
3814,Love and Death (1975),Love and Death,1975,https://en.wikipedia.org/wiki/Special:FilePath/Love_and_death.jpg,wikipedia-infobox,917363,Love and Death,2026-06-20T19:54:47+00:00
3816,"Official Story, The (La Historia Oficial) (1985)","Official Story, The (La Historia Oficial)",1985,https://en.wikipedia.org/wiki/Special:FilePath/La_Historia_Oficial.jpg,wikipedia-infobox,692836,The Official Story,2026-06-20T20:44:09+00:00
3817,"Other Side of Sunday, The (Søndagsengler) (1996)","Other Side of Sunday, The (Søndagsengler)",1996,https://m.media-amazon.com/images/M/MV5BZTE0NTc2YjAtOTFhMS00N2MxLTgzYzUtMTE0NzljNjBlNjVmXkEyXkFqcGc@._V1_.jpg,imdb-suggest,tt0117817,The Other Side of Sunday,2026-06-21T07:20:14+00:00
3818,Pot O' Gold (1941),Pot O' Gold,1941,https://m.media-amazon.com/images/M/MV5BNzViYWU4OTQtMjRiYy00YTc0LWE4Y2UtMmUxODY0NzQwMTk4XkEyXkFqcGc@._V1_.jpg,imdb-suggest,tt0034055,Pot o' Gold,2026-06-21T07:20:18+00:00
3819,Tampopo (1986),Tampopo,1986,https://m.media-amazon.com/images/M/MV5BYzMyYTE1YjMtMjExMy00YjU3LTg1MGMtODNiNWQwNjRiNThjXkEyXkFqcGc@._V1_.jpg,imdb-suggest,tt0092048,Tampopo,2026-06-21T07:25:44+00:00
3820,Thomas and the Magic Railroad (2000),Thomas and the Magic Railroad,2000,https://en.wikipedia.org/wiki/Special:FilePath/Thomas_and_the_magic_railroad_ver2.jpg,wikipedia-infobox,415074,Thomas and the Magic Railroad,2026-06-20T19:54:47+00:00
3821,Nutty Professor II: The Klumps (2000),Nutty Professor II: The Klumps,2000,https://en.wikipedia.org/wiki/Special:FilePath/Nutty_professor_2_the_klumps_poster.jpg,wikipedia-infobox,1917459,Nutty Professor II: The Klumps,2026-06-20T19:54:47+00:00
3822,"Girl on the Bridge, The (La Fille sur le Pont) (1999)","Girl on the Bridge, The (La Fille sur le Pont)",1999,https://en.wikipedia.org/wiki/Special:FilePath/Girl_on_the_bridge_ver1.jpg,wikipedia-infobox,1681589,Girl on the Bridge,2026-06-20T20:45:02+00:00
3823,Wonderland (1999),Wonderland,1999,https://en.wikipedia.org/wiki/Special:FilePath/Wonderland_%281999_film%29.jpg,wikipedia-infobox,12706663,Wonderland (1999 film),2026-06-20T19:54:46+00:00
3824,Autumn in New York (2000),Autumn in New York,2000,https://en.wikipedia.org/wiki/Special:FilePath/Autumnmovieposter.jpg,wikipedia-infobox,6607195,Autumn in New York (film),2026-06-20T19:54:47+00:00
3825,Coyote Ugly (2000),Coyote Ugly,2000,https://en.wikipedia.org/wiki/Special:FilePath/Coyote_ugly_poster.jpg,wikipedia-infobox,2361396,Coyote Ugly,2026-06-20T19:54:47+00:00
3826,Hollow Man (2000),Hollow Man,2000,https://en.wikipedia.org/wiki/Special:FilePath/Poster_Hollow_Man.jpg,wikipedia-infobox,1332901,Hollow Man,2026-06-20T19:54:49+00:00
3827,Space Cowboys (2000),Space Cowboys,2000,https://en.wikipedia.org/wiki/Special:FilePath/Space_cowboys_ver3.jpg,wikipedia-infobox,1722156,Space Cowboys,2026-06-20T19:54:49+00:00
3828,Better Living (1998),Better Living,1998,https://m.media-amazon.com/images/M/MV5BZTBjM2M0OTctMGIwMC00OWUxLWFmMzUtNzgxMWM0YWI2ZjI3XkEyXkFqcGc@._V1_.jpg,imdb-suggest,tt0131972,Better Living,2026-06-21T07:20:22+00:00
3830,Psycho Beach Party (2000),Psycho Beach Party,2000,https://en.wikipedia.org/wiki/Special:FilePath/Psycho-beach-party.jpg,wikipedia-infobox,1165657,Psycho Beach Party,2026-06-20T19:54:49+00:00
3831,Saving Grace (2000),Saving Grace,2000,https://en.wikipedia.org/wiki/Special:FilePath/Saving_Grace.jpg,wikipedia-infobox,3793519,Saving Grace (2000 film),2026-06-20T19:54:49+00:00
3832,"Black Sabbath (Tre Volti Della Paura, I) (1963)","Black Sabbath (Tre Volti Della Paura, I)",1963,https://en.wikipedia.org/wiki/Special:FilePath/Black-sabbath-film-poster.jpg,wikipedia-infobox,1004972,Black Sabbath (film),2026-06-20T20:45:03+00:00
3833,"Brain That Wouldn't Die, The (1962)","Brain That Wouldn't Die, The",1962,https://en.wikipedia.org/wiki/Special:FilePath/Brainthatwouldntdie_film_poster.jpg,wikipedia-infobox,1771762,The Brain That Wouldn't Die,2026-06-20T19:54:49+00:00
3834,Bronco Billy (1980),Bronco Billy,1980,https://en.wikipedia.org/wiki/Special:FilePath/bronco_billy.jpg,wikipedia-infobox,5016298,Bronco Billy,2026-06-20T19:54:49+00:00
3835,"Crush, The (1993)","Crush, The",1993,https://en.wikipedia.org/wiki/Special:FilePath/Crushposter93.jpg,wikipedia-infobox,805037,The Crush (1993 film),2026-06-20T19:54:49+00:00
3836,Kelly's Heroes (1970),Kelly's Heroes,1970,https://en.wikipedia.org/wiki/Special:FilePath/Kelly%27s_Heroes_film_poster.jpg,wikipedia-infobox,933321,Kelly's Heroes,2026-06-20T19:54:49+00:00
3837,Phantasm II (1988),Phantasm II,1988,https://en.wikipedia.org/wiki/Special:FilePath/Phantasm_II.jpg,wikipedia-infobox,2594890,Phantasm II,2026-06-20T19:54:49+00:00
3838,Phantasm III: Lord of the Dead (1994),Phantasm III: Lord of the Dead,1994,https://en.wikipedia.org/wiki/Special:FilePath/Phantasm_3.jpg,wikipedia-infobox,3305261,Phantasm III: Lord of the Dead,2026-06-20T19:54:49+00:00
3839,Phantasm IV: Oblivion (1998),Phantasm IV: Oblivion,1998,https://en.wikipedia.org/wiki/Special:FilePath/Phantasm_4.jpg,wikipedia-infobox,3305282,Phantasm IV: Oblivion,2026-06-20T19:54:49+00:00
3840,Pumpkinhead (1988),Pumpkinhead,1988,https://en.wikipedia.org/wiki/Special:FilePath/Pumpkinhead.jpg,wikipedia-infobox,596701,Pumpkinhead (film),2026-06-20T19:54:50+00:00
3841,Air America (1990),Air America,1990,https://en.wikipedia.org/wiki/Special:FilePath/Air_America_%28film%29.jpg,wikipedia-infobox,851800,Air America (film),2026-06-20T19:54:50+00:00
3842,Make Them Die Slowly (Cannibal Ferox) (1980),Make Them Die Slowly (Cannibal Ferox),1980,https://m.media-amazon.com/images/M/MV5BYjgxYWI3NmYtYWMzYy00OGI2LTgzNDYtZWJkYTc0YTNkMGVhXkEyXkFqcGc@._V1_.jpg,imdb-suggest,tt0082700,Cannibal Ferox,2026-06-21T07:25:45+00:00
3843,Sleepaway Camp (1983),Sleepaway Camp,1983,https://en.wikipedia.org/wiki/Special:FilePath/SleepawayCampposter.jpg,wikipedia-infobox,715207,Sleepaway Camp,2026-06-20T19:54:49+00:00
3844,Steel Magnolias (1989),Steel Magnolias,1989,https://en.wikipedia.org/wiki/Special:FilePath/Steel_magnolias_poster.jpg,wikipedia-infobox,600008,Steel Magnolias,2026-06-20T19:54:49+00:00
3845,And God Created Woman (Et Dieu&#8230;Créa la Femme) (1956),And God Created Woman (Et Dieu&#8230;Créa la Femme),1956,https://en.wikipedia.org/wiki/Special:FilePath/And_God_Created_Woman_1956_poster.jpg,wikipedia-infobox,564966,And God Created Woman (1956 film),2026-06-20T20:44:08+00:00
3846,Easy Money (1983),Easy Money,1983,https://en.wikipedia.org/wiki/Special:FilePath/Easy_Money_%281983%29_film_poster.jpg,wikipedia-infobox,5733324,Easy Money (1983 film),2026-06-20T19:54:49+00:00
3847,"Ilsa, She Wolf of the SS (1974)","Ilsa, She Wolf of the SS",1974,https://m.media-amazon.com/images/M/MV5BYzM3NGE5ZWEtNmM1MS00YTc5LTg0OWEtNjIzMWMzNmRjNTc5XkEyXkFqcGc@._V1_.jpg,imdb-suggest,tt0071650,Ilsa: She Wolf of the SS,2026-06-21T07:25:45+00:00
3848,Silent Fall (1994),Silent Fall,1994,https://en.wikipedia.org/wiki/Special:FilePath/Silentfallposter.jpg,wikipedia-infobox,1055920,Silent Fall,2026-06-20T19:55:02+00:00
3849,"Spiral Staircase, The (1946)","Spiral Staircase, The",1946,https://en.wikipedia.org/wiki/Special:FilePath/Spiral_staircase21.jpg,wikipedia-infobox,1482871,The Spiral Staircase (1946 film),2026-06-20T19:54:51+00:00
3850,Whatever Happened to Aunt Alice? (1969),Whatever Happened to Aunt Alice?,1969,https://en.wikipedia.org/wiki/Special:FilePath/What_Ever_Happened_to_Aunt_Alice%3F_poster.jpg,wikipedia-infobox,9713368,What Ever Happened to Aunt Alice?,2026-06-20T19:55:02+00:00
3851,I'm the One That I Want (2000),I'm the One That I Want,2000,https://m.media-amazon.com/images/M/MV5BMTQ4MDIxMzUzOV5BMl5BanBnXkFtZTcwOTk4NjIyMQ@@._V1_.jpg,imdb-suggest,tt0251739,Margaret Cho: I'm the One That I Want,2026-06-21T07:31:27+00:00
3852,"Tao of Steve, The (2000)","Tao of Steve, The",2000,https://en.wikipedia.org/wiki/Special:FilePath/The_Tao_of_Steve_VideoCover.jpeg,wikipedia-infobox,2642293,The Tao of Steve,2026-06-20T19:55:02+00:00
3853,"Tic Code, The (1998)","Tic Code, The",1998,https://en.wikipedia.org/wiki/Special:FilePath/The_Tic_Code_DVD_release_cover.jpg,wikipedia-infobox,13347259,The Tic Code,2026-06-20T19:55:02+00:00
3854,Aimée & Jaguar (1999),Aimée & Jaguar,1999,https://en.wikipedia.org/wiki/Special:FilePath/Aimee_und_jaguar_gr.jpg,wikipedia-infobox,451791,Aimée & Jaguar,2026-06-20T19:55:02+00:00
3855,"Affair of Love, An (Une Liaison Pornographique) (1999)","Affair of Love, An (Une Liaison Pornographique)",1999,https://en.wikipedia.org/wiki/Special:FilePath/Uneliaisonpornographique.jpg,wikipedia-infobox,19047598,Une liaison pornographique,2026-06-20T20:45:06+00:00
3857,Bless the Child (2000),Bless the Child,2000,https://en.wikipedia.org/wiki/Special:FilePath/Bless_the_Child_film.jpg,wikipedia-infobox,1226289,Bless the Child,2026-06-20T19:55:02+00:00
3858,Cecil B. Demented (2000),Cecil B. Demented,2000,https://en.wikipedia.org/wiki/Special:FilePath/Cecil_b_demented.jpg,wikipedia-infobox,1039414,Cecil B. Demented,2026-06-20T19:55:02+00:00
3859,"Eyes of Tammy Faye, The (2000)","Eyes of Tammy Faye, The",2000,https://en.wikipedia.org/wiki/Special:FilePath/The_Eyes_of_Tammy_Faye_%282000_film%29.png,wikipedia-infobox,30029985,The Eyes of Tammy Faye (2000 film),2026-06-20T19:54:51+00:00
3860,"Opportunists, The (1999)","Opportunists, The",1999,https://en.wikipedia.org/wiki/Special:FilePath/Poster_of_the_movie_The_Opportunists.jpg,wikipedia-infobox,5583702,The Opportunists,2026-06-20T19:55:02+00:00
3861,"Replacements, The (2000)","Replacements, The",2000,https://m.media-amazon.com/images/M/MV5BMmE2ZWY5ZTUtMDAzOC00OWE3LWFlYmQtYmY2OGNiMTQyNjY1XkEyXkFqcGc@._V1_.jpg,imdb-suggest,tt0191397,The Replacements,2026-06-21T07:20:31+00:00
3862,About Adam (2000),About Adam,2000,https://m.media-amazon.com/images/M/MV5BZjU1ZTE1MjgtNTg2Ni00OWQ5LWJjYzEtNjU1N2I4Mjk5Njg2XkEyXkFqcGc@._V1_.jpg,imdb-suggest,tt0199314,About Adam,2026-06-21T07:20:33+00:00
3863,"Cell, The (2000)","Cell, The",2000,https://en.wikipedia.org/wiki/Special:FilePath/Thecellposter.jpg,wikipedia-infobox,666948,The Cell (film),2026-06-20T19:55:02+00:00
3864,Godzilla 2000 (Gojira ni-sen mireniamu) (1999),Godzilla 2000 (Gojira ni-sen mireniamu),1999,https://en.wikipedia.org/wiki/Special:FilePath/Godzilla2000jap.jpg,wikipedia-infobox,1630493,Godzilla 2000,2026-06-20T20:45:06+00:00
3865,"Original Kings of Comedy, The (2000)","Original Kings of Comedy, The",2000,https://en.wikipedia.org/wiki/Special:FilePath/The-original-kings-of-comedy-movie-poster-md.jpg,wikipedia-infobox,3083604,The Original Kings of Comedy,2026-06-20T19:55:02+00:00
3866,Sunset Strip (2000),Sunset Strip,2000,https://en.wikipedia.org/wiki/Special:FilePath/Sunset_Strip.jpg,wikipedia-infobox,28694630,Sunset Strip (2000 film),2026-06-20T19:54:51+00:00
3867,All the Rage (a.k.a. It's the Rage) (1999),All the Rage (a.k.a. It's the Rage),1999,https://en.wikipedia.org/wiki/Special:FilePath/ItsTheRage.jpg,wikipedia-infobox,3527498,It's the Rage,2026-06-20T20:45:04+00:00
3868,"Naked Gun: From the Files of Police Squad!, The (1988)","Naked Gun: From the Files of Police Squad!, The",1988,https://en.wikipedia.org/wiki/Special:FilePath/The_Naked_Gun_Poster.jpg,wikipedia-infobox,228355,The Naked Gun: From the Files of Police Squad!,2026-06-20T19:55:04+00:00
3869,"Naked Gun 2 1/2: The Smell of Fear, The (1991)","Naked Gun 2 1/2: The Smell of Fear, The",1991,https://en.wikipedia.org/wiki/Special:FilePath/Naked_Gun_2.jpg,wikipedia-infobox,924771,The Naked Gun 2½: The Smell of Fear,2026-06-20T19:55:04+00:00
3870,Our Town (1940),Our Town,1940,https://en.wikipedia.org/wiki/Special:FilePath/Original_movie_poster_for_the_film_Our_Town_%281940_film%29.jpg,wikipedia-infobox,1394722,Our Town (1940 film),2026-06-20T19:55:04+00:00
3871,Shane (1953),Shane,1953,https://en.wikipedia.org/wiki/Special:FilePath/Shane_%281953_poster%29.jpg,wikipedia-infobox,76351,Shane (film),2026-06-20T19:55:05+00:00
3872,"Suddenly, Last Summer (1959)","Suddenly, Last Summer",1959,https://en.wikipedia.org/wiki/Special:FilePath/SuddenlyLastsummer.JPG,wikipedia-infobox,193864,Suddenly Last Summer,2026-06-20T19:55:04+00:00
3873,Cat Ballou (1965),Cat Ballou,1965,https://en.wikipedia.org/wiki/Special:FilePath/Cat_Ballou_Poster.jpeg,wikipedia-infobox,161882,Cat Ballou,2026-06-20T19:55:04+00:00
3874,"Couch in New York, A (1996)","Couch in New York, A",1996,https://en.wikipedia.org/wiki/Special:FilePath/couchinny.jpg,wikipedia-infobox,5703995,A Couch in New York,2026-06-20T19:55:04+00:00
3875,"Devil Rides Out, The (1968)","Devil Rides Out, The",1968,https://en.wikipedia.org/wiki/Special:FilePath/The_Devil_Rides_Out_first_edition_book_cover.jpg,wikipedia-infobox,1582196,The Devil Rides Out,2026-06-20T19:55:04+00:00
3876,Jerry & Tom (1998),Jerry & Tom,1998,https://m.media-amazon.com/images/M/MV5BMzdkOGE1ODAtYWFiYy00NzJhLWIzNjEtMzk4Zjc2ODdiZGQ5XkEyXkFqcGc@._V1_.jpg,imdb-suggest,tt0120867,Jerry and Tom,2026-06-21T07:20:34+00:00
3877,Supergirl (1984),Supergirl,1984,https://en.wikipedia.org/wiki/Special:FilePath/Supergirlposter.jpg,wikipedia-infobox,1616817,Supergirl (1984 film),2026-06-20T19:55:04+00:00
3878,X: The Unknown (1956),X: The Unknown,1956,https://en.wikipedia.org/wiki/Special:FilePath/X_The_Unknown_Poster.jpg,wikipedia-infobox,872770,X the Unknown,2026-06-20T19:55:04+00:00
3879,"Art of War, The (2000)","Art of War, The",2000,https://en.wikipedia.org/wiki/Special:FilePath/Bamboo_book_-_unfolded_-_UCR.jpg,wikipedia-infobox,65837,The Art of War,2026-06-20T19:55:04+00:00
3880,"Ballad of Ramblin' Jack, The (2000)","Ballad of Ramblin' Jack, The",2000,https://m.media-amazon.com/images/M/MV5BMTQ5NTYyMDcyOF5BMl5BanBnXkFtZTcwMzA2NzAyMQ@@._V1_.jpg,imdb-suggest,tt0236008,The Ballad of Ramblin' Jack,2026-06-21T07:20:36+00:00
3881,Bittersweet Motel (2000),Bittersweet Motel,2000,https://en.wikipedia.org/wiki/Special:FilePath/Phish_-_Bittersweet_Motel.jpg,wikipedia-infobox,3494315,Bittersweet Motel,2026-06-20T19:55:04+00:00
3882,Bring It On (2000),Bring It On,2000,https://en.wikipedia.org/wiki/Special:FilePath/Bringitonmovieposter.jpg,wikipedia-infobox,766887,Bring It On (film),2026-06-20T19:55:05+00:00
3883,Catfish in Black Bean Sauce (2000),Catfish in Black Bean Sauce,2000,https://en.wikipedia.org/wiki/Special:FilePath/Catfish_in_Black_Bean_Sauce_DVD.jpg,wikipedia-infobox,22399999,Catfish in Black Bean Sauce,2026-06-20T19:55:04+00:00
3884,"Crew, The (2000)","Crew, The",2000,https://en.wikipedia.org/wiki/Special:FilePath/Crew_poster.jpg,wikipedia-infobox,6443785,The Crew (2000 film),2026-06-20T19:55:04+00:00
3885,Love & Sex (2000),Love & Sex,2000,https://en.wikipedia.org/wiki/Special:FilePath/Love%26sexposter.jpg,wikipedia-infobox,8258100,Love & Sex,2026-06-20T19:55:04+00:00
3886,Steal This Movie! (2000),Steal This Movie!,2000,https://en.wikipedia.org/wiki/Special:FilePath/Steal_This_Movie.jpg,wikipedia-infobox,1602740,Steal This Movie!,2026-06-20T19:55:04+00:00
3887,Went to Coney Island on a Mission From God... Be Back by Five (1998),Went to Coney Island on a Mission From God... Be Back by Five,1998,https://m.media-amazon.com/images/M/MV5BYTE5NjIxMzYtNzM2MC00YTU3LWI4NmYtOTI1YTE5ZDM4ODI4XkEyXkFqcGc@._V1_.jpg,imdb-suggest,tt0157182,Went to Coney Island on a Mission from God... Be Back by Five,2026-06-21T07:20:38+00:00
3888,Skipped Parts (2000),Skipped Parts,2000,https://en.wikipedia.org/wiki/Special:FilePath/Skippedpartsposter.jpg,wikipedia-infobox,3748842,Skipped Parts,2026-06-20T19:56:43+00:00
3889,Highlander: Endgame (2000),Highlander: Endgame,2000,https://en.wikipedia.org/wiki/Special:FilePath/Highlander_4_poster.jpg,wikipedia-infobox,3407587,Highlander: Endgame,2026-06-20T19:56:43+00:00
3890,Back Stage (2000),Back Stage,2000,https://m.media-amazon.com/images/M/MV5BNzgyYjUwYjgtMmFmNi00Nzc2LThmNWMtY2Q5ZTc0NGRlMzZjXkEyXkFqcGc@._V1_.jpg,imdb-suggest,tt0259207,Backstage,2026-06-21T07:20:39+00:00
3891,Turn It Up (2000),Turn It Up,2000,https://en.wikipedia.org/wiki/Special:FilePath/Turn_It_Up_%282000_film%29_poster.jpg,wikipedia-infobox,13799441,Turn It Up (film),2026-06-20T19:56:44+00:00
3892,Anatomy (Anatomie) (2000),Anatomy (Anatomie),2000,https://en.wikipedia.org/wiki/Special:FilePath/Anatomy_movie_poster.jpg,wikipedia-infobox,1276943,Anatomy (film),2026-06-20T20:45:06+00:00
3893,Nurse Betty (2000),Nurse Betty,2000,https://en.wikipedia.org/wiki/Special:FilePath/Nursebettyposter.jpg,wikipedia-infobox,733818,Nurse Betty,2026-06-20T19:56:43+00:00
3894,Solas (1999),Solas,1999,https://en.wikipedia.org/wiki/Special:FilePath/Solas.jpg,wikipedia-infobox,4094443,Alone (1999 film),2026-06-20T19:56:44+00:00
3895,"Watcher, The (2000)","Watcher, The",2000,https://en.wikipedia.org/wiki/Special:FilePath/The_Watcher_theatrical_poster.jpg,wikipedia-infobox,9195136,The Watcher (2000 film),2026-06-20T19:56:42+00:00
3896,"Way of the Gun, The (2000)","Way of the Gun, The",2000,https://en.wikipedia.org/wiki/Special:FilePath/Thewayofthegun.jpg,wikipedia-infobox,1503907,The Way of the Gun,2026-06-20T19:56:43+00:00
3897,Almost Famous (2000),Almost Famous,2000,https://en.wikipedia.org/wiki/Special:FilePath/Almost_famous_poster1.jpg,wikipedia-infobox,431562,Almost Famous,2026-06-20T19:56:43+00:00
3898,Bait (2000),Bait,2000,https://en.wikipedia.org/wiki/Special:FilePath/Bait_2000_movie-poster.jpg,wikipedia-infobox,4405535,Bait (2000 film),2026-06-20T19:56:42+00:00
3899,Circus (2000),Circus,2000,https://en.wikipedia.org/wiki/Special:FilePath/CircusPoster.jpg,wikipedia-infobox,906737,Circus (2000 film),2026-06-20T19:56:42+00:00
3900,Crime and Punishment in Suburbia (2000),Crime and Punishment in Suburbia,2000,https://en.wikipedia.org/wiki/Special:FilePath/Crime_and_punishment_in_suburbia.jpg,wikipedia-infobox,3377846,Crime and Punishment in Suburbia,2026-06-20T19:56:43+00:00
3901,Duets (2000),Duets,2000,https://en.wikipedia.org/wiki/Special:FilePath/Duets_film.jpg,wikipedia-infobox,2001887,Duets (film),2026-06-20T19:56:44+00:00
3902,Goya in Bordeaux (Goya en Bodeos) (1999),Goya in Bordeaux (Goya en Bodeos),1999,https://en.wikipedia.org/wiki/Special:FilePath/Goya_en_Burdeos.jpg,wikipedia-infobox,13461710,Goya in Bordeaux,2026-06-20T20:45:06+00:00
3903,Urbania (2000),Urbania,2000,https://en.wikipedia.org/wiki/Special:FilePath/Poster_of_the_movie_Urbania.jpg,wikipedia-infobox,7135516,Urbania (film),2026-06-20T19:56:44+00:00
3904,"Uninvited Guest, An (2000)","Uninvited Guest, An",2000,https://m.media-amazon.com/images/M/MV5BNmRjOGQ3ZGUtZTA5My00ZWMwLWE0NjktNzMwMzAwN2Y2NTU3XkEyXkFqcGc@._V1_.jpg,imdb-suggest,tt11240446,An Uninvited Guest,2026-06-21T07:25:45+00:00
3905,"Specials, The (2000)","Specials, The",2000,https://en.wikipedia.org/wiki/Special:FilePath/Thespecialsmovie.jpg,wikipedia-infobox,2310527,The Specials (2000 film),2026-06-20T19:56:42+00:00
3906,Under Suspicion (2000),Under Suspicion,2000,https://en.wikipedia.org/wiki/Special:FilePath/Under_Suspicion.jpg,wikipedia-infobox,1856154,Under Suspicion (2000 film),2026-06-20T19:56:42+00:00
3908,Urban Legends: Final Cut (2000),Urban Legends: Final Cut,2000,https://en.wikipedia.org/wiki/Special:FilePath/Urban_Legends_Final_Cut_film.jpg,wikipedia-infobox,1688593,Urban Legends: Final Cut,2026-06-20T19:56:43+00:00
3909,Woman on Top (2000),Woman on Top,2000,https://en.wikipedia.org/wiki/Special:FilePath/Woman_on_top_ver3.jpg,wikipedia-infobox,2647404,Woman on Top,2026-06-20T19:56:46+00:00
3910,Dancer in the Dark (2000),Dancer in the Dark,2000,https://en.wikipedia.org/wiki/Special:FilePath/Dancer_in_the_Dark_%28Danish_poster%29.png,wikipedia-infobox,256713,Dancer in the Dark,2026-06-20T19:56:46+00:00
3911,Best in Show (2000),Best in Show,2000,https://en.wikipedia.org/wiki/Special:FilePath/BestInShow2000.jpg,wikipedia-infobox,587507,Best in Show (film),2026-06-20T19:56:47+00:00
3912,Beautiful (2000),Beautiful,2000,https://en.wikipedia.org/wiki/Special:FilePath/Beautiful_FilmPoster.jpeg,wikipedia-infobox,3802292,Beautiful (2000 film),2026-06-20T19:56:45+00:00
3913,Barenaked in America (1999),Barenaked in America,1999,https://en.wikipedia.org/wiki/Special:FilePath/Barenaked_in_america_cover.jpg,wikipedia-infobox,4134129,Barenaked in America,2026-06-20T19:56:46+00:00
3914,"Broken Hearts Club, The (2000)","Broken Hearts Club, The",2000,https://en.wikipedia.org/wiki/Special:FilePath/BrokenHeartsClub.jpg,wikipedia-infobox,1205454,The Broken Hearts Club,2026-06-20T19:56:46+00:00
3915,Girlfight (2000),Girlfight,2000,https://en.wikipedia.org/wiki/Special:FilePath/Girlfight.jpg,wikipedia-infobox,2069237,Girlfight,2026-06-20T19:56:46+00:00
3916,Remember the Titans (2000),Remember the Titans,2000,https://en.wikipedia.org/wiki/Special:FilePath/Remember_the_titansposter.jpg,wikipedia-infobox,397574,Remember the Titans,2026-06-20T19:56:46+00:00
3917,Hellraiser (1987),Hellraiser,1987,https://en.wikipedia.org/wiki/Special:FilePath/Hellraiser-UK-Quad-poster.JPG,wikipedia-infobox,71975,Hellraiser,2026-06-20T19:56:46+00:00
3918,Hellbound: Hellraiser II (1988),Hellbound: Hellraiser II,1988,https://en.wikipedia.org/wiki/Special:FilePath/Hellbound_hellraiser_ii_ver2.jpg,wikipedia-infobox,3745287,Hellbound: Hellraiser II,2026-06-20T19:56:46+00:00
3919,Hellraiser III: Hell on Earth (1992),Hellraiser III: Hell on Earth,1992,https://en.wikipedia.org/wiki/Special:FilePath/Hellraiser_III.png,wikipedia-infobox,3745331,Hellraiser III: Hell on Earth,2026-06-20T19:56:46+00:00
3920,"Faraway, So Close (In Weiter Ferne, So Nah!) (1993)","Faraway, So Close (In Weiter Ferne, So Nah!)",1993,https://en.wikipedia.org/wiki/Special:FilePath/Faraway_so_close_ver2.jpg,wikipedia-infobox,3242749,"Faraway, So Close!",2026-06-20T20:45:06+00:00
3921,Beach Party (1963),Beach Party,1963,https://en.wikipedia.org/wiki/Special:FilePath/Beachparty1.jpg,wikipedia-infobox,2920404,Beach Party,2026-06-20T19:56:46+00:00
3922,Bikini Beach (1964),Bikini Beach,1964,https://en.wikipedia.org/wiki/Special:FilePath/BikiniBeachposter.jpg,wikipedia-infobox,38271543,Bikini Beach,2026-06-20T19:56:46+00:00
3923,Return of the Fly (1959),Return of the Fly,1959,https://en.wikipedia.org/wiki/Special:FilePath/Returnoftheflymp.jpg,wikipedia-infobox,3653578,Return of the Fly,2026-06-20T19:56:46+00:00
3924,Pajama Party (1964),Pajama Party,1964,https://en.wikipedia.org/wiki/Special:FilePath/Pajama_party.jpg,wikipedia-infobox,4588632,Pajama Party (film),2026-06-20T19:56:47+00:00
3925,Stranger Than Paradise (1984),Stranger Than Paradise,1984,https://en.wikipedia.org/wiki/Special:FilePath/Strangerthanparadise.jpg,wikipedia-infobox,165366,Stranger Than Paradise,2026-06-20T19:56:46+00:00
3926,Voyage to the Bottom of the Sea (1961),Voyage to the Bottom of the Sea,1961,https://en.wikipedia.org/wiki/Special:FilePath/Voyage_to_the_Bottom_of_the_Sea_1961.jpg,wikipedia-infobox,1057543,Voyage to the Bottom of the Sea,2026-06-20T19:56:46+00:00
3927,Fantastic Voyage (1966),Fantastic Voyage,1966,https://en.wikipedia.org/wiki/Special:FilePath/Fantasticvoyageposter.jpg,wikipedia-infobox,1026452,Fantastic Voyage,2026-06-20T19:56:46+00:00
3928,Abbott and Costello Meet Frankenstein (1948),Abbott and Costello Meet Frankenstein,1948,https://en.wikipedia.org/wiki/Special:FilePath/Bud-abbott-lou-costello-meet-frankenstein-movie-poster-md.jpg,wikipedia-infobox,68082,Abbott and Costello Meet Frankenstein,2026-06-20T19:56:46+00:00
3929,"Bank Dick, The (1940)","Bank Dick, The",1940,https://en.wikipedia.org/wiki/Special:FilePath/The_Bank_Dick_%281940_poster_-_Style_C%29.jpg,wikipedia-infobox,68088,The Bank Dick,2026-06-20T19:58:25+00:00
3930,"Creature From the Black Lagoon, The (1954)","Creature From the Black Lagoon, The",1954,https://en.wikipedia.org/wiki/Special:FilePath/Creature_from_the_Black_Lagoon_poster.jpg,wikipedia-infobox,72317,Creature from the Black Lagoon,2026-06-20T19:58:25+00:00
3931,"Giant Gila Monster, The (1959)","Giant Gila Monster, The",1959,https://en.wikipedia.org/wiki/Special:FilePath/Giant_Gila_Monster_poster.jpg,wikipedia-infobox,5443343,The Giant Gila Monster,2026-06-20T19:58:25+00:00
3932,"Invisible Man, The (1933)","Invisible Man, The",1933,https://en.wikipedia.org/wiki/Special:FilePath/The_Invisible_Man_%281933_poster_-_Style_B%29.jpg,wikipedia-infobox,1605299,The Invisible Man (1933 film),2026-06-20T19:58:24+00:00
3933,"Killer Shrews, The (1959)","Killer Shrews, The",1959,https://en.wikipedia.org/wiki/Special:FilePath/Killershrews.jpg,wikipedia-infobox,6551671,The Killer Shrews,2026-06-20T19:58:25+00:00
3934,Kronos (1957),Kronos,1957,https://en.wikipedia.org/wiki/Special:FilePath/Kronos_1957_poster_small.jpg,wikipedia-infobox,878974,Kronos (film),2026-06-20T20:25:01+00:00
3935,Kronos (1973),Kronos,1973,https://m.media-amazon.com/images/M/MV5BZTMwNGNiMmEtN2UxMC00NGRhLTlmY2UtZTdkMjc0OWVkZjhhXkEyXkFqcGc@._V1_.jpg,imdb-suggest,tt0071276,Captain Kronos: Vampire Hunter,2026-06-21T07:25:45+00:00
3936,"Phantom of the Opera, The (1943)","Phantom of the Opera, The",1943,https://en.wikipedia.org/wiki/Special:FilePath/Phantom-of-the-opera-movie-poster-md.jpg,wikipedia-infobox,1271371,Phantom of the Opera (1943 film),2026-06-20T19:58:24+00:00
3937,Runaway (1984),Runaway,1984,https://en.wikipedia.org/wiki/Special:FilePath/Runawayposter.jpg,wikipedia-infobox,2795282,Runaway (1984 American film),2026-06-20T19:58:24+00:00
3938,"Slumber Party Massacre, The (1982)","Slumber Party Massacre, The",1982,https://en.wikipedia.org/wiki/Special:FilePath/The_Slumber_Party_Massacre_%28film_poster%29.jpg,wikipedia-infobox,4343453,The Slumber Party Massacre,2026-06-20T19:58:25+00:00
3939,"Slumber Party Massacre II, The (1987)","Slumber Party Massacre II, The",1987,https://en.wikipedia.org/wiki/Special:FilePath/Slumberpartymassacre2.jpg,wikipedia-infobox,6647928,Slumber Party Massacre II,2026-06-20T19:58:25+00:00
3940,"Slumber Party Massacre III, The (1990)","Slumber Party Massacre III, The",1990,https://m.media-amazon.com/images/M/MV5BNGMwNDAxM2UtZWY0OS00MmU3LTliOWItN2YxNDkxY2RkYjMyXkEyXkFqcGc@._V1_.jpg,imdb-suggest,tt0100639,Slumber Party Massacre III,2026-06-21T07:20:44+00:00
3941,Sorority House Massacre (1986),Sorority House Massacre,1986,https://en.wikipedia.org/wiki/Special:FilePath/Sorority_House_Massacre_DVD_cover.jpg,wikipedia-infobox,9943749,Sorority House Massacre,2026-06-20T19:58:25+00:00
3942,Sorority House Massacre II (1990),Sorority House Massacre II,1990,https://en.wikipedia.org/wiki/Special:FilePath/Shm2dvd.jpg,wikipedia-infobox,9385381,Sorority House Massacre II,2026-06-20T19:58:25+00:00
3943,Bamboozled (2000),Bamboozled,2000,https://en.wikipedia.org/wiki/Special:FilePath/Bamboozled-2000-posterimg.jpg,wikipedia-infobox,225573,Bamboozled,2026-06-20T19:58:25+00:00
3944,Bootmen (2000),Bootmen,2000,https://en.wikipedia.org/wiki/Special:FilePath/Bootmen_poster.jpg,wikipedia-infobox,10155579,Bootmen,2026-06-20T19:58:25+00:00
3945,Digimon: The Movie (2000),Digimon: The Movie,2000,https://en.wikipedia.org/wiki/Special:FilePath/digimonthemovie.jpg,wikipedia-infobox,5579355,Digimon: The Movie,2026-06-20T19:58:25+00:00
3946,Get Carter (2000),Get Carter,2000,https://en.wikipedia.org/wiki/Special:FilePath/Get_carter_imp.jpg,wikipedia-infobox,1693867,Get Carter (2000 film),2026-06-20T19:58:24+00:00
3947,Get Carter (1971),Get Carter,1971,https://en.wikipedia.org/wiki/Special:FilePath/Get_Carter_poster.jpg,wikipedia-infobox,175668,Get Carter,2026-06-20T19:58:24+00:00
3948,Meet the Parents (2000),Meet the Parents,2000,https://en.wikipedia.org/wiki/Special:FilePath/Meet_the_parents_ver2.jpg,wikipedia-infobox,695023,Meet the Parents,2026-06-20T19:58:25+00:00
3949,Requiem for a Dream (2000),Requiem for a Dream,2000,https://en.wikipedia.org/wiki/Special:FilePath/Requiem_for_a_dream.jpg,wikipedia-infobox,23830211,Requiem for a Dream,2026-06-20T20:00:03+00:00
3950,Tigerland (2000),Tigerland,2000,https://en.wikipedia.org/wiki/Special:FilePath/Tigerlandmp.jpg,wikipedia-infobox,2478590,Tigerland,2026-06-20T20:00:03+00:00
3951,Two Family House (2000),Two Family House,2000,https://en.wikipedia.org/wiki/Special:FilePath/2familyposter.jpg,wikipedia-infobox,7400070,Two Family House,2026-06-20T20:00:03+00:00
3952,"Contender, The (2000)","Contender, The",2000,https://en.wikipedia.org/wiki/Special:FilePath/Contenderposter.jpg,wikipedia-infobox,633531,The Contender (2000 film),2026-06-20T20:00:02+00:00
