genre,rank_within_genre,tmdb_id,title,release_year,release_date,popularity,vote_average,vote_count,poster_url,overview,source_tmdb_genres,source_sort_orders
Action,1,1228710,The Mandalorian and Grogu,2026,2026-05-20,180.214,6.7,522,https://image.tmdb.org/t/p/w500/5Vi8dSauVwH1HOsiZceDMbRr1Ca.jpg,"The evil Empire has fallen, and Imperial warlords remain scattered throughout the galaxy. As the fledgling New Republic works to protect everything the Rebellion fought for, they have enlisted the help of legendary Mandalorian bounty hunter Din Djarin and his young apprentice Grogu.",Action,primary_release_date.desc|popularity.desc
Action,2,1380291,Tom Clancy's Jack Ryan: Ghost War,2026,2026-05-20,92.0072,7.041,611,https://image.tmdb.org/t/p/w500/8ehYxUh5MWE41AeE9gkHE8DKzvB.jpg,"Jack Ryan is reluctantly pulled back into espionage when an international covert mission unravels a deadly conspiracy. Racing against time, he joins CIA allies Mike November & James Greer and sharp MI6 officer Emma Marlowe to battle a rogue black-ops unit in a high-stakes, deeply personal fight.",Action,primary_release_date.desc|popularity.desc
Action,3,1122573,In the Grey,2026,2026-05-13,111.0813,6.642,272,https://image.tmdb.org/t/p/w500/dQgIcW6Th08kMRf2HBoYWoFE6OD.jpg,"A covert team of elite operatives are living in the shadows. When a ruthless despot steals a billion-dollar fortune, they're sent to take it back—an impossible heist that erupts into a deadly game of strategy, deception and survival.",Action,primary_release_date.desc|popularity.desc
Action,4,1439930,The Punisher: One Last Kill,2026,2026-05-12,126.4529,8.343,1717,https://image.tmdb.org/t/p/w500/qQclTgLMDvGBuUBFGHRipxkEwWR.jpg,"As Frank Castle searches for meaning beyond revenge, an unexpected force pulls him back into the fight.",Action,primary_release_date.desc|popularity.desc|vote_average.desc
Action,5,931285,Mortal Kombat II,2026,2026-05-06,274.8922,7.995,1668,https://image.tmdb.org/t/p/w500/hwRdDFIhaEmpRgoki805YvyyjZf.jpg,"The fan favorite champions—now joined by Johnny Cage himself—are pitted against one another in the ultimate, no-holds barred, gory battle to defeat the dark rule of Shao Kahn that threatens the very existence of the Earthrealm and its defenders.",Action,primary_release_date.desc|popularity.desc|vote_average.desc
Action,6,1630423,My Dearest Assassin,2026,2026-05-06,35.3054,8.639,255,https://image.tmdb.org/t/p/w500/ul4dQcA68mtSx8J56N5gEcaCCtP.jpg,"Hunted for her rare blood type, a caged woman vows to fight alongside the assassin she loves to protect their future when an old enemy resurfaces.",Action,primary_release_date.desc|popularity.desc|vote_average.desc
Action,7,1318447,Apex,2026,2026-04-24,65.9215,6.82,1528,https://image.tmdb.org/t/p/w500/eTp7gSPkSF3Aw79mNx1NkBP1PZT.jpg,A grieving woman pushing her limits on a solo adventure in the Australian wild is ensnared in a twisted game with a cunning killer who thinks she's prey.,Action,primary_release_date.desc|popularity.desc
Action,8,1292695,They Will Kill You,2026,2026-03-25,32.7297,7.013,824,https://image.tmdb.org/t/p/w500/nSXCFSvI2p5WLgMrOHACbVnEJSR.jpg,"A woman answers a help wanted ad to be a housekeeper in a mysterious New York City high-rise, unaware that she is entering a community that has seen a number of disappearances over the years and may be under the grip of a Satanic cult.",Action,primary_release_date.desc|popularity.desc
Action,9,1390300,Over Your Dead Body,2026,2026-03-14,44.6143,6.561,337,https://image.tmdb.org/t/p/w500/kZCauMzAt9eMAhLMopCqnFw1Q5k.jpg,"A dysfunctional couple head to a remote cabin to ""reconnect"", but each has secret intentions to kill the other.",Action,primary_release_date.desc|popularity.desc
Action,10,1084187,Pretty Lethal,2026,2026-03-13,35.9619,6.769,422,https://image.tmdb.org/t/p/w500/znTPnXCK3lEQJgqXCvP7e5FUz6f.jpg,A troupe of ballerinas find themselves fighting for survival as they attempt to escape from a remote inn after their bus breaks down on the way to a dance competition.,Action,primary_release_date.desc|popularity.desc
Action,11,1613798,Vengeance,2026,2026-02-26,43.712,7.49,262,https://image.tmdb.org/t/p/w500/ygWXPL0RS91JyJPNOfK34eV3bRE.jpg,"The brutal murder of the wife of “Toro,” a military hero in the special forces, turns him into a man with a single purpose: revenge. After a stroke of fate makes him a millionaire, Carlos transforms his fortune into an arsenal and, together with his closest soldiers, sets out to hunt down those responsible.",Action,primary_release_date.desc|popularity.desc
Action,12,1383731,Instinto protector,2026,2026-02-20,25.5743,8.548,356,https://image.tmdb.org/t/p/w500/icOZpnGuH9YrEaW3wrw5GJaXGih.jpg,"Nikki's life is shattered when her daughter is kidnapped. Thrust into the criminal underworld while hunted by cops and military, she must fight to rescue her child.",Action,primary_release_date.desc|popularity.desc|vote_average.desc
Action,13,1119449,"Good Luck, Have Fun, Don't Die",2026,2026-02-13,22.7131,7.038,615,https://image.tmdb.org/t/p/w500/rWcfOdY7TU6lTdazWj0ebDZnAfO.jpg,A 'Man from the Future' arrives at an LA diner where he must recruit the precise combination of disgruntled patrons to join him on a one-night quest to save the world from the terminal threat of a rogue artificial intelligence.,Action,primary_release_date.desc|popularity.desc
Action,14,1265609,War Machine,2026,2026-02-12,39.2447,7.405,1965,https://image.tmdb.org/t/p/w500/rFhKkXhk7ClU03jQ5rHIApJDwev.jpg,"On one last grueling mission during Army Ranger training, a combat engineer must lead his unit in a fight against a giant otherworldly killing machine.",Action,primary_release_date.desc|popularity.desc
Action,15,1290821,Shelter,2026,2026-01-28,43.8481,7.681,1304,https://image.tmdb.org/t/p/w500/buPFnHZ3xQy6vZEHxbHgL1Pc6CR.jpg,"A man living in self-imposed exile on a remote island rescues a young girl from a violent storm, setting off a chain of events that forces him out of seclusion to protect her from enemies tied to his past.",Action,primary_release_date.desc|popularity.desc
Action,16,1168190,The Wrecking Crew,2026,2026-01-28,29.7056,7.029,1089,https://image.tmdb.org/t/p/w500/gbVwHl4YPSq6BcC92TQpe7qUTh6.jpg,"Estranged half-brothers Jonny and James reunite after their father's mysterious death. As they search for the truth, buried secrets reveal a conspiracy threatening to tear their family apart.",Action,primary_release_date.desc|popularity.desc
Action,17,1236153,Mercy,2026,2026-01-19,18.5319,7.06,1422,https://image.tmdb.org/t/p/w500/pyok1kZJCfyuFapYXzHcy7BLlQa.jpg,"In the near future, a detective stands on trial accused of murdering his wife. He has ninety minutes to prove his innocence to the advanced AI Judge he once championed, before it determines his fate.",Action,primary_release_date.desc|popularity.desc
Action,18,1306368,The Rip,2026,2026-01-13,20.9822,7.088,1693,https://image.tmdb.org/t/p/w500/4wsYWH73Hb1B6noGIFaRQSAkuXj.jpg,"Trust frays when a team of Miami cops discovers millions in cash inside a run-down stash house, calling everyone — and everything — into question.",Action,primary_release_date.desc|popularity.desc
Action,19,1043197,Dust Bunny,2025,2025-12-11,6.5663,6.7,328,https://image.tmdb.org/t/p/w500/qa5aZpO8tQqhlDaE0flalS1TuIS.jpg,"Ten-year-old Aurora asks her hitman neighbor to kill the monster under her bed that she claims ate her family. To protect her, he must battle an onslaught of assassins while accepting that some monsters are real.",Action,primary_release_date.desc
Action,20,1291608,Dhurandhar,2025,2025-12-05,59.8702,7.274,312,https://image.tmdb.org/t/p/w500/snBOuXDdhmTvlzMUvP9Em3Pp1u1.jpg,"A mysterious traveler slips into the heart of Karachi's underbelly and rises through its ranks with lethal precision, only to tear the notorious ISI-Underworld nexus apart from within.",Action,primary_release_date.desc|popularity.desc
Action,21,1387382,Hunting Season,2025,2025-12-05,13.906,6.974,253,https://image.tmdb.org/t/p/w500/cbryTyaWdqrKpQCw6K7zm2jrB5v.jpg,"When a reclusive survivalist and his daughter rescue a mysterious, wounded woman from a river, they become entangled in a deadly web of violence and revenge, forcing them to confront a brutal criminal to survive.",Action,primary_release_date.desc
Action,22,1180831,Troll 2,2025,2025-11-30,7.1074,6.381,485,https://image.tmdb.org/t/p/w500/p6xAExLNFbHcLfvSuvLPoM8aqZU.jpg,"When a dangerous new troll unleashes devastation across their homeland, Nora, Andreas and Major Kris embark on their most perilous mission yet.",Action,primary_release_date.desc
Action,23,628847,Trap House,2025,2025-11-14,8.509,6.593,281,https://image.tmdb.org/t/p/w500/6tpAPeuuqbVnYWWPoOLEDLSBU7a.jpg,"An undercover DEA agent and his partner embark on a game of cat and mouse with an audacious, and surprising group of thieves – their own rebellious teenagers, who have begun robbing from a dangerous cartel, using their parents' tactics and top-secret intel to do it.",Action,primary_release_date.desc
Action,24,798645,The Running Man,2025,2025-11-11,15.212,6.781,1659,https://image.tmdb.org/t/p/w500/dKL78O9zxczVgjtNcQ9UkbYLzqX.jpg,"Desperate to save his sick daughter, working-class Ben Richards is convinced by The Running Man's charming but ruthless producer to enter the deadly competition game as a last resort. But Ben's defiance, instincts, and grit turn him into an unexpected fan favorite — and a threat to the entire system. As ratings skyrocket, so does the danger, and Ben must outwit not just the Hunters, but a nation addicted to watching him fall.",Action,primary_release_date.desc
Action,25,1363123,The Family Plan 2,2025,2025-11-11,9.031,6.534,594,https://image.tmdb.org/t/p/w500/semFxuYx6HcrkZzslgAkBqfJvZk.jpg,"Now that Dan's assassin days are behind him, all he wants for Christmas is quality time with his kids. But when he learns his daughter has her own plans, he books a family trip to London—putting them all in the crosshairs of an unexpected enemy.",Action,primary_release_date.desc
Action,26,1242898,Predator: Badlands,2025,2025-11-05,44.3933,7.801,3162,https://image.tmdb.org/t/p/w500/pHpq9yNUIo6aDoCXEBzjSolywgz.jpg,"Cast out from his clan, a young Predator finds an unlikely ally in a damaged android and embarks on a treacherous journey in search of the ultimate adversary.",Action,primary_release_date.desc|popularity.desc|vote_average.desc
Action,27,1248226,Playdate,2025,2025-11-04,10.9146,6.108,612,https://image.tmdb.org/t/p/w500/fGodXWqJkkkbSebPIlxLSygV8GY.jpg,"When out-of-work accountant Brian joins stay-at-home dad Jeff for a playdate with their sons, he expects a laid-back afternoon. Instead, they're chased by mercenaries, and Brian—totally unprepared—must survive one absurd obstacle after another.",Action,primary_release_date.desc
Action,28,1223601,Sisu: Road to Revenge,2025,2025-10-21,13.3357,7.311,803,https://image.tmdb.org/t/p/w500/roCMOuMQ55Z2TxVx1vZZTevlo0n.jpg,"Returning to the house where his family was brutally murdered during the war, ""the man who refuses to die"" dismantles it, loads it on a truck, and is determined to rebuild it somewhere safe in their honor. When the commander who killed his family comes back hellbent on finishing the job, a relentless, eye-popping cross-country chase ensues.",Action,primary_release_date.desc
Action,29,1266798,Dog 51,2025,2025-10-15,4.6837,6.1,312,https://image.tmdb.org/t/p/w500/olMvhbCRuhTbf6EMKxKGHi2on3L.jpg,"In the near future, Paris is divided into three zones that separate social classes, and no one can escape ALMA, a predictive AI that has revolutionized law enforcement. When ALMA’s creator is assassinated, Salia, a top agent, and Zem, a jaded cop, are forced to work together to solve a murder that may expose the dark secrets of the system they serve.",Action,primary_release_date.desc
Action,30,533533,TRON: Ares,2025,2025-10-08,18.8834,6.497,1459,https://image.tmdb.org/t/p/w500/chpWmskl3aKm1aTZqUHRCtviwPy.jpg,"A highly sophisticated Program called Ares is sent from the digital world into the real world on a dangerous mission, marking humankind's first encounter with A.I. beings.",Action,primary_release_date.desc|popularity.desc
Action,31,760329,The Smashing Machine,2025,2025-10-01,4.2864,6.383,627,https://image.tmdb.org/t/p/w500/cwwvrdYeIrARXdiv09GIO6XWK5l.jpg,"In the late 1990s, up-and-coming mixed martial artist Mark Kerr aspires to become the greatest fighter in the world. However, he must also battle his opioid dependence and a volatile relationship with his girlfriend Dawn.",Action,primary_release_date.desc
Action,32,941109,Play Dirty,2025,2025-09-30,10.9208,6.566,641,https://image.tmdb.org/t/p/w500/ovZ0zq0NwRghtWI1oLaM0lWuoEw.jpg,"Expert thief Parker gets a shot at a major heist, but to pull it off he and his team must outsmart a South American dictator, the New York mob, and the world's richest man.",Action,primary_release_date.desc
Action,33,1235746,Dead of Winter,2025,2025-09-23,9.5579,6.382,376,https://image.tmdb.org/t/p/w500/5DcrN62sGAiRJxt8rXSRlSRLwIE.jpg,"A widowed fisherwoman, travelling alone through snowbound northern Minnesota, interrupts the kidnapping of a teenage girl. Hours from the nearest town and with no phone service, she realizes that she is the young girl's only hope.",Action,primary_release_date.desc
Action,34,1218925,Chainsaw Man - The Movie: Reze Arc,2025,2025-09-19,27.1832,8.44,960,https://image.tmdb.org/t/p/w500/4IS7CHfTYDx8RZAXG7hU9J1ZcQy.jpg,"In a brutal war between devils, hunters, and secret enemies, a mysterious girl named Reze has stepped into Denji's world, and he faces his deadliest battle yet, fueled by love in a world where survival knows no rules.",Action,primary_release_date.desc|popularity.desc|vote_average.desc
Action,35,1252037,The Tank,2025,2025-09-18,9.6463,7.1,444,https://image.tmdb.org/t/p/w500/65Jr1JAgWlu9em8zHhAfrNJJQBt.jpg,"A German Tiger tank crew is sent on a dangerous mission to rescue the missing officer Paul von Hardenburg from a top-secret bunker behind enemy lines. As they make their way through the lethal no-man's land, they must confront not only the enemy, but also their own fears and inner demons. Fueled by the Wehrmacht's methamphetamine, their mission increasingly becomes a journey into the heart of darkness.",Action,primary_release_date.desc
Action,36,1161617,Code 3,2025,2025-09-12,4.8628,7.086,285,https://image.tmdb.org/t/p/w500/gIAYMDb5mIAeCAj76q1sRsKjkzo.jpg,A burned-out paramedic tries to survive his last 24 hours on the job while training a new recruit.,Action,primary_release_date.desc
Action,37,1257009,Primitive War,2025,2025-08-21,13.2896,6.648,366,https://image.tmdb.org/t/p/w500/noujgznyJIaurEinZhcSVzTmkLo.jpg,"During the Vietnam War, a recon unit ventures to an isolated jungle valley to uncover the fate of a missing platoon. They soon find themselves in a fight for their lives against an unexpected enemy — prehistoric dinosaurs.",Action,primary_release_date.desc
Action,38,1151334,Eenie Meanie,2025,2025-08-21,4.1202,6.319,329,https://image.tmdb.org/t/p/w500/12Va3oO3oYUdOd75zM57Nx1976a.jpg,A former teenage getaway driver gets dragged back into her unsavory past when a former employer offers her a chance to save the life of her chronically unreliable ex-boyfriend.,Action,primary_release_date.desc
Action,39,1088166,Relay,2025,2025-08-21,3.5793,6.973,445,https://image.tmdb.org/t/p/w500/mpwccO2L8LUVtVTJTdgUVgoQqAo.jpg,A broker of lucrative payoffs between corrupt corporations and the individuals who threaten them breaks his own rules when a new client seeks his protection to stay alive.,Action,primary_release_date.desc
Action,40,507244,Afterburn,2025,2025-08-20,5.5428,6.265,307,https://image.tmdb.org/t/p/w500/fSXZFZVfJmC2v0TkW711QD5o76N.jpg,"Set against the backdrop of a postapocalyptic Earth whose Eastern Hemisphere was destroyed by a massive solar flare, leaving what life remains mutated from radiation and fallout. The story revolves around a group of treasure hunters who extract such objects as the Mona Lisa, the Rosetta Stone and the Crown Jewels while facing rival hunters, mutants and pirates.",Action,primary_release_date.desc
Action,41,1419406,The Shadow's Edge,2025,2025-08-16,89.0269,7.813,900,https://image.tmdb.org/t/p/w500/cHKo3m8N1fwvEy2ZEr0xGmmMODV.jpg,Macau Police brings the tracking expert police officer out of retirement to help catch a dangerous group of professional thieves.,Action,primary_release_date.desc|popularity.desc|vote_average.desc
Action,42,1007734,Nobody 2,2025,2025-08-13,12.5556,6.93,1620,https://image.tmdb.org/t/p/w500/svXVRoRSu6zzFtCzkRsjZS7Lqpd.jpg,"Former assassin Hutch Mansell takes his family on a nostalgic vacation to a small-town theme park, only to be pulled back into violence when they clash with a corrupt operator, a crooked sheriff, and a ruthless crime boss.",Action,primary_release_date.desc
Action,43,1196573,She Rides Shotgun,2025,2025-07-31,5.3815,7.012,291,https://image.tmdb.org/t/p/w500/nvqW8mOm818QDio3GKKmPLK8kXj.jpg,"Newly released from prison and marked for death by unrelenting enemies, Nate must now protect his estranged 11-year-old daughter, Polly, at all costs. With scant resources and no one to trust, Nate and Polly forge a bond under fire as he shows her how to fight and survive—and she teaches him the true meaning of unconditional love.",Action,primary_release_date.desc
Action,44,1035259,The Naked Gun,2025,2025-07-30,11.9409,6.372,1769,https://image.tmdb.org/t/p/w500/rwla9vqzrKVVKVKiOuROTIXGsxj.jpg,"Only one man has the particular set of skills... to lead Police Squad and save the world: Lt. Frank Drebin Jr. Following in his father's footsteps, he must solve a murder case to prevent Police Squad from closure.",Action,primary_release_date.desc
Action,45,1106289,The Pickup,2025,2025-07-27,4.8327,6.397,481,https://image.tmdb.org/t/p/w500/vFWvWhfAvij8UIngg2Vf6JV95Cr.jpg,A routine cash pickup takes a wild turn when mismatched armored truck drivers Russell and Travis are ambushed by ruthless criminals led by savvy mastermind Zoe.,Action,primary_release_date.desc
Action,46,1241470,Osiris,2025,2025-07-25,7.2613,6.151,261,https://image.tmdb.org/t/p/w500/3YtZHtXPNG5AleisgEatEfZOT2w.jpg,"Special Forces commandos on a mission are abducted mid-operation by a mysterious spacecraft. Upon waking aboard, they find themselves prey to a relentless alien race in a fight for survival.",Action,primary_release_date.desc
Action,47,617126,The Fantastic 4: First Steps,2025,2025-07-23,22.6348,6.96,3433,https://image.tmdb.org/t/p/w500/nf5qaSEvyYSNeFH0YhSs5EsBLX9.jpg,"Against the vibrant backdrop of a 1960s-inspired, retro-futuristic world, Marvel's First Family is forced to balance their roles as heroes with the strength of their family bond, while defending Earth from a ravenous space god called Galactus and his enigmatic Herald, Silver Surfer.",Action,primary_release_date.desc|popularity.desc
Action,48,1311031,Demon Slayer: Kimetsu no Yaiba Infinity Castle,2025,2025-07-18,104.1897,7.7,874,https://image.tmdb.org/t/p/w500/fWVSwgjpT2D78VUh6X8UBd2rorW.jpg,"The Demon Slayer Corps are drawn into the Infinity Castle, where Tanjiro, Nezuko, and the Hashira face terrifying Upper Rank demons in a desperate fight as the final battle against Muzan Kibutsuji begins.",Action,primary_release_date.desc|popularity.desc
Action,49,1061474,Superman,2025,2025-07-09,40.4454,7.339,4931,https://image.tmdb.org/t/p/w500/ldyfo0BKmz5rWtJJKCvwaNS4cJT.jpg,"Superman, a journalist in Metropolis, embarks on a journey to reconcile his Kryptonian heritage with his human upbringing as Clark Kent.",Action,primary_release_date.desc|popularity.desc
Action,50,1429744,Ziam,2025,2025-07-08,4.0047,6.711,263,https://image.tmdb.org/t/p/w500/yHYj2t3NzsjkHVYa0bPri4sMBsg.jpg,"In a fight for survival against a horrifying army of zombies, a former Muay Thai fighter must use skill, speed and grit to save his girlfriend.",Action,primary_release_date.desc
Adventure,1,1228710,The Mandalorian and Grogu,2026,2026-05-20,180.214,6.7,522,https://image.tmdb.org/t/p/w500/5Vi8dSauVwH1HOsiZceDMbRr1Ca.jpg,"The evil Empire has fallen, and Imperial warlords remain scattered throughout the galaxy. As the fledgling New Republic works to protect everything the Rebellion fought for, they have enlisted the help of legendary Mandalorian bounty hunter Din Djarin and his young apprentice Grogu.",Adventure,primary_release_date.desc|popularity.desc
Adventure,2,931285,Mortal Kombat II,2026,2026-05-06,274.8922,7.995,1668,https://image.tmdb.org/t/p/w500/hwRdDFIhaEmpRgoki805YvyyjZf.jpg,"The fan favorite champions—now joined by Johnny Cage himself—are pitted against one another in the ultimate, no-holds barred, gory battle to defeat the dark rule of Shao Kahn that threatens the very existence of the Earthrealm and its defenders.",Adventure,primary_release_date.desc|popularity.desc|vote_average.desc
Adventure,3,1007757,Swapped,2026,2026-05-01,141.9467,8.96,1798,https://image.tmdb.org/t/p/w500/tHhxWxge06goXU6ZQH1hj7vK8Hd.jpg,"A small woodland creature and a majestic bird, two natural sworn enemies of the Valley, magically trade places and set off on an adventure of a lifetime to switch back. Their journey soon uncovers a greater threat—one that could endanger not only their species, but the entire valley they call home.",Adventure,primary_release_date.desc|popularity.desc|vote_average.desc
Adventure,4,1226863,The Super Mario Galaxy Movie,2026,2026-04-01,176.8494,8.223,2827,https://image.tmdb.org/t/p/w500/eJGWx219ZcEMVQJhAgMiqo8tYY.jpg,"Having thwarted Bowser's previous plot to marry Princess Peach, Mario and Luigi now face a fresh threat in Bowser Jr., who is determined to liberate his father from captivity and restore the family legacy. Alongside companions new and old, the brothers travel across the stars to stop the young heir's crusade.",Adventure,primary_release_date.desc|popularity.desc|vote_average.desc
Adventure,5,687163,Project Hail Mary,2026,2026-03-15,132.5652,8.688,5395,https://image.tmdb.org/t/p/w500/yihdXomYb5kTeSivtFndMy5iDmf.jpg,"Science teacher Ryland Grace wakes up on a spaceship light years from home with no recollection of who he is or how he got there. As his memory returns, he begins to uncover his mission: solve the riddle of the mysterious substance causing the sun to die out. He must call on his scientific knowledge and unorthodox ideas to save everything on Earth from extinction.",Adventure,primary_release_date.desc|popularity.desc|vote_average.desc
Adventure,6,1327819,Hoppers,2026,2026-03-04,101.61,8.199,1727,https://image.tmdb.org/t/p/w500/xjtWQ2CL1mpmMNwuU5HeS4Iuwuu.jpg,"Scientists have discovered how to 'hop' human consciousness into lifelike robotic animals, allowing people to communicate with animals as animals. Animal lover Mabel seizes an opportunity to use the technology, uncovering mysteries within the animal world beyond anything she could have imagined.",Adventure,primary_release_date.desc|popularity.desc|vote_average.desc
Adventure,7,840464,Greenland 2: Migration,2026,2026-01-07,56.5065,6.437,1244,https://image.tmdb.org/t/p/w500/z2tqCJLsw6uEJ8nJV8BsQXGa3dr.jpg,"Having found the safety of the Greenland bunker after the comet Clarke decimated the Earth, the Garrity family must now risk everything to embark on a perilous journey across the wasteland of Europe to find a new home.",Adventure,primary_release_date.desc|popularity.desc
Adventure,8,1472638,Buen Camino,2025,2025-12-25,4.1598,6.252,571,https://image.tmdb.org/t/p/w500/9wpeQoaIJxsqULF6OvslFW1gDCT.jpg,"Checco's life is a comfortable and luxurious one, and it couldn't be otherwise, considering he's the only son of Eugenio Zalone, a wealthy sofa manufacturer. Stranded by the pool in his luxurious villas, with an unspecified number of Filipinos serving him, a very young Mexican model as a girlfriend, and vacationing on his yacht with friends who share his passion for not wanting to work; it seems like a truly enviable life, considering he lacks nothing, absolutely nothing. Actually, no. Something is missing. It's his underage daughter, Cristal, named after the famous French sparkling wine, who has suddenly disappeared without a trace. Urgently summoned to Rome by his ex-wife, Linda, he finds himself facing the responsibilities of fatherhood for the first time, trying to find the girl—a very complicated task, considering he knows absolutely nothing about Cristal and her life.",Adventure,primary_release_date.desc
Adventure,9,83533,Avatar: Fire and Ash,2025,2025-12-17,140.6391,7.599,3562,https://image.tmdb.org/t/p/w500/bRBeSHfGHwkEpImlhxPmOcUsaeg.jpg,"In the wake of the devastating war against the RDA and the loss of their eldest son, Jake Sully and Neytiri face a new threat on Pandora: the Ash People, a violent and power-hungry Na'vi tribe led by the ruthless Varang. Jake's family must fight for their survival and the future of Pandora in a conflict that pushes them to their emotional and physical limits.",Adventure,primary_release_date.desc|popularity.desc
Adventure,10,991494,The SpongeBob Movie: Search for SquarePants,2025,2025-12-16,21.9019,6.85,307,https://image.tmdb.org/t/p/w500/xJnOMMsFASxNiFnG7v3TNIQ3ife.jpg,"Desperate to be a big guy, SpongeBob sets out to prove his bravery to Mr. Krabs by following The Flying Dutchman – a mysterious swashbuckling ghost pirate – on a seafaring adventure that takes him to the deepest depths of the deep sea, where no Sponge has gone before.",Adventure,primary_release_date.desc|popularity.desc
Adventure,11,1084242,Zootopia 2,2025,2025-11-26,72.2435,7.671,2993,https://image.tmdb.org/t/p/w500/oJ7g2CifqpStmoYQyaLQgEU32qO.jpg,"After cracking the biggest case in Zootopia's history, rookie cops Judy Hopps and Nick Wilde find themselves on the twisting trail of a great mystery when Gary De'Snake arrives and turns the animal metropolis upside down. To crack the case, Judy and Nick must go undercover to unexpected new parts of town, where their growing partnership is tested like never before.",Adventure,primary_release_date.desc|popularity.desc
Adventure,12,967941,Wicked: For Good,2025,2025-11-19,11.0609,6.626,1039,https://image.tmdb.org/t/p/w500/si9tolnefLSUKaqQEGz1bWArOaL.jpg,"As an angry mob rises against the Wicked Witch, Glinda and Elphaba will need to come together one final time. With their singular friendship now the fulcrum of their futures, they will need to truly see each other, with honesty and empathy, if they are to change themselves, and all of Oz, for good.",Adventure,primary_release_date.desc
Adventure,13,1242898,Predator: Badlands,2025,2025-11-05,44.3933,7.801,3162,https://image.tmdb.org/t/p/w500/pHpq9yNUIo6aDoCXEBzjSolywgz.jpg,"Cast out from his clan, a young Predator finds an unlikely ally in a damaged android and embarks on a treacherous journey in search of the ultimate adversary.",Adventure,primary_release_date.desc|popularity.desc
Adventure,14,533533,TRON: Ares,2025,2025-10-08,18.8834,6.497,1459,https://image.tmdb.org/t/p/w500/chpWmskl3aKm1aTZqUHRCtviwPy.jpg,"A highly sophisticated Program called Ares is sent from the digital world into the real world on a dangerous mission, marking humankind's first encounter with A.I. beings.",Adventure,primary_release_date.desc|popularity.desc
Adventure,15,1175942,The Bad Guys 2,2025,2025-07-24,15.5725,7.652,801,https://image.tmdb.org/t/p/w500/26oSPnq0ct59l07QOXZKyzsiRtN.jpg,"The now-reformed Bad Guys are trying (very, very hard) to be good, but instead find themselves hijacked into a high-stakes, globe-trotting heist, masterminded by a new team of criminals they never saw coming: The Bad Girls.",Adventure,primary_release_date.desc
Adventure,16,617126,The Fantastic 4: First Steps,2025,2025-07-23,22.6348,6.96,3433,https://image.tmdb.org/t/p/w500/nf5qaSEvyYSNeFH0YhSs5EsBLX9.jpg,"Against the vibrant backdrop of a 1960s-inspired, retro-futuristic world, Marvel's First Family is forced to balance their roles as heroes with the strength of their family bond, while defending Earth from a ravenous space god called Galactus and his enigmatic Herald, Silver Surfer.",Adventure,primary_release_date.desc|popularity.desc
Adventure,17,1061474,Superman,2025,2025-07-09,40.4454,7.339,4931,https://image.tmdb.org/t/p/w500/ldyfo0BKmz5rWtJJKCvwaNS4cJT.jpg,"Superman, a journalist in Metropolis, embarks on a journey to reconcile his Kryptonian heritage with his human upbringing as Clark Kent.",Adventure,primary_release_date.desc|popularity.desc
Adventure,18,1234821,Jurassic World Rebirth,2025,2025-06-23,28.7907,6.27,3446,https://image.tmdb.org/t/p/w500/1RICxzeoNCAO5NpcRMIgg1XT6fm.jpg,"Five years after the events of Jurassic World Dominion, covert operations expert Zora Bennett is contracted to lead a skilled team on a top-secret mission to secure genetic material from the world's three most massive dinosaurs. When Zora's operation intersects with a civilian family whose boating expedition was capsized, they all find themselves stranded on an island where they come face-to-face with a sinister, shocking discovery that's been hidden from the world for decades.",Adventure,primary_release_date.desc|popularity.desc
Adventure,19,1022787,Elio,2025,2025-06-18,14.8195,6.9,1014,https://image.tmdb.org/t/p/w500/7z8jDiTZZco9moIKpTUImFtTy7o.jpg,"Elio, a space fanatic with an active imagination, finds himself on a cosmic misadventure where he must form new bonds with eccentric alien lifeforms, navigate a crisis of intergalactic proportions and somehow discover who he is truly meant to be.",Adventure,primary_release_date.desc
Adventure,20,1087192,How to Train Your Dragon,2025,2025-06-06,23.5747,7.932,2895,https://image.tmdb.org/t/p/w500/q5pXRYTycaeW6dEgsCrd4mYPmxM.jpg,"On the rugged isle of Berk, where Vikings and dragons have been bitter enemies for generations, Hiccup stands apart, defying centuries of tradition when he befriends Toothless, a feared Night Fury dragon. Their unlikely bond reveals the true nature of dragons, challenging the very foundations of Viking society.",Adventure,primary_release_date.desc|popularity.desc|vote_average.desc
Adventure,21,1450599,K.O.,2025,2025-06-05,4.3563,6.48,274,https://image.tmdb.org/t/p/w500/qcM2sUiAeP4zXwx4ADSvgc9S58k.jpg,"A former fighter must find the missing son of an opponent he accidentally killed years ago, taking on a brutally violent crime gang in Marseille.",Adventure,primary_release_date.desc
Adventure,22,1137350,The Phoenician Scheme,2025,2025-05-23,5.7534,6.5,937,https://image.tmdb.org/t/p/w500/u2jxeYLXTYfu0bqJmnLGIgZswib.jpg,"Wealthy businessman Zsa-zsa Korda appoints his only daughter, a nun, as sole heir to his estate. As Korda embarks on a new enterprise, they soon become the target of scheming tycoons, foreign terrorists, and determined assassins.",Adventure,primary_release_date.desc
Adventure,23,1098006,Fountain of Youth,2025,2025-05-19,5.4194,6.261,945,https://image.tmdb.org/t/p/w500/4iWjGghUj2uyHo2Hyw8NFBvsNGm.jpg,"A treasure-hunting mastermind assembles a team for a life-changing adventure. But to outwit and outrun threats at every turn, he'll need someone even smarter than he is: his estranged sister.",Adventure,primary_release_date.desc
Adventure,24,575265,Mission: Impossible - The Final Reckoning,2025,2025-05-17,28.3549,7.17,2885,https://image.tmdb.org/t/p/w500/z53D72EAOxGRqdr7KXXWp9dJiDe.jpg,"Ethan Hunt and team continue their search for the terrifying AI known as the Entity — which has infiltrated intelligence networks all over the globe — with the world's governments and a mysterious ghost from Hunt's past on their trail. Joined by new allies and armed with the means to shut the Entity down for good, Hunt is in a race against time to prevent the world as we know it from changing forever.",Adventure,primary_release_date.desc|popularity.desc
Adventure,25,1011477,Karate Kid: Legends,2025,2025-05-08,12.1906,6.995,1221,https://image.tmdb.org/t/p/w500/c90Lt7OQGsOmhv6x4JoFdoHzw5l.jpg,"After a family tragedy, kung fu prodigy Li Fong is uprooted from his home in Beijing and forced to move to New York City with his mother. When a new friend needs his help, Li enters a karate competition – but his skills alone aren't enough. Li's kung fu teacher Mr. Han enlists original Karate Kid Daniel LaRusso for help, and Li learns a new way to fight, merging their two styles into one for the ultimate martial arts showdown.",Adventure,primary_release_date.desc
Adventure,26,986056,Thunderbolts*,2025,2025-04-30,17.2189,7.291,3601,https://image.tmdb.org/t/p/w500/hqcexYHbiTBfDIdDWxrxPtVndBX.jpg,"After finding themselves ensnared in a death trap, seven disillusioned castoffs must embark on a dangerous mission that will force them to confront the darkest corners of their pasts.",Adventure,primary_release_date.desc
Adventure,27,896536,The Legend of Ochi,2025,2025-04-18,4.3318,6.177,317,https://image.tmdb.org/t/p/w500/qYyEelO4JfOwE0Ui5KsrCE0O8UA.jpg,"In a remote village on the island of Carpathia, a shy farm girl named Yuri is raised to fear an elusive animal species known as ochi. But when Yuri discovers a wounded baby ochi has been left behind, she escapes on a quest to bring him home.",Adventure,primary_release_date.desc
Adventure,28,950387,A Minecraft Movie,2025,2025-03-31,28.5553,6.26,3052,https://image.tmdb.org/t/p/w500/yFHHfHcUgGAxziP1C3lLt0q2T4s.jpg,"Four misfits find themselves struggling with ordinary problems when they are suddenly pulled through a mysterious portal into the Overworld: a bizarre, cubic wonderland that thrives on imagination. To get back home, they'll have to master this world while embarking on a magical quest with an unexpected, expert crafter, Steve.",Adventure,primary_release_date.desc|popularity.desc
Adventure,29,777443,The Electric State,2025,2025-03-07,6.5065,6.499,1676,https://image.tmdb.org/t/p/w500/sI2NiMU8o65hmIMY0JI9CjJ0p7f.jpg,"An orphaned teen hits the road with a mysterious robot to find her long-lost brother, teaming up with a smuggler and his wisecracking sidekick.",Adventure,primary_release_date.desc
Adventure,30,696506,Mickey 17,2025,2025-02-28,12.721,6.836,3627,https://image.tmdb.org/t/p/w500/edKpE9B5qN3e559OuMCLZdW1iBZ.jpg,"Unlikely hero Mickey Barnes finds himself in the extraordinary circumstance of working for an employer who demands the ultimate commitment to the job… to die, for a living.",Adventure,primary_release_date.desc
Adventure,31,1356039,Counterattack,2025,2025-02-27,8.5427,8.2,824,https://image.tmdb.org/t/p/w500/38I76hGcFY6xB47pjm7pZwkfuAF.jpg,"When a hostage rescue mission creates a new enemy, Capt. Guerrero and his elite soldiers must face an ambush by a criminal group.",Adventure,primary_release_date.desc|vote_average.desc
Adventure,32,980477,Ne Zha 2,2025,2025-01-29,35.8266,8.164,728,https://image.tmdb.org/t/p/w500/cb5NyNrqiCNNoDkA8FfxHAtypdG.jpg,"After a catastrophic event leaves their bodies destroyed, Ne Zha and Ao Bing are granted a fragile second chance at life. As tensions rise between the dragon clans and celestial forces, the two must undergo a series of perilous trials that will test their bond, challenge their identities, and decide the fate of both mortals and immortals.",Adventure,primary_release_date.desc|popularity.desc|vote_average.desc
Adventure,33,774370,Dog Man,2025,2025-01-24,6.625,7.445,363,https://image.tmdb.org/t/p/w500/89wNiexZdvLQ41OQWIsQy4O6jAQ.jpg,"When a faithful police dog and his human police officer owner are injured together on the job, a harebrained but life-saving surgery fuses the two of them together and Dog Man is born. Dog Man is sworn to protect and serve—and fetch, sit and roll over. As Dog Man embraces his new identity and strives to impress his Chief, he must stop the pretty evil plots of feline supervillain Petey the Cat.",Adventure,primary_release_date.desc
Adventure,34,762509,Mufasa: The Lion King,2024,2024-12-18,17.7527,7.303,2686,https://image.tmdb.org/t/p/w500/jbOSUAWMGzGL1L4EaUF8K6zYFo7.jpg,"Mufasa, a cub lost and alone, meets a sympathetic lion named Taka, the heir to a royal bloodline. The chance meeting sets in motion an expansive journey of a group of misfits searching for their destiny.",Adventure,primary_release_date.desc
Adventure,35,929204,Wallace & Gromit: Vengeance Most Fowl,2024,2024-12-18,4.0546,7.454,661,https://image.tmdb.org/t/p/w500/jUWFSBxTOiCinPdTOh3IDUXVemZ.jpg,"Gromit’s concern that Wallace is becoming too dependent on his inventions proves justified, when Wallace invents a “smart” gnome that seems to develop a mind of its own. When it emerges that a vengeful figure from the past might be masterminding things, it falls to Gromit to battle sinister forces and save his master… or Wallace may never be able to invent again!",Adventure,primary_release_date.desc
Adventure,36,539972,Kraven the Hunter,2024,2024-12-11,14.2803,6.438,2366,https://image.tmdb.org/t/p/w500/1GvBhRxY6MELDfxFrete6BNhBB5.jpg,"Kraven Kravinoff's complex relationship with his ruthless gangster father, Nikolai, starts him down a path of vengeance with brutal consequences, motivating him to become not only the greatest hunter in the world, but also one of its most feared.",Adventure,primary_release_date.desc
Adventure,37,839033,The Lord of the Rings: The War of the Rohirrim,2024,2024-12-05,5.9699,6.548,868,https://image.tmdb.org/t/p/w500/hE9SAMyMSUGAPsHUGdyl6irv11v.jpg,"A sudden attack by Wulf, a clever and traitorous lord of Rohan seeking vengeance for the death of his father, forces Helm Hammerhand, the King of Rohan, and his people to make a daring last stand in the ancient stronghold of the Hornburg.",Adventure,primary_release_date.desc
Adventure,38,975511,The Return,2024,2024-11-28,5.7041,6.5,450,https://image.tmdb.org/t/p/w500/xSj6EbdwHs3MFT2tRj9L3I7TE5j.jpg,"After twenty years away, Odysseus washes up on the shores of Ithaca, haggard and unrecognizable. The king has finally returned home, but much has changed in his kingdom since he left to fight in the Trojan war.",Adventure,primary_release_date.desc
Adventure,39,645757,That Christmas,2024,2024-11-27,3.4176,7.1,434,https://image.tmdb.org/t/p/w500/uR3uhztTAxGGK7Co0yyxVy4Gc7H.jpg,It's an unforgettable Christmas for the townsfolk of Wellington-on-Sea when the worst snowstorm in history alters everyone's plans — including Santa's.,Adventure,primary_release_date.desc
Adventure,40,1357633,Solo Leveling -ReAwakening-,2024,2024-11-26,17.2145,7.16,272,https://image.tmdb.org/t/p/w500/dblIFen0bNZAq8icJXHwrjfymDW.jpg,"Over a decade after 'gates' connecting worlds appeared, awakening 'hunters' with superpowers, weakest hunter Sung Jinwoo encounters a double dungeon and accepts a mysterious quest, becoming the only one able to level up, changing his fate. A catch-up recap of the first season coupled with an exclusive sneak peek of the first two episodes of the highly anticipated second season in one momentous theatrical fan experience.",Adventure,primary_release_date.desc|popularity.desc
Adventure,41,592983,Spellbound,2024,2024-11-22,5.1963,6.585,317,https://image.tmdb.org/t/p/w500/4dSrwXJNKtMtlkwJPgZMkjjuHvD.jpg,"When a powerful spell turns her parents into giant monsters, a teenage princess must journey into the wild to reverse the curse before it's too late.",Adventure,primary_release_date.desc
Adventure,42,1241982,Moana 2,2024,2024-11-21,26.2834,7.008,3105,https://image.tmdb.org/t/p/w500/aLVkiINlIeCkcZIzb7XHzPYgO6L.jpg,"After receiving an unexpected call from her wayfinding ancestors, Moana journeys alongside Maui and a new crew to the far seas of Oceania and into dangerous, long-lost waters for an adventure unlike anything she's ever faced.",Adventure,primary_release_date.desc|popularity.desc
Adventure,43,1147416,"Miraculous World: London, at the Edge of Time",2024,2024-11-14,7.6891,7.5,309,https://image.tmdb.org/t/p/w500/6AtoMpHvs9pxd30KsyK8QmJ9W9M.jpg,"To save the future from a terrible fate, Marinette becomes Chronobug and teams up with Bunnyx to defeat a mysterious opponent who travels through time.",Adventure,primary_release_date.desc
Adventure,44,558449,Gladiator II,2024,2024-11-13,12.7421,6.608,4490,https://image.tmdb.org/t/p/w500/2cxhvwyEwRlysAmRH4iodkvo0z5.jpg,"Years after witnessing the death of the revered hero Maximus at the hands of his uncle, Lucius is forced to enter the Colosseum after his home is conquered by the tyrannical Emperors who now lead Rome with an iron fist. With rage in his heart and the future of the Empire at stake, Lucius must look to his past to find strength and honor to return the glory of Rome to its people.",Adventure,primary_release_date.desc
Adventure,45,516729,Paddington in Peru,2024,2024-11-08,6.7607,6.813,697,https://image.tmdb.org/t/p/w500/1ffZAucqfvQu36x1C49XfOdjuOG.jpg,"Paddington travels to Peru to visit his beloved Aunt Lucy, who now resides at the Home for Retired Bears. With the Brown Family in tow, a thrilling adventure ensues when a mystery plunges them into an unexpected journey through the Amazon rainforest and up to the mountain peaks of Peru.",Adventure,primary_release_date.desc
Adventure,46,927342,Amaran,2024,2024-10-31,3.4059,7.359,256,https://image.tmdb.org/t/p/w500/eCB06m1KUGilEOlIzb40nkQhVY0.jpg,"A heroic true story of Major Mukund Varadarajan, an Indian Army officer who displayed extraordinary bravery during a counterterrorism mission in Kashmir’s Shopian district. The film captures his courage in protecting his nation and the devotion of his wife Indhu Rebecaa Varghese.",Adventure,primary_release_date.desc
Adventure,47,912649,Venom: The Last Dance,2024,2024-10-22,21.1733,6.676,4272,https://image.tmdb.org/t/p/w500/vGXptEdgZIhPg3cGlc7e8sNPC2e.jpg,"Eddie and Venom are on the run. Hunted by both of their worlds and with the net closing in, the duo are forced into a devastating decision that will bring the curtains down on Venom and Eddie's last dance.",Adventure,primary_release_date.desc|popularity.desc
Adventure,48,1167271,Weekend in Taipei,2024,2024-09-19,2.4845,6.445,289,https://image.tmdb.org/t/p/w500/qSc0AUvs8mRy00R9y8QYEHWIAQ9.jpg,"A former DEA agent and a former undercover operative revisit their romance during a fateful weekend in Taipei, unaware of the dangerous consequences of their past.",Adventure,primary_release_date.desc
Adventure,49,1184918,The Wild Robot,2024,2024-09-12,31.891,8.3,6187,https://image.tmdb.org/t/p/w500/eG9lz41mJqsI4J6ubMtVqD26q2J.jpg,"After a shipwreck, an intelligent robot called Roz is stranded on an uninhabited island. To survive the harsh environment, Roz bonds with the island's animals and cares for an orphaned baby goose.",Adventure,primary_release_date.desc|popularity.desc|vote_average.desc
Adventure,50,698687,Transformers One,2024,2024-09-11,9.667,8.0,1649,https://image.tmdb.org/t/p/w500/iRCgqpdVE4wyLQvGYU3ZP7pAtUc.jpg,"The untold origin story of Optimus Prime and Megatron, better known as sworn enemies, but once were friends bonded like brothers who changed the fate of Cybertron forever.",Adventure,primary_release_date.desc|vote_average.desc
Animation,1,1007757,Swapped,2026,2026-05-01,141.9467,8.96,1798,https://image.tmdb.org/t/p/w500/tHhxWxge06goXU6ZQH1hj7vK8Hd.jpg,"A small woodland creature and a majestic bird, two natural sworn enemies of the Valley, magically trade places and set off on an adventure of a lifetime to switch back. Their journey soon uncovers a greater threat—one that could endanger not only their species, but the entire valley they call home.",Animation,primary_release_date.desc|popularity.desc|vote_average.desc
Animation,2,1226863,The Super Mario Galaxy Movie,2026,2026-04-01,176.8494,8.223,2827,https://image.tmdb.org/t/p/w500/eJGWx219ZcEMVQJhAgMiqo8tYY.jpg,"Having thwarted Bowser's previous plot to marry Princess Peach, Mario and Luigi now face a fresh threat in Bowser Jr., who is determined to liberate his father from captivity and restore the family legacy. Alongside companions new and old, the brothers travel across the stars to stop the young heir's crusade.",Animation,primary_release_date.desc|popularity.desc|vote_average.desc
Animation,3,1327819,Hoppers,2026,2026-03-04,101.61,8.199,1727,https://image.tmdb.org/t/p/w500/xjtWQ2CL1mpmMNwuU5HeS4Iuwuu.jpg,"Scientists have discovered how to 'hop' human consciousness into lifelike robotic animals, allowing people to communicate with animals as animals. Animal lover Mabel seizes an opportunity to use the technology, uncovering mysteries within the animal world beyond anything she could have imagined.",Animation,primary_release_date.desc|popularity.desc|vote_average.desc
Animation,4,1297842,GOAT,2026,2026-02-11,63.1497,8.122,842,https://image.tmdb.org/t/p/w500/wfuqMlaExcoYiUEvKfVpUTt1v4u.jpg,"A small goat with big dreams gets a once-in-a-lifetime shot to join the pros and play roarball, a high-intensity, co-ed, full-contact sport dominated by the fastest, fiercest animals in the world.",Animation,primary_release_date.desc|popularity.desc|vote_average.desc
Animation,5,991494,The SpongeBob Movie: Search for SquarePants,2025,2025-12-16,21.9019,6.85,307,https://image.tmdb.org/t/p/w500/xJnOMMsFASxNiFnG7v3TNIQ3ife.jpg,"Desperate to be a big guy, SpongeBob sets out to prove his bravery to Mr. Krabs by following The Flying Dutchman – a mysterious swashbuckling ghost pirate – on a seafaring adventure that takes him to the deepest depths of the deep sea, where no Sponge has gone before.",Animation,primary_release_date.desc|popularity.desc
Animation,6,1084242,Zootopia 2,2025,2025-11-26,72.2435,7.671,2993,https://image.tmdb.org/t/p/w500/oJ7g2CifqpStmoYQyaLQgEU32qO.jpg,"After cracking the biggest case in Zootopia's history, rookie cops Judy Hopps and Nick Wilde find themselves on the twisting trail of a great mystery when Gary De'Snake arrives and turns the animal metropolis upside down. To crack the case, Judy and Nick must go undercover to unexpected new parts of town, where their growing partnership is tested like never before.",Animation,primary_release_date.desc|popularity.desc
Animation,7,1218925,Chainsaw Man - The Movie: Reze Arc,2025,2025-09-19,27.1832,8.44,960,https://image.tmdb.org/t/p/w500/4IS7CHfTYDx8RZAXG7hU9J1ZcQy.jpg,"In a brutal war between devils, hunters, and secret enemies, a mysterious girl named Reze has stepped into Denji's world, and he faces his deadliest battle yet, fueled by love in a world where survival knows no rules.",Animation,primary_release_date.desc|popularity.desc|vote_average.desc
Animation,8,1175942,The Bad Guys 2,2025,2025-07-24,15.5725,7.652,801,https://image.tmdb.org/t/p/w500/26oSPnq0ct59l07QOXZKyzsiRtN.jpg,"The now-reformed Bad Guys are trying (very, very hard) to be good, but instead find themselves hijacked into a high-stakes, globe-trotting heist, masterminded by a new team of criminals they never saw coming: The Bad Girls.",Animation,primary_release_date.desc|popularity.desc
Animation,9,1311031,Demon Slayer: Kimetsu no Yaiba Infinity Castle,2025,2025-07-18,104.1897,7.7,874,https://image.tmdb.org/t/p/w500/fWVSwgjpT2D78VUh6X8UBd2rorW.jpg,"The Demon Slayer Corps are drawn into the Infinity Castle, where Tanjiro, Nezuko, and the Hashira face terrifying Upper Rank demons in a desperate fight as the final battle against Muzan Kibutsuji begins.",Animation,primary_release_date.desc|popularity.desc
Animation,10,803796,KPop Demon Hunters,2025,2025-06-20,31.0228,8.018,2926,https://image.tmdb.org/t/p/w500/zT7Lhw3BhJbMkRqm9Zlx2YGMsY0.jpg,"When K-pop superstars Rumi, Mira and Zoey aren't selling out stadiums, they're using their secret powers to protect their fans from supernatural threats.",Animation,primary_release_date.desc|popularity.desc|vote_average.desc
Animation,11,1022787,Elio,2025,2025-06-18,14.8195,6.9,1014,https://image.tmdb.org/t/p/w500/7z8jDiTZZco9moIKpTUImFtTy7o.jpg,"Elio, a space fanatic with an active imagination, finds himself on a cosmic misadventure where he must form new bonds with eccentric alien lifeforms, navigate a crisis of intergalactic proportions and somehow discover who he is truly meant to be.",Animation,primary_release_date.desc|popularity.desc
Animation,12,1376434,Predator: Killer of Killers,2025,2025-06-05,6.3336,7.8,1218,https://image.tmdb.org/t/p/w500/2XDQa6EmFHSA37j1t0w88vpWqj9.jpg,"While three of the fiercest warriors in human history—a Viking raider, a ninja in feudal Japan, and a WWII pilot—are killers in their own right, they are merely prey for their new opponent: the ultimate killer of killers.",Animation,primary_release_date.desc
Animation,13,1203329,The Witcher: Sirens of the Deep,2025,2025-02-10,3.0178,6.826,276,https://image.tmdb.org/t/p/w500/y0pR5aBVvPn5uncaZjl94ZEnuEF.jpg,"When human sailors are attacked by mysterious creatures of the deep, only one person can stop the war between land and sea: the Witcher, Geralt of Rivia.",Animation,primary_release_date.desc
Animation,14,980477,Ne Zha 2,2025,2025-01-29,35.8266,8.164,728,https://image.tmdb.org/t/p/w500/cb5NyNrqiCNNoDkA8FfxHAtypdG.jpg,"After a catastrophic event leaves their bodies destroyed, Ne Zha and Ao Bing are granted a fragile second chance at life. As tensions rise between the dragon clans and celestial forces, the two must undergo a series of perilous trials that will test their bond, challenge their identities, and decide the fate of both mortals and immortals.",Animation,primary_release_date.desc|popularity.desc|vote_average.desc
Animation,15,774370,Dog Man,2025,2025-01-24,6.625,7.445,363,https://image.tmdb.org/t/p/w500/89wNiexZdvLQ41OQWIsQy4O6jAQ.jpg,"When a faithful police dog and his human police officer owner are injured together on the job, a harebrained but life-saving surgery fuses the two of them together and Dog Man is born. Dog Man is sworn to protect and serve—and fetch, sit and roll over. As Dog Man embraces his new identity and strives to impress his Chief, he must stop the pretty evil plots of feline supervillain Petey the Cat.",Animation,primary_release_date.desc
Animation,16,762509,Mufasa: The Lion King,2024,2024-12-18,17.7527,7.303,2686,https://image.tmdb.org/t/p/w500/jbOSUAWMGzGL1L4EaUF8K6zYFo7.jpg,"Mufasa, a cub lost and alone, meets a sympathetic lion named Taka, the heir to a royal bloodline. The chance meeting sets in motion an expansive journey of a group of misfits searching for their destiny.",Animation,primary_release_date.desc|popularity.desc
Animation,17,929204,Wallace & Gromit: Vengeance Most Fowl,2024,2024-12-18,4.0546,7.454,661,https://image.tmdb.org/t/p/w500/jUWFSBxTOiCinPdTOh3IDUXVemZ.jpg,"Gromit’s concern that Wallace is becoming too dependent on his inventions proves justified, when Wallace invents a “smart” gnome that seems to develop a mind of its own. When it emerges that a vengeful figure from the past might be masterminding things, it falls to Gromit to battle sinister forces and save his master… or Wallace may never be able to invent again!",Animation,primary_release_date.desc
Animation,18,839033,The Lord of the Rings: The War of the Rohirrim,2024,2024-12-05,5.9699,6.548,868,https://image.tmdb.org/t/p/w500/hE9SAMyMSUGAPsHUGdyl6irv11v.jpg,"A sudden attack by Wulf, a clever and traitorous lord of Rohan seeking vengeance for the death of his father, forces Helm Hammerhand, the King of Rohan, and his people to make a daring last stand in the ancient stronghold of the Hornburg.",Animation,primary_release_date.desc
Animation,19,645757,That Christmas,2024,2024-11-27,3.4176,7.1,434,https://image.tmdb.org/t/p/w500/uR3uhztTAxGGK7Co0yyxVy4Gc7H.jpg,It's an unforgettable Christmas for the townsfolk of Wellington-on-Sea when the worst snowstorm in history alters everyone's plans — including Santa's.,Animation,primary_release_date.desc
Animation,20,1357633,Solo Leveling -ReAwakening-,2024,2024-11-26,17.2145,7.16,272,https://image.tmdb.org/t/p/w500/dblIFen0bNZAq8icJXHwrjfymDW.jpg,"Over a decade after 'gates' connecting worlds appeared, awakening 'hunters' with superpowers, weakest hunter Sung Jinwoo encounters a double dungeon and accepts a mysterious quest, becoming the only one able to level up, changing his fate. A catch-up recap of the first season coupled with an exclusive sneak peek of the first two episodes of the highly anticipated second season in one momentous theatrical fan experience.",Animation,primary_release_date.desc|popularity.desc
Animation,21,592983,Spellbound,2024,2024-11-22,5.1963,6.585,317,https://image.tmdb.org/t/p/w500/4dSrwXJNKtMtlkwJPgZMkjjuHvD.jpg,"When a powerful spell turns her parents into giant monsters, a teenage princess must journey into the wild to reverse the curse before it's too late.",Animation,primary_release_date.desc
Animation,22,1241982,Moana 2,2024,2024-11-21,26.2834,7.008,3105,https://image.tmdb.org/t/p/w500/aLVkiINlIeCkcZIzb7XHzPYgO6L.jpg,"After receiving an unexpected call from her wayfinding ancestors, Moana journeys alongside Maui and a new crew to the far seas of Oceania and into dangerous, long-lost waters for an adventure unlike anything she's ever faced.",Animation,primary_release_date.desc|popularity.desc
Animation,23,1147416,"Miraculous World: London, at the Edge of Time",2024,2024-11-14,7.6891,7.5,309,https://image.tmdb.org/t/p/w500/6AtoMpHvs9pxd30KsyK8QmJ9W9M.jpg,"To save the future from a terrible fate, Marinette becomes Chronobug and teams up with Bunnyx to defeat a mysterious opponent who travels through time.",Animation,primary_release_date.desc
Animation,24,1064486,Memoir of a Snail,2024,2024-10-17,5.0015,8.035,780,https://image.tmdb.org/t/p/w500/woaN8CbloH0akyX0E72ayxlJAB4.jpg,"Forcibly separated from her twin brother when they are orphaned, a melancholic misfit learns how to find confidence within herself amid the clutter of misfortunes and everyday life.",Animation,primary_release_date.desc|vote_average.desc
Animation,25,1184918,The Wild Robot,2024,2024-09-12,31.891,8.3,6187,https://image.tmdb.org/t/p/w500/eG9lz41mJqsI4J6ubMtVqD26q2J.jpg,"After a shipwreck, an intelligent robot called Roz is stranded on an uninhabited island. To survive the harsh environment, Roz bonds with the island's animals and cares for an orphaned baby goose.",Animation,primary_release_date.desc|popularity.desc|vote_average.desc
Animation,26,698687,Transformers One,2024,2024-09-11,9.667,8.0,1649,https://image.tmdb.org/t/p/w500/iRCgqpdVE4wyLQvGYU3ZP7pAtUc.jpg,"The untold origin story of Optimus Prime and Megatron, better known as sworn enemies, but once were friends bonded like brothers who changed the fate of Cybertron forever.",Animation,primary_release_date.desc|vote_average.desc
Animation,27,823219,Flow,2024,2024-08-29,16.0235,8.082,2875,https://image.tmdb.org/t/p/w500/z2sG41PxfL1hnL1mHbxzSREUtOf.jpg,"A solitary cat, displaced by a great flood, finds refuge on a boat with various species and must navigate the challenges of adapting to a transformed world together.",Animation,primary_release_date.desc|popularity.desc|vote_average.desc
Animation,28,1209290,Justice League: Crisis on Infinite Earths Part Three,2024,2024-07-15,3.1193,7.2,325,https://image.tmdb.org/t/p/w500/a3q8NkM8uTh9E23VsbUOdDSbBeN.jpg,"Now fully revealed as the ultimate threat to existence, the Anti-Monitor wages an unrelenting attack on the surviving Earths that struggle for survival in a pocket universe. One by one, these worlds and all their inhabitants are vaporized! On the planets that remain, even time itself is shattered, and heroes from the past join the Justice League and their rag-tag allies against the epitome of evil. But as they make their last stand, will the sacrifice of the superheroes be enough to save us all?",Animation,primary_release_date.desc
Animation,29,1244492,Look Back,2024,2024-06-28,7.6544,8.133,577,https://image.tmdb.org/t/p/w500/4f2EcNkp1Mvp9wE5w7HKxcmACWg.jpg,"Popular, outgoing Fujino is celebrated by her classmates for her funny comics in the class newspaper. One day, her teacher asks her to share the space with Kyomoto, a truant recluse whose beautiful artwork sparks a competitive fervor in Fujino. What starts as jealousy transforms when Fujino realizes their shared passion for drawing.",Animation,primary_release_date.desc|vote_average.desc
Animation,30,519182,Despicable Me 4,2024,2024-06-20,31.0597,6.987,3226,https://image.tmdb.org/t/p/w500/wWba3TaojhK7NdycRhoQpsG0FaH.jpg,"Gru and Lucy and their girls—Margo, Edith and Agnes—welcome a new member to the Gru family, Gru Jr., who is intent on tormenting his dad. Gru also faces a new nemesis in Maxime Le Mal and his femme fatale girlfriend Valentina, forcing the family to go on the run.",Animation,primary_release_date.desc|popularity.desc
Animation,31,829402,Ultraman: Rising,2024,2024-06-14,3.2323,8.0,395,https://image.tmdb.org/t/p/w500/j886YEkIUsiImY53px5VHKD4lRa.jpg,"A star athlete reluctantly returns home to take over his father's duties as Ultraman, shielding Tokyo from giant monsters as he becomes a legendary hero.",Animation,primary_release_date.desc|vote_average.desc
Animation,32,1022789,Inside Out 2,2024,2024-06-11,27.646,7.544,6734,https://image.tmdb.org/t/p/w500/vpnVM9B6NMmQpWeZvzLvDESb2QY.jpg,"Teenager Riley's mind headquarters is undergoing a sudden demolition to make room for something entirely unexpected: new Emotions! Joy, Sadness, Anger, Fear and Disgust, who’ve long been running a successful operation by all accounts, aren’t sure how to feel when Anxiety shows up. And it looks like she’s not alone.",Animation,primary_release_date.desc|popularity.desc
Animation,33,1263421,Baki Hanma VS Kengan Ashura,2024,2024-06-05,5.7762,7.663,393,https://image.tmdb.org/t/p/w500/etbHJxil0wHvYOCmibzFLsMcl2C.jpg,"It's the ultimate showdown. The toughest fighters from ""Baki Hanma"" and ""Kengan Ashura"" clash in this unprecedented, hard-hitting martial arts crossover.",Animation,primary_release_date.desc
Animation,34,1290938,South Park: The End of Obesity,2024,2024-05-24,1.1196,7.396,260,https://image.tmdb.org/t/p/w500/zxM1AIKBP83plf2buLR0cbGfvl2.jpg,"The advent of new weight loss drugs has a huge impact on everyone in South Park. When Cartman is denied access to the life-changing medicine, the kids jump into action.",Animation,primary_release_date.desc
Animation,35,748783,The Garfield Movie,2024,2024-04-30,9.471,7.0,1445,https://image.tmdb.org/t/p/w500/xYduFGuch9OwbCOEUiamml18ZoB.jpg,"Garfield, the world-famous, Monday-hating, lasagna-loving indoor cat, is about to have a wild outdoor adventure! After an unexpected reunion with his long-lost father – scruffy street cat Vic – Garfield and his canine friend Odie are forced from their perfectly pampered life into joining Vic in a hilarious, high-stakes heist.",Animation,primary_release_date.desc
Animation,36,1209288,Justice League: Crisis on Infinite Earths Part Two,2024,2024-04-22,3.046,6.721,287,https://image.tmdb.org/t/p/w500/g8ak4QAGLZpqMs3CpnFHWWfIzJQ.jpg,"An endless army of shadow demons bent on the destruction of all reality swarms over our world and all parallel Earths! The only thing opposing them is the mightiest team of metahumans ever assembled. But not even the combined power of Superman, Batman, Wonder Woman, Green Lantern and all their fellow superheroes can slow down the onslaught of this invincible horde. What mysterious force is driving them? And how do the long-buried secrets of the Monitor and Supergirl threaten to crush our last defense?",Animation,primary_release_date.desc
Animation,37,1011985,Kung Fu Panda 4,2024,2024-03-02,20.174,7.006,3549,https://image.tmdb.org/t/p/w500/kDp1vUBnMpe8ak4rjgl3cLELqjU.jpg,"Po is gearing up to become the spiritual leader of his Valley of Peace, but also needs someone to take his place as Dragon Warrior. As such, he will train a new kung fu practitioner for the spot and will encounter a villain called the Chameleon who conjures villains from the past.",Animation,primary_release_date.desc|popularity.desc
Animation,38,1012201,HAIKYU!! The Dumpster Battle,2024,2024-02-16,5.8896,7.733,251,https://image.tmdb.org/t/p/w500/ntRU0OA4etGGiMMmH1Yw0bnaMdW.jpg,"Shoyo Hinata joins Karasuno High's volleyball club to be like his idol, a former Karasuno player known as the 'Little Giant'. But Hinata soon learns that he must team up with his middle school nemesis, Tobio Kageyama. Their clashing styles form a surprising weapon, but can their newfound teamwork defeat their rival Nekoma High in the highly anticipated 'Dumpster Battle', the long awaited ultimate showdown between two opposing underdog teams?",Animation,primary_release_date.desc
Animation,39,1147400,"Miraculous World: Paris, Tales of Shadybug and Claw Noir",2024,2024-02-11,5.1043,7.3,545,https://image.tmdb.org/t/p/w500/7Md3nuV0ZprBTnkdR3OrUCEsrSP.jpg,Ladybug and Cat Noir discover the existence of a parallel universe in which they're supervillains determined to seize the Butterfly Miraculous.,Animation,primary_release_date.desc
Animation,40,1139829,Orion and the Dark,2024,2024-02-01,3.7717,6.5,646,https://image.tmdb.org/t/p/w500/N2ddXhBX5kqwA9flbm2yqFtX6b.jpg,"A boy with an active imagination faces his fears on an unforgettable journey through the night with his new friend: a giant, smiling creature named Dark.",Animation,primary_release_date.desc
Animation,41,1155089,Justice League: Crisis on Infinite Earths Part One,2024,2024-01-08,3.2306,7.264,404,https://image.tmdb.org/t/p/w500/mcRVsjMbhFstRK9z2oGRHiIvulr.jpg,"Death is coming. Worse than death: oblivion. Not just for our Earth, but for everyone, everywhere, in every universe! Against this ultimate destruction, the mysterious Monitor has gathered the greatest team of Super Heroes ever assembled. But what can the combined might of Superman, Wonder Woman, Batman, The Flash, Green Lantern and hundreds of Super Heroes from multiple Earths even do to save all of reality from an unstoppable antimatter armageddon?!",Animation,primary_release_date.desc
Animation,42,1062807,SPY x FAMILY CODE: White,2023,2023-12-22,4.3201,7.2,650,https://image.tmdb.org/t/p/w500/xlIQf4y9eB14iYzNN142tROIWON.jpg,"While under the guise of taking his family on a weekend winter getaway, Loid's attempt to make progress on his current mission Operation Strix proves difficult when Anya mistakenly gets involved and triggers events that threaten world peace.",Animation,primary_release_date.desc
Animation,43,520758,Chicken Run: Dawn of the Nugget,2023,2023-12-08,3.897,6.933,893,https://image.tmdb.org/t/p/w500/eImY0cjbH0bll8EXSqxqEZIZcmY.jpg,A band of fearless chickens flock together to save poultry-kind from an unsettling new threat: a nearby farm that's cooking up something suspicious.,Animation,primary_release_date.desc
Animation,44,940551,Migration,2023,2023-12-06,12.5406,7.4,2254,https://image.tmdb.org/t/p/w500/ldfCF9RhR40mppkzmftxapaHeTo.jpg,"After a migrating duck family alights on their pond with thrilling tales of far-flung places, the Mallard family embarks on a family road trip, from New England, to New York City, to tropical Jamaica.",Animation,primary_release_date.desc|popularity.desc
Animation,45,838240,Robot Dreams,2023,2023-12-06,6.159,7.951,804,https://image.tmdb.org/t/p/w500/ds402Qq09ybgBcXKiQNTZfzsP5o.jpg,A lonely dog's friendship with his robot companion takes a sad turn when an unexpected malfunction forces him to abandon Robot at the beach. Will Dog ever meet Robot again?,Animation,primary_release_date.desc|vote_average.desc
Animation,46,586810,Mars Express,2023,2023-11-22,1.897,7.451,544,https://image.tmdb.org/t/p/w500/g8rUn0khoYB3G4gPPGTF1Xv9Olu.jpg,"In 2200, private detective Aline Ruby and her android partner Carlos Rivera are hired by a wealthy businessman to track down a notorious hacker. On Mars, they descend deep into the underbelly of the planet's capital city where they uncover a darker story of brain farms, political corruption, and a missing girl who holds a secret about the robots that threatens to change the face of the universe.",Animation,primary_release_date.desc
Animation,47,1075794,Leo,2023,2023-11-17,4.9213,7.353,1361,https://image.tmdb.org/t/p/w500/gSOVog7ydsaF1YpgAqBqnKYFGY.jpg,"Jaded 74-year-old reptile Leo has been stuck in the same Florida classroom for decades with his terrarium-mate turtle. When he learns he only has one year left to live, he plans to escape to experience life on the outside but instead gets caught up in the problems of his anxious students — including an impossibly mean substitute teacher.",Animation,primary_release_date.desc
Animation,48,1022796,Wish,2023,2023-11-13,7.6869,6.22,1786,https://image.tmdb.org/t/p/w500/nesuSdJakNkf0zs7OfoasB6Clxf.jpg,"Asha, a sharp-witted idealist, makes a wish so powerful that it is answered by a cosmic force – a little ball of boundless energy called Star. Together, Asha and Star confront a most formidable foe - the ruler of Rosas, King Magnifico - to save her community and prove that when the will of one courageous human connects with the magic of the stars, wondrous things can happen.",Animation,primary_release_date.desc
Animation,49,1190012,South Park: Joining the Panderverse,2023,2023-10-27,1.1944,7.525,283,https://image.tmdb.org/t/p/w500/18IsRVfs5MkkTcqTGlUAnka6sCh.jpg,"Cartman's deeply disturbing dreams portend the end of the life he knows and loves. Meanwhile, the adults in South Park are wrestling with their own life decisions, as the advent of AI is turning their world upside down.",Animation,primary_release_date.desc
Animation,50,901362,Trolls Band Together,2023,2023-10-12,6.8235,7.2,988,https://image.tmdb.org/t/p/w500/3ySgD2xwasTHOK6R9bNZiEwKgYo.jpg,"When Branch's brother, Floyd, is kidnapped for his musical talents by a pair of nefarious pop-star villains, Branch and Poppy embark on a harrowing and emotional journey to reunite the other brothers and rescue Floyd from a fate even worse than pop-culture obscurity.",Animation,primary_release_date.desc
Children's,1,1007757,Swapped,2026,2026-05-01,141.9467,8.96,1798,https://image.tmdb.org/t/p/w500/tHhxWxge06goXU6ZQH1hj7vK8Hd.jpg,"A small woodland creature and a majestic bird, two natural sworn enemies of the Valley, magically trade places and set off on an adventure of a lifetime to switch back. Their journey soon uncovers a greater threat—one that could endanger not only their species, but the entire valley they call home.",Family,primary_release_date.desc|popularity.desc|vote_average.desc
Children's,2,1301421,The Sheep Detectives,2026,2026-04-30,212.1504,7.642,316,https://image.tmdb.org/t/p/w500/6QtL9rl3Zb4d8qW6EJ4qO5hSSfU.jpg,"George Hardy is a shepherd who reads detective novels to his beloved sheep every night, assuming they can't possibly understand. But when a mysterious incident disrupts life on the farm, the sheep realize they must become the detectives. As they follow the clues and investigate human suspects, they prove that even sheep can be brilliant crime-solvers.",Family,primary_release_date.desc|popularity.desc
Children's,3,1226863,The Super Mario Galaxy Movie,2026,2026-04-01,176.8494,8.223,2827,https://image.tmdb.org/t/p/w500/eJGWx219ZcEMVQJhAgMiqo8tYY.jpg,"Having thwarted Bowser's previous plot to marry Princess Peach, Mario and Luigi now face a fresh threat in Bowser Jr., who is determined to liberate his father from captivity and restore the family legacy. Alongside companions new and old, the brothers travel across the stars to stop the young heir's crusade.",Family,primary_release_date.desc|popularity.desc|vote_average.desc
Children's,4,1327819,Hoppers,2026,2026-03-04,101.61,8.199,1727,https://image.tmdb.org/t/p/w500/xjtWQ2CL1mpmMNwuU5HeS4Iuwuu.jpg,"Scientists have discovered how to 'hop' human consciousness into lifelike robotic animals, allowing people to communicate with animals as animals. Animal lover Mabel seizes an opportunity to use the technology, uncovering mysteries within the animal world beyond anything she could have imagined.",Family,primary_release_date.desc|popularity.desc|vote_average.desc
Children's,5,1297842,GOAT,2026,2026-02-11,63.1497,8.122,842,https://image.tmdb.org/t/p/w500/wfuqMlaExcoYiUEvKfVpUTt1v4u.jpg,"A small goat with big dreams gets a once-in-a-lifetime shot to join the pros and play roarball, a high-intensity, co-ed, full-contact sport dominated by the fastest, fiercest animals in the world.",Family,primary_release_date.desc|popularity.desc|vote_average.desc
Children's,6,1472638,Buen Camino,2025,2025-12-25,4.1598,6.252,571,https://image.tmdb.org/t/p/w500/9wpeQoaIJxsqULF6OvslFW1gDCT.jpg,"Checco's life is a comfortable and luxurious one, and it couldn't be otherwise, considering he's the only son of Eugenio Zalone, a wealthy sofa manufacturer. Stranded by the pool in his luxurious villas, with an unspecified number of Filipinos serving him, a very young Mexican model as a girlfriend, and vacationing on his yacht with friends who share his passion for not wanting to work; it seems like a truly enviable life, considering he lacks nothing, absolutely nothing. Actually, no. Something is missing. It's his underage daughter, Cristal, named after the famous French sparkling wine, who has suddenly disappeared without a trace. Urgently summoned to Rome by his ex-wife, Linda, he finds himself facing the responsibilities of fatherhood for the first time, trying to find the girl—a very complicated task, considering he knows absolutely nothing about Cristal and her life.",Family,primary_release_date.desc
Children's,7,991494,The SpongeBob Movie: Search for SquarePants,2025,2025-12-16,21.9019,6.85,307,https://image.tmdb.org/t/p/w500/xJnOMMsFASxNiFnG7v3TNIQ3ife.jpg,"Desperate to be a big guy, SpongeBob sets out to prove his bravery to Mr. Krabs by following The Flying Dutchman – a mysterious swashbuckling ghost pirate – on a seafaring adventure that takes him to the deepest depths of the deep sea, where no Sponge has gone before.",Family,primary_release_date.desc|popularity.desc
Children's,8,1084242,Zootopia 2,2025,2025-11-26,72.2435,7.671,2993,https://image.tmdb.org/t/p/w500/oJ7g2CifqpStmoYQyaLQgEU32qO.jpg,"After cracking the biggest case in Zootopia's history, rookie cops Judy Hopps and Nick Wilde find themselves on the twisting trail of a great mystery when Gary De'Snake arrives and turns the animal metropolis upside down. To crack the case, Judy and Nick must go undercover to unexpected new parts of town, where their growing partnership is tested like never before.",Family,primary_release_date.desc|popularity.desc
Children's,9,1248226,Playdate,2025,2025-11-04,10.9146,6.108,612,https://image.tmdb.org/t/p/w500/fGodXWqJkkkbSebPIlxLSygV8GY.jpg,"When out-of-work accountant Brian joins stay-at-home dad Jeff for a playdate with their sons, he expects a laid-back afternoon. Instead, they're chased by mercenaries, and Brian—totally unprepared—must survive one absurd obstacle after another.",Family,primary_release_date.desc
Children's,10,1125257,Freakier Friday,2025,2025-08-06,34.1986,6.8,718,https://image.tmdb.org/t/p/w500/9wV65OmsjLAqBfDnYTkMPutXH8j.jpg,"Years after Tess and Anna endured an identity crisis, Anna now has a daughter of her own and a soon-to-be stepdaughter. As they navigate the myriad challenges that come when two families merge, Tess and Anna discover lightning might indeed strike twice.",Family,primary_release_date.desc|popularity.desc
Children's,11,1175942,The Bad Guys 2,2025,2025-07-24,15.5725,7.652,801,https://image.tmdb.org/t/p/w500/26oSPnq0ct59l07QOXZKyzsiRtN.jpg,"The now-reformed Bad Guys are trying (very, very hard) to be good, but instead find themselves hijacked into a high-stakes, globe-trotting heist, masterminded by a new team of criminals they never saw coming: The Bad Girls.",Family,primary_release_date.desc|popularity.desc
Children's,12,1022787,Elio,2025,2025-06-18,14.8195,6.9,1014,https://image.tmdb.org/t/p/w500/7z8jDiTZZco9moIKpTUImFtTy7o.jpg,"Elio, a space fanatic with an active imagination, finds himself on a cosmic misadventure where he must form new bonds with eccentric alien lifeforms, navigate a crisis of intergalactic proportions and somehow discover who he is truly meant to be.",Family,primary_release_date.desc|popularity.desc
Children's,13,1087192,How to Train Your Dragon,2025,2025-06-06,23.5747,7.932,2895,https://image.tmdb.org/t/p/w500/q5pXRYTycaeW6dEgsCrd4mYPmxM.jpg,"On the rugged isle of Berk, where Vikings and dragons have been bitter enemies for generations, Hiccup stands apart, defying centuries of tradition when he befriends Toothless, a feared Night Fury dragon. Their unlikely bond reveals the true nature of dragons, challenging the very foundations of Viking society.",Family,primary_release_date.desc|popularity.desc|vote_average.desc
Children's,14,552524,Lilo & Stitch,2025,2025-05-17,18.786,7.2,2180,https://image.tmdb.org/t/p/w500/ckQzKpQJO4ZQDCN5evdpKcfm7Ys.jpg,The wildly funny and touching story of a lonely Hawaiian girl and the fugitive alien who helps to mend her broken family.,Family,primary_release_date.desc|popularity.desc
Children's,15,896536,The Legend of Ochi,2025,2025-04-18,4.3318,6.177,317,https://image.tmdb.org/t/p/w500/qYyEelO4JfOwE0Ui5KsrCE0O8UA.jpg,"In a remote village on the island of Carpathia, a shy farm girl named Yuri is raised to fear an elusive animal species known as ochi. But when Yuri discovers a wounded baby ochi has been left behind, she escapes on a quest to bring him home.",Family,primary_release_date.desc
Children's,16,950387,A Minecraft Movie,2025,2025-03-31,28.5553,6.26,3052,https://image.tmdb.org/t/p/w500/yFHHfHcUgGAxziP1C3lLt0q2T4s.jpg,"Four misfits find themselves struggling with ordinary problems when they are suddenly pulled through a mysterious portal into the Overworld: a bizarre, cubic wonderland that thrives on imagination. To get back home, they'll have to master this world while embarking on a magical quest with an unexpected, expert crafter, Steve.",Family,primary_release_date.desc|popularity.desc
Children's,17,774370,Dog Man,2025,2025-01-24,6.625,7.445,363,https://image.tmdb.org/t/p/w500/89wNiexZdvLQ41OQWIsQy4O6jAQ.jpg,"When a faithful police dog and his human police officer owner are injured together on the job, a harebrained but life-saving surgery fuses the two of them together and Dog Man is born. Dog Man is sworn to protect and serve—and fetch, sit and roll over. As Dog Man embraces his new identity and strives to impress his Chief, he must stop the pretty evil plots of feline supervillain Petey the Cat.",Family,primary_release_date.desc
Children's,18,926670,Henry Danger: The Movie,2025,2025-01-17,4.3641,7.625,263,https://image.tmdb.org/t/p/w500/dFWj2rOGsqSIX1PHFghbCBgpMnk.jpg,"Henry Hart meets a superfan—eager to fight crime with Kid Danger—who comes into possession of a device that can open up alternate realities. Facing a wild ride, Henry will need his best friend Jasper and his new superfan sidekick to find his way out or be stuck in another dimension forever.",Family,primary_release_date.desc
Children's,19,939243,Sonic the Hedgehog 3,2024,2024-12-19,23.8662,7.614,3316,https://image.tmdb.org/t/p/w500/d8Ryb8AunYAuycVKDp5HpdWPKgC.jpg,"Sonic, Knuckles, and Tails reunite against a powerful new adversary, Shadow, a mysterious villain with powers unlike anything they have faced before. With their abilities outmatched in every way, Team Sonic must seek out an unlikely alliance in hopes of stopping Shadow and protecting the planet.",Family,primary_release_date.desc|popularity.desc
Children's,20,762509,Mufasa: The Lion King,2024,2024-12-18,17.7527,7.303,2686,https://image.tmdb.org/t/p/w500/jbOSUAWMGzGL1L4EaUF8K6zYFo7.jpg,"Mufasa, a cub lost and alone, meets a sympathetic lion named Taka, the heir to a royal bloodline. The chance meeting sets in motion an expansive journey of a group of misfits searching for their destiny.",Family,primary_release_date.desc|popularity.desc
Children's,21,929204,Wallace & Gromit: Vengeance Most Fowl,2024,2024-12-18,4.0546,7.454,661,https://image.tmdb.org/t/p/w500/jUWFSBxTOiCinPdTOh3IDUXVemZ.jpg,"Gromit’s concern that Wallace is becoming too dependent on his inventions proves justified, when Wallace invents a “smart” gnome that seems to develop a mind of its own. When it emerges that a vengeful figure from the past might be masterminding things, it falls to Gromit to battle sinister forces and save his master… or Wallace may never be able to invent again!",Family,primary_release_date.desc
Children's,22,645757,That Christmas,2024,2024-11-27,3.4176,7.1,434,https://image.tmdb.org/t/p/w500/uR3uhztTAxGGK7Co0yyxVy4Gc7H.jpg,It's an unforgettable Christmas for the townsfolk of Wellington-on-Sea when the worst snowstorm in history alters everyone's plans — including Santa's.,Family,primary_release_date.desc
Children's,23,592983,Spellbound,2024,2024-11-22,5.1963,6.585,317,https://image.tmdb.org/t/p/w500/4dSrwXJNKtMtlkwJPgZMkjjuHvD.jpg,"When a powerful spell turns her parents into giant monsters, a teenage princess must journey into the wild to reverse the curse before it's too late.",Family,primary_release_date.desc
Children's,24,1241982,Moana 2,2024,2024-11-21,26.2834,7.008,3105,https://image.tmdb.org/t/p/w500/aLVkiINlIeCkcZIzb7XHzPYgO6L.jpg,"After receiving an unexpected call from her wayfinding ancestors, Moana journeys alongside Maui and a new crew to the far seas of Oceania and into dangerous, long-lost waters for an adventure unlike anything she's ever faced.",Family,primary_release_date.desc|popularity.desc
Children's,25,1147416,"Miraculous World: London, at the Edge of Time",2024,2024-11-14,7.6891,7.5,309,https://image.tmdb.org/t/p/w500/6AtoMpHvs9pxd30KsyK8QmJ9W9M.jpg,"To save the future from a terrible fate, Marinette becomes Chronobug and teams up with Bunnyx to defeat a mysterious opponent who travels through time.",Family,primary_release_date.desc
Children's,26,516729,Paddington in Peru,2024,2024-11-08,6.7607,6.813,697,https://image.tmdb.org/t/p/w500/1ffZAucqfvQu36x1C49XfOdjuOG.jpg,"Paddington travels to Peru to visit his beloved Aunt Lucy, who now resides at the Home for Retired Bears. With the Brown Family in tow, a thrilling adventure ensues when a mystery plunges them into an unexpected journey through the Amazon rainforest and up to the mountain peaks of Peru.",Family,primary_release_date.desc
Children's,27,1184918,The Wild Robot,2024,2024-09-12,31.891,8.3,6187,https://image.tmdb.org/t/p/w500/eG9lz41mJqsI4J6ubMtVqD26q2J.jpg,"After a shipwreck, an intelligent robot called Roz is stranded on an uninhabited island. To survive the harsh environment, Roz bonds with the island's animals and cares for an orphaned baby goose.",Family,primary_release_date.desc|popularity.desc|vote_average.desc
Children's,28,698687,Transformers One,2024,2024-09-11,9.667,8.0,1649,https://image.tmdb.org/t/p/w500/iRCgqpdVE4wyLQvGYU3ZP7pAtUc.jpg,"The untold origin story of Optimus Prime and Megatron, better known as sworn enemies, but once were friends bonded like brothers who changed the fate of Cybertron forever.",Family,primary_release_date.desc|vote_average.desc
Children's,29,823219,Flow,2024,2024-08-29,16.0235,8.082,2875,https://image.tmdb.org/t/p/w500/z2sG41PxfL1hnL1mHbxzSREUtOf.jpg,"A solitary cat, displaced by a great flood, finds refuge on a boat with various species and must navigate the challenges of adapting to a transformed world together.",Family,primary_release_date.desc|popularity.desc|vote_average.desc
Children's,30,1186532,The Forge,2024,2024-08-22,4.4535,8.18,341,https://image.tmdb.org/t/p/w500/oranxontIQRmhuyQlkoAwxpeBYz.jpg,"19 year old Isaiah Wright lives for basketball and video games. A year out of high school, he has no job, no plans, and no idea how to be a man. At odds with his single mother Cynthia, Isaiah is given an ultimatum – to step up or move out. Feeling the pull from his friends and the push from his mom, Isaiah is hired by Moore Fitness, unaware of how the owner will personally impact his life. With the prayers of his mother and unexpected guidance from his new mentor, Isaiah is forced to deal with his past, sacrifice his selfishness and discover how God might have a greater purpose for his life.",Family,primary_release_date.desc|vote_average.desc
Children's,31,826510,Harold and the Purple Crayon,2024,2024-07-31,2.9289,6.626,364,https://image.tmdb.org/t/p/w500/qtW6bWUEqfPLaD6KnetIlSG4adf.jpg,"Inside of his book, adventurous Harold can make anything come to life simply by drawing it. After he grows up and draws himself off the book's pages and into the physical world, Harold finds he has a lot to learn about real life.",Family,primary_release_date.desc
Children's,32,1048241,My Spy The Eternal City,2024,2024-07-18,3.6066,6.531,470,https://image.tmdb.org/t/p/w500/fRBfkzSrcyrnUfVgpEtTurEEiac.jpg,"JJ, a veteran CIA agent, reunites with his protégé Sophie, in order to prevent a catastrophic nuclear plot targeting the Vatican.",Family,primary_release_date.desc
Children's,33,974262,Descendants: The Rise of Red,2024,2024-07-11,8.475,6.741,483,https://image.tmdb.org/t/p/w500/8fYluTtB3b3HKO7KQa5tzrvGaps.jpg,"After the Queen of Hearts incites a coup on Auradon, her rebellious daughter Red and Cinderella's perfectionist daughter Chloe join forces and travel back in time to try to undo the traumatic event that set Red's mother down her villainous path.",Family,primary_release_date.desc
Children's,34,519182,Despicable Me 4,2024,2024-06-20,31.0597,6.987,3226,https://image.tmdb.org/t/p/w500/wWba3TaojhK7NdycRhoQpsG0FaH.jpg,"Gru and Lucy and their girls—Margo, Edith and Agnes—welcome a new member to the Gru family, Gru Jr., who is intent on tormenting his dad. Gru also faces a new nemesis in Maxime Le Mal and his femme fatale girlfriend Valentina, forcing the family to go on the run.",Family,primary_release_date.desc|popularity.desc
Children's,35,829402,Ultraman: Rising,2024,2024-06-14,3.2323,8.0,395,https://image.tmdb.org/t/p/w500/j886YEkIUsiImY53px5VHKD4lRa.jpg,"A star athlete reluctantly returns home to take over his father's duties as Ultraman, shielding Tokyo from giant monsters as he becomes a legendary hero.",Family,primary_release_date.desc|vote_average.desc
Children's,36,1022789,Inside Out 2,2024,2024-06-11,27.646,7.544,6734,https://image.tmdb.org/t/p/w500/vpnVM9B6NMmQpWeZvzLvDESb2QY.jpg,"Teenager Riley's mind headquarters is undergoing a sudden demolition to make room for something entirely unexpected: new Emotions! Joy, Sadness, Anger, Fear and Disgust, who’ve long been running a successful operation by all accounts, aren’t sure how to feel when Anxiety shows up. And it looks like she’s not alone.",Family,primary_release_date.desc|popularity.desc
Children's,37,639720,IF,2024,2024-05-08,7.1028,7.0,1620,https://image.tmdb.org/t/p/w500/xbKFv4KF3sVYuWKllLlwWDmuZP7.jpg,"After discovering she can see everyone's imaginary friends, a girl embarks on a magical adventure to reconnect forgotten imaginary friends with their kids.",Family,primary_release_date.desc
Children's,38,748783,The Garfield Movie,2024,2024-04-30,9.471,7.0,1445,https://image.tmdb.org/t/p/w500/xYduFGuch9OwbCOEUiamml18ZoB.jpg,"Garfield, the world-famous, Monday-hating, lasagna-loving indoor cat, is about to have a wild outdoor adventure! After an unexpected reunion with his long-lost father – scruffy street cat Vic – Garfield and his canine friend Odie are forced from their perfectly pampered life into joining Vic in a hilarious, high-stakes heist.",Family,primary_release_date.desc
Children's,39,1152014,A Little Something Extra,2024,2024-04-18,0.9465,7.105,855,https://image.tmdb.org/t/p/w500/hhL8QC7O6fFfwgV6pDf1WSOxGcY.jpg,"To escape the police, a father and his son are forced to find refuge in a summer camp for young adults with mental disabilities, taking on the role of an educator and a boarder. The beginning of troubles and a wonderful human experience that will change them forever.",Family,primary_release_date.desc
Children's,40,1094556,The Thundermans Return,2024,2024-03-07,2.5537,7.0,303,https://image.tmdb.org/t/p/w500/2J5eeroLDY0d45mVjpuGhcLZs3W.jpg,"Twins Phoebe and Max are enjoying their superhero lifestyle, but when one 'save' goes awry, the Thundermans are sent back to Hiddenville. While Hank and Barb enjoy their return, and Billy and Nora look forward to a normal high school life, Max and Phoebe are determined to regain their superhero status.",Family,primary_release_date.desc
Children's,41,1011985,Kung Fu Panda 4,2024,2024-03-02,20.174,7.006,3549,https://image.tmdb.org/t/p/w500/kDp1vUBnMpe8ak4rjgl3cLELqjU.jpg,"Po is gearing up to become the spiritual leader of his Valley of Peace, but also needs someone to take his place as Dragon Warrior. As such, he will train a new kung fu practitioner for the spot and will encounter a villain called the Chameleon who conjures villains from the past.",Family,primary_release_date.desc|popularity.desc
Children's,42,1147400,"Miraculous World: Paris, Tales of Shadybug and Claw Noir",2024,2024-02-11,5.1043,7.3,545,https://image.tmdb.org/t/p/w500/7Md3nuV0ZprBTnkdR3OrUCEsrSP.jpg,Ladybug and Cat Noir discover the existence of a parallel universe in which they're supervillains determined to seize the Butterfly Miraculous.,Family,primary_release_date.desc
Children's,43,1139829,Orion and the Dark,2024,2024-02-01,3.7717,6.5,646,https://image.tmdb.org/t/p/w500/N2ddXhBX5kqwA9flbm2yqFtX6b.jpg,"A boy with an active imagination faces his fears on an unforgettable journey through the night with his new friend: a giant, smiling creature named Dark.",Family,primary_release_date.desc
Children's,44,520758,Chicken Run: Dawn of the Nugget,2023,2023-12-08,3.897,6.933,893,https://image.tmdb.org/t/p/w500/eImY0cjbH0bll8EXSqxqEZIZcmY.jpg,A band of fearless chickens flock together to save poultry-kind from an unsettling new threat: a nearby farm that's cooking up something suspicious.,Family,primary_release_date.desc
Children's,45,940551,Migration,2023,2023-12-06,12.5406,7.4,2254,https://image.tmdb.org/t/p/w500/ldfCF9RhR40mppkzmftxapaHeTo.jpg,"After a migrating duck family alights on their pond with thrilling tales of far-flung places, the Mallard family embarks on a family road trip, from New England, to New York City, to tropical Jamaica.",Family,primary_release_date.desc|popularity.desc
Children's,46,787699,Wonka,2023,2023-12-06,8.2133,7.037,4412,https://image.tmdb.org/t/p/w500/qhb1qOilapbapxWQn9jtRCMwXJF.jpg,"Willy Wonka – chock-full of ideas and determined to change the world one delectable bite at a time – is proof that the best things in life begin with a dream, and if you’re lucky enough to meet Willy Wonka, anything is possible.",Family,primary_release_date.desc
Children's,47,798021,Family Switch,2023,2023-11-30,3.4058,6.376,795,https://image.tmdb.org/t/p/w500/g8Gwitm4CtZBSYhLeSY4Z3Xwwcg.jpg,"When the Walker family members switch bodies with each other during a rare planetary alignment, their hilarious journey to find their way back to normal will bring them closer together than they ever thought possible.",Family,primary_release_date.desc
Children's,48,1075794,Leo,2023,2023-11-17,4.9213,7.353,1361,https://image.tmdb.org/t/p/w500/gSOVog7ydsaF1YpgAqBqnKYFGY.jpg,"Jaded 74-year-old reptile Leo has been stuck in the same Florida classroom for decades with his terrarium-mate turtle. When he learns he only has one year left to live, he plans to escape to experience life on the outside but instead gets caught up in the problems of his anxious students — including an impossibly mean substitute teacher.",Family,primary_release_date.desc
Children's,49,1022796,Wish,2023,2023-11-13,7.6869,6.22,1786,https://image.tmdb.org/t/p/w500/nesuSdJakNkf0zs7OfoasB6Clxf.jpg,"Asha, a sharp-witted idealist, makes a wish so powerful that it is answered by a cosmic force – a little ball of boundless energy called Star. Together, Asha and Star confront a most formidable foe - the ruler of Rosas, King Magnifico - to save her community and prove that when the will of one courageous human connects with the magic of the stars, wondrous things can happen.",Family,primary_release_date.desc
Children's,50,901362,Trolls Band Together,2023,2023-10-12,6.8235,7.2,988,https://image.tmdb.org/t/p/w500/3ySgD2xwasTHOK6R9bNZiEwKgYo.jpg,"When Branch's brother, Floyd, is kidnapped for his musical talents by a pair of nefarious pop-star villains, Branch and Poppy embark on a harrowing and emotional journey to reunite the other brothers and rescue Floyd from a fate even worse than pop-culture obscurity.",Family,primary_release_date.desc
Comedy,1,1368881,Ladies First,2026,2026-05-21,12.3924,6.01,362,https://image.tmdb.org/t/p/w500/kjR56Yv17pbjTVBTMjqepvcus4f.jpg,"An arrogant but charismatic ladies' man finds his life of money, power and casual flings upended when he wakes up in a parallel world dominated by women.",Comedy,primary_release_date.desc|popularity.desc
Comedy,2,1301421,The Sheep Detectives,2026,2026-04-30,212.1504,7.642,316,https://image.tmdb.org/t/p/w500/6QtL9rl3Zb4d8qW6EJ4qO5hSSfU.jpg,"George Hardy is a shepherd who reads detective novels to his beloved sheep every night, assuming they can't possibly understand. But when a mysterious incident disrupts life on the farm, the sheep realize they must become the detectives. As they follow the clues and investigate human suspects, they prove that even sheep can be brilliant crime-solvers.",Comedy,primary_release_date.desc|popularity.desc
Comedy,3,1314481,The Devil Wears Prada 2,2026,2026-04-29,34.1099,6.5,837,https://image.tmdb.org/t/p/w500/xTI42pmsP5EDnvsNJPEDubwWBQO.jpg,"Andy Sachs returns to Runway as Miranda Priestly navigates a new media landscape and Runway's position within. The duo reconnect with former assistant Emily Charlton, now the head of a luxury brand that possesses funding which could ensure Runway's survival.",Comedy,primary_release_date.desc|popularity.desc
Comedy,4,1226863,The Super Mario Galaxy Movie,2026,2026-04-01,176.8494,8.223,2827,https://image.tmdb.org/t/p/w500/eJGWx219ZcEMVQJhAgMiqo8tYY.jpg,"Having thwarted Bowser's previous plot to marry Princess Peach, Mario and Luigi now face a fresh threat in Bowser Jr., who is determined to liberate his father from captivity and restore the family legacy. Alongside companions new and old, the brothers travel across the stars to stop the young heir's crusade.",Comedy,primary_release_date.desc|popularity.desc|vote_average.desc
Comedy,5,1325734,The Drama,2026,2026-04-01,36.8087,6.971,1086,https://image.tmdb.org/t/p/w500/qhGCY6DIemLoCi7x1GuEt98m4JF.jpg,A happily engaged couple is put to the test when an unexpected turn sends their wedding week off the rails.,Comedy,primary_release_date.desc|popularity.desc
Comedy,6,1292695,They Will Kill You,2026,2026-03-25,32.7297,7.013,824,https://image.tmdb.org/t/p/w500/nSXCFSvI2p5WLgMrOHACbVnEJSR.jpg,"A woman answers a help wanted ad to be a housekeeper in a mysterious New York City high-rise, unaware that she is entering a community that has seen a number of disappearances over the years and may be under the grip of a Satanic cult.",Comedy,primary_release_date.desc|popularity.desc
Comedy,7,1266127,Ready or Not: Here I Come,2026,2026-03-19,29.8413,7.703,1107,https://image.tmdb.org/t/p/w500/13ZcJzSGEqVgDSqsS9U5EkQwPkV.jpg,"Moments after surviving an all-out attack from the Le Domas family, Grace discovers she’s reached the next level of the nightmarish game — and this time with her estranged sister Faith at her side. Grace has one chance to survive, keep her sister alive, and claim the High Seat of the Council that controls the world. Four rival families are hunting her for the throne, and whoever wins rules it all.",Comedy,primary_release_date.desc|popularity.desc
Comedy,8,1390300,Over Your Dead Body,2026,2026-03-14,44.6143,6.561,337,https://image.tmdb.org/t/p/w500/kZCauMzAt9eMAhLMopCqnFw1Q5k.jpg,"A dysfunctional couple head to a remote cabin to ""reconnect"", but each has secret intentions to kill the other.",Comedy,primary_release_date.desc|popularity.desc
Comedy,9,1115544,Mike & Nick & Nick & Alice,2026,2026-03-14,15.4241,6.694,373,https://image.tmdb.org/t/p/w500/7F0jc75HrSkLVcvOXR2FXAIwuEv.jpg,"Two gangsters and the woman they love try to survive the most dangerous night of their lives. As if that wasn’t enough, there’s one wild ingredient added to the mix: a time machine.",Comedy,primary_release_date.desc|popularity.desc
Comedy,10,1632181,Accidental Partners,2026,2026-03-12,15.7134,9.028,281,https://image.tmdb.org/t/p/w500/sr1Yoj6XLPTWYcbDoBy67xivW4I.jpg,Two women discover they were both scammed by the same man (who also got them pregnant). They form an alliance to take revenge.,Comedy,primary_release_date.desc|popularity.desc|vote_average.desc
Comedy,11,1327819,Hoppers,2026,2026-03-04,101.61,8.199,1727,https://image.tmdb.org/t/p/w500/xjtWQ2CL1mpmMNwuU5HeS4Iuwuu.jpg,"Scientists have discovered how to 'hop' human consciousness into lifelike robotic animals, allowing people to communicate with animals as animals. Animal lover Mabel seizes an opportunity to use the technology, uncovering mysteries within the animal world beyond anything she could have imagined.",Comedy,primary_release_date.desc|popularity.desc|vote_average.desc
Comedy,12,467905,How to Make a Killing,2026,2026-02-16,17.0168,6.994,489,https://image.tmdb.org/t/p/w500/kw7x5mSmHhoeeqwXLwXTBsofD1N.jpg,"Disowned at birth by his obscenely wealthy family, blue-collar Becket Redfellow will stop at nothing to reclaim his inheritance, no matter how many relatives stand in his way.",Comedy,primary_release_date.desc|popularity.desc
Comedy,13,1119449,"Good Luck, Have Fun, Don't Die",2026,2026-02-13,22.7131,7.038,615,https://image.tmdb.org/t/p/w500/rWcfOdY7TU6lTdazWj0ebDZnAfO.jpg,A 'Man from the Future' arrives at an LA diner where he must recruit the precise combination of disgruntled patrons to join him on a one-night quest to save the world from the terminal threat of a rogue artificial intelligence.,Comedy,primary_release_date.desc|popularity.desc
Comedy,14,1297842,GOAT,2026,2026-02-11,63.1497,8.122,842,https://image.tmdb.org/t/p/w500/wfuqMlaExcoYiUEvKfVpUTt1v4u.jpg,"A small goat with big dreams gets a once-in-a-lifetime shot to join the pros and play roarball, a high-intensity, co-ed, full-contact sport dominated by the fastest, fiercest animals in the world.",Comedy,primary_release_date.desc|popularity.desc|vote_average.desc
Comedy,15,1168190,The Wrecking Crew,2026,2026-01-28,29.7056,7.029,1089,https://image.tmdb.org/t/p/w500/gbVwHl4YPSq6BcC92TQpe7qUTh6.jpg,"Estranged half-brothers Jonny and James reunite after their father's mysterious death. As they search for the truth, buried secrets reveal a conspiracy threatening to tear their family apart.",Comedy,primary_release_date.desc|popularity.desc
Comedy,16,1198994,Send Help,2026,2026-01-22,37.8821,7.04,1830,https://image.tmdb.org/t/p/w500/zbJWVHOtj3ljBzWgL1P8pxP03Up.jpg,"Two colleagues become stranded on a deserted island, the only survivors of a plane crash. On the island, they must overcome past grievances and work together to survive, but ultimately, it's a battle of wills and wits to make it out alive.",Comedy,primary_release_date.desc|popularity.desc
Comedy,17,696393,Cold Storage,2026,2026-01-22,10.255,6.778,533,https://image.tmdb.org/t/p/w500/3HA2iiq982e01EKXJvPFyfMADVM.jpg,"When a mutating, highly contagious fungus escapes a sealed facility, two employees – joined by a grizzled bioterror operative – must survive the wildest night shift ever to save humanity from extinction.",Comedy,primary_release_date.desc
Comedy,18,1034716,People We Meet on Vacation,2026,2026-01-06,6.045,6.945,617,https://image.tmdb.org/t/p/w500/peG6482ALJQ9Tbvv2P38BquVk0f.jpg,"Poppy's a free spirit. Alex loves a plan. After years of summer vacations, these polar-opposite pals wonder if they could be a perfect romantic match.",Comedy,primary_release_date.desc
Comedy,19,1472638,Buen Camino,2025,2025-12-25,4.1598,6.252,571,https://image.tmdb.org/t/p/w500/9wpeQoaIJxsqULF6OvslFW1gDCT.jpg,"Checco's life is a comfortable and luxurious one, and it couldn't be otherwise, considering he's the only son of Eugenio Zalone, a wealthy sofa manufacturer. Stranded by the pool in his luxurious villas, with an unspecified number of Filipinos serving him, a very young Mexican model as a girlfriend, and vacationing on his yacht with friends who share his passion for not wanting to work; it seems like a truly enviable life, considering he lacks nothing, absolutely nothing. Actually, no. Something is missing. It's his underage daughter, Cristal, named after the famous French sparkling wine, who has suddenly disappeared without a trace. Urgently summoned to Rome by his ex-wife, Linda, he finds himself facing the responsibilities of fatherhood for the first time, trying to find the girl—a very complicated task, considering he knows absolutely nothing about Cristal and her life.",Comedy,primary_release_date.desc
Comedy,20,991494,The SpongeBob Movie: Search for SquarePants,2025,2025-12-16,21.9019,6.85,307,https://image.tmdb.org/t/p/w500/xJnOMMsFASxNiFnG7v3TNIQ3ife.jpg,"Desperate to be a big guy, SpongeBob sets out to prove his bravery to Mr. Krabs by following The Flying Dutchman – a mysterious swashbuckling ghost pirate – on a seafaring adventure that takes him to the deepest depths of the deep sea, where no Sponge has gone before.",Comedy,primary_release_date.desc|popularity.desc
Comedy,21,1159206,Father Mother Sister Brother,2025,2025-12-01,4.1791,6.403,295,https://image.tmdb.org/t/p/w500/96O3Ol3f2veMxAxYqsML8rOumB9.jpg,"Estranged siblings reunite after years apart, forced to confront unresolved tensions and reevaluate their strained relationships with their emotionally distant parents.",Comedy,primary_release_date.desc
Comedy,22,1084242,Zootopia 2,2025,2025-11-26,72.2435,7.671,2993,https://image.tmdb.org/t/p/w500/oJ7g2CifqpStmoYQyaLQgEU32qO.jpg,"After cracking the biggest case in Zootopia's history, rookie cops Judy Hopps and Nick Wilde find themselves on the twisting trail of a great mystery when Gary De'Snake arrives and turns the animal metropolis upside down. To crack the case, Judy and Nick must go undercover to unexpected new parts of town, where their growing partnership is tested like never before.",Comedy,primary_release_date.desc|popularity.desc
Comedy,23,812583,Wake Up Dead Man: A Knives Out Mystery,2025,2025-11-26,10.4972,7.206,2565,https://image.tmdb.org/t/p/w500/qCOGGi8JBVEZMc3DVby8rUivyXz.jpg,"When young priest Jud Duplenticy is sent to assist charismatic firebrand Monsignor Jefferson Wicks, it’s clear that all is not well in the pews. After a sudden and seemingly impossible murder rocks the town, the lack of an obvious suspect prompts local police chief Geraldine Scott to join forces with renowned detective Benoit Blanc to unravel a mystery that defies all logic.",Comedy,primary_release_date.desc
Comedy,24,1218762,Jingle Bell Heist,2025,2025-11-25,1.0475,6.025,256,https://image.tmdb.org/t/p/w500/rVOQF2Ucekug1B80A9crVx7Jn90.jpg,Two down-on-their-luck hourly workers team up to rob a posh London department store on Christmas Eve. Will they steal each other's hearts along the way?,Comedy,primary_release_date.desc
Comedy,25,1208348,Rental Family,2025,2025-11-20,5.2382,7.7,865,https://image.tmdb.org/t/p/w500/A5lswNlytTUrnMWsuD0NFfhZlf3.jpg,"An American actor in Tokyo struggles to find purpose until he lands an unusual gig: working for a Japanese 'rental family' agency, playing stand-in roles for strangers. As he immerses himself in his clients' worlds, he begins to form genuine bonds that blur the lines between performance and reality.",Comedy,primary_release_date.desc
Comedy,26,1069905,Jay Kelly,2025,2025-11-14,3.7226,6.177,426,https://image.tmdb.org/t/p/w500/lEXYpY9X17pGC7xYYy17Guv0L3J.jpg,"Famous movie actor Jay Kelly embarks on a journey of self-discovery, confronting both his past and present, accompanied by his devoted manager, Ron.",Comedy,primary_release_date.desc
Comedy,27,1363123,The Family Plan 2,2025,2025-11-11,9.031,6.534,594,https://image.tmdb.org/t/p/w500/semFxuYx6HcrkZzslgAkBqfJvZk.jpg,"Now that Dan's assassin days are behind him, all he wants for Christmas is quality time with his kids. But when he learns his daughter has her own plans, he books a family trip to London—putting them all in the crosshairs of an unexpected enemy.",Comedy,primary_release_date.desc
Comedy,28,1259102,Eternity,2025,2025-11-10,7.1192,7.1,703,https://image.tmdb.org/t/p/w500/yiwGcjfDKXD5PqQnyKUU9kspWQQ.jpg,"In an afterlife where souls have one week to decide where to spend eternity, Joan is faced with the impossible choice between the man she spent her life with and her first love, who died young and has waited decades for her to arrive.",Comedy,primary_release_date.desc
Comedy,29,1248226,Playdate,2025,2025-11-04,10.9146,6.108,612,https://image.tmdb.org/t/p/w500/fGodXWqJkkkbSebPIlxLSygV8GY.jpg,"When out-of-work accountant Brian joins stay-at-home dad Jeff for a playdate with their sons, he expects a laid-back afternoon. Instead, they're chased by mercenaries, and Brian—totally unprepared—must survive one absurd obstacle after another.",Comedy,primary_release_date.desc
Comedy,30,701387,Bugonia,2025,2025-10-23,9.6388,7.315,2017,https://image.tmdb.org/t/p/w500/oxgsAQDAAxA92mFGYCZllgWkH9J.jpg,"Two conspiracy obsessed young men kidnap the high-powered CEO of a major company, convinced that she is an alien intent on destroying planet Earth.",Comedy,primary_release_date.desc
Comedy,31,1299655,Blue Moon,2025,2025-10-17,5.5995,6.631,286,https://image.tmdb.org/t/p/w500/dVU7SNc6dgStTVdtbPLQncWxsyZ.jpg,"On the evening of March 31, 1943, legendary lyricist Lorenz Hart confronts his shattered self-confidence in Sardi’s bar as his former collaborator, Richard Rodgers, celebrates the opening night of his ground-breaking hit musical, “Oklahoma!”",Comedy,primary_release_date.desc
Comedy,32,1114967,Good Fortune,2025,2025-10-14,3.6131,6.903,659,https://image.tmdb.org/t/p/w500/rywxUbd4zvHiRP7nOHeDzuQSLIZ.jpg,A well-meaning but rather inept angel named Gabriel meddles in the lives of a struggling gig worker and a wealthy capitalist.,Comedy,primary_release_date.desc
Comedy,33,1277988,Caramelo,2025,2025-10-07,2.1804,7.749,281,https://image.tmdb.org/t/p/w500/c4ZEAah5a01cu27w7vT2IAoFogk.jpg,"After a life-changing diagnosis, a promising chef finds hope and humor with the help of a fur-midable dog friend.",Comedy,primary_release_date.desc
Comedy,34,1242419,Roofman,2025,2025-10-06,7.3243,7.085,842,https://image.tmdb.org/t/p/w500/wXDFtcnYtevleGzCmAD2ReQnJ4l.jpg,"A former Army Ranger and struggling father turns to robbing McDonald’s restaurants by cutting holes in their roofs, earning him the nickname ""Roofman."" After escaping prison, he secretly lives inside a Toys “R” Us for six months, surviving undetected while planning his next move. But when he falls for a divorced mom drawn to his undeniable charm, his double life begins to unravel, setting off a compelling and suspenseful game of cat and mouse as his past closes in.",Comedy,primary_release_date.desc
Comedy,35,639988,No Other Choice,2025,2025-09-24,8.6926,7.5,1115,https://image.tmdb.org/t/p/w500/vc2S0dvgpsM0XfSiXZDMVkRCSSU.jpg,"After being laid off and humiliated by a ruthless job market, a veteran paper mill manager descends into violence in a desperate bid to reclaim his dignity.",Comedy,primary_release_date.desc
Comedy,36,1054867,One Battle After Another,2025,2025-09-23,16.1172,7.35,3828,https://image.tmdb.org/t/p/w500/lbBWwxBht4JFP5PsuJ5onpMqugW.jpg,"Washed-up revolutionary Bob exists in a state of stoned paranoia, surviving off-grid with his spirited, self-reliant daughter, Willa. When his evil nemesis resurfaces after 16 years and she goes missing, the former radical scrambles to find her, father and daughter both battling the consequences of his past.",Comedy,primary_release_date.desc|popularity.desc
Comedy,37,1161617,Code 3,2025,2025-09-12,4.8628,7.086,285,https://image.tmdb.org/t/p/w500/gIAYMDb5mIAeCAj76q1sRsKjkzo.jpg,A burned-out paramedic tries to survive his last 24 hours on the job while training a new recruit.,Comedy,primary_release_date.desc
Comedy,38,1321439,The Wrong Paris,2025,2025-09-11,2.0575,6.7,314,https://image.tmdb.org/t/p/w500/A0KRoR842OgNByCfw9iFHbWoeR9.jpg,"Dawn thinks she's joining a dating show in Paris, France, only to land in Paris, Texas. She has an exit plan — until sparks fly with the cowboy bachelor.",Comedy,primary_release_date.desc
Comedy,39,1267905,The Roses,2025,2025-08-27,4.1232,6.67,700,https://image.tmdb.org/t/p/w500/99O8HLHklXGzvF2TqiRqr7WddzT.jpg,"Life seems easy for picture-perfect couple Ivy and Theo: successful careers, a loving marriage, great kids. But beneath the façade of their supposed ideal life, a storm is brewing – as Theo's career nosedives while Ivy's own ambitions take off, a tinderbox of fierce competition and hidden resentment ignites.",Comedy,primary_release_date.desc
Comedy,40,1245993,Caught Stealing,2025,2025-08-26,4.3868,6.863,1001,https://image.tmdb.org/t/p/w500/cvda8s5J8YaHjTyEyXQpvD6f3iV.jpg,"Burned-out ex-baseball player Hank Thompson unexpectedly finds himself embroiled in a dangerous struggle for survival amidst the criminal underbelly of late 1990s New York City, forced to navigate a treacherous underworld he never imagined.",Comedy,primary_release_date.desc
Comedy,41,744653,The Thursday Murder Club,2025,2025-08-22,4.2463,6.591,1032,https://image.tmdb.org/t/p/w500/jbnazCHr8S2l2glyvjPTpa4NbEw.jpg,A group of senior sleuths passionate about solving cold cases get plunged into a real-life murder mystery in this comic crime caper.,Comedy,primary_release_date.desc
Comedy,42,1151334,Eenie Meanie,2025,2025-08-21,4.1202,6.319,329,https://image.tmdb.org/t/p/w500/12Va3oO3oYUdOd75zM57Nx1976a.jpg,A former teenage getaway driver gets dragged back into her unsavory past when a former employer offers her a chance to save the life of her chronically unreliable ex-boyfriend.,Comedy,primary_release_date.desc
Comedy,43,507244,Afterburn,2025,2025-08-20,5.5428,6.265,307,https://image.tmdb.org/t/p/w500/fSXZFZVfJmC2v0TkW711QD5o76N.jpg,"Set against the backdrop of a postapocalyptic Earth whose Eastern Hemisphere was destroyed by a massive solar flare, leaving what life remains mutated from radiation and fallout. The story revolves around a group of treasure hunters who extract such objects as the Mona Lisa, the Rosetta Stone and the Crown Jewels while facing rival hunters, mutants and pirates.",Comedy,primary_release_date.desc
Comedy,44,1007734,Nobody 2,2025,2025-08-13,12.5556,6.93,1620,https://image.tmdb.org/t/p/w500/svXVRoRSu6zzFtCzkRsjZS7Lqpd.jpg,"Former assassin Hutch Mansell takes his family on a nostalgic vacation to a small-town theme park, only to be pulled back into violence when they clash with a corrupt operator, a crooked sheriff, and a ruthless crime boss.",Comedy,primary_release_date.desc
Comedy,45,1125257,Freakier Friday,2025,2025-08-06,34.1986,6.8,718,https://image.tmdb.org/t/p/w500/9wV65OmsjLAqBfDnYTkMPutXH8j.jpg,"Years after Tess and Anna endured an identity crisis, Anna now has a daughter of her own and a soon-to-be stepdaughter. As they navigate the myriad challenges that come when two families merge, Tess and Anna discover lightning might indeed strike twice.",Comedy,primary_release_date.desc|popularity.desc
Comedy,46,1307078,My Oxford Year,2025,2025-07-31,6.5526,7.027,603,https://image.tmdb.org/t/p/w500/jrhXbIOFingzdLjkccjg9vZnqIp.jpg,An ambitious American fulfilling her dream of studying at Oxford falls for a charming Brit hiding a secret that may upend her perfectly planned life.,Comedy,primary_release_date.desc
Comedy,47,1035259,The Naked Gun,2025,2025-07-30,11.9409,6.372,1769,https://image.tmdb.org/t/p/w500/rwla9vqzrKVVKVKiOuROTIXGsxj.jpg,"Only one man has the particular set of skills... to lead Police Squad and save the world: Lt. Frank Drebin Jr. Following in his father's footsteps, he must solve a murder case to prevent Police Squad from closure.",Comedy,primary_release_date.desc
Comedy,48,1106289,The Pickup,2025,2025-07-27,4.8327,6.397,481,https://image.tmdb.org/t/p/w500/vFWvWhfAvij8UIngg2Vf6JV95Cr.jpg,A routine cash pickup takes a wild turn when mismatched armored truck drivers Russell and Travis are ambushed by ruthless criminals led by savvy mastermind Zoe.,Comedy,primary_release_date.desc
Comedy,49,1263256,Happy Gilmore 2,2025,2025-07-25,9.2201,6.5,973,https://image.tmdb.org/t/p/w500/E3dPHPJigkXwuiE0n1vzz0se8a.jpg,"Happy Gilmore isn't done with golf — not by a long shot. Since his retirement after his first Tour Championship win, Gilmore returns to finance his daughter's ballet classes.",Comedy,primary_release_date.desc
Comedy,50,1175942,The Bad Guys 2,2025,2025-07-24,15.5725,7.652,801,https://image.tmdb.org/t/p/w500/26oSPnq0ct59l07QOXZKyzsiRtN.jpg,"The now-reformed Bad Guys are trying (very, very hard) to be good, but instead find themselves hijacked into a high-stakes, globe-trotting heist, masterminded by a new team of criminals they never saw coming: The Bad Girls.",Comedy,primary_release_date.desc|popularity.desc
Crime,1,1439930,The Punisher: One Last Kill,2026,2026-05-12,126.4529,8.343,1717,https://image.tmdb.org/t/p/w500/qQclTgLMDvGBuUBFGHRipxkEwWR.jpg,"As Frank Castle searches for meaning beyond revenge, an unexpected force pulls him back into the fight.",Crime,primary_release_date.desc|popularity.desc|vote_average.desc
Crime,2,1301421,The Sheep Detectives,2026,2026-04-30,212.1504,7.642,316,https://image.tmdb.org/t/p/w500/6QtL9rl3Zb4d8qW6EJ4qO5hSSfU.jpg,"George Hardy is a shepherd who reads detective novels to his beloved sheep every night, assuming they can't possibly understand. But when a mysterious incident disrupts life on the farm, the sheep realize they must become the detectives. As they follow the clues and investigate human suspects, they prove that even sheep can be brilliant crime-solvers.",Crime,primary_release_date.desc|popularity.desc
Crime,3,1115544,Mike & Nick & Nick & Alice,2026,2026-03-14,15.4241,6.694,373,https://image.tmdb.org/t/p/w500/7F0jc75HrSkLVcvOXR2FXAIwuEv.jpg,"Two gangsters and the woman they love try to survive the most dangerous night of their lives. As if that wasn’t enough, there’s one wild ingredient added to the mix: a time machine.",Crime,primary_release_date.desc|popularity.desc
Crime,4,875828,Peaky Blinders: The Immortal Man,2026,2026-03-05,22.8884,7.248,1038,https://image.tmdb.org/t/p/w500/gRMalasZEzsZi4w2VFuYusfSfqf.jpg,"After his estranged son gets embroiled in a Nazi plot, self-exiled gangster Tommy Shelby must return to Birmingham to save his family — and his nation.",Crime,primary_release_date.desc|popularity.desc
Crime,5,1159559,Scream 7,2026,2026-02-25,47.3752,6.188,1080,https://image.tmdb.org/t/p/w500/jjyuk0edLiW8vOSnlfwWCCLpbh5.jpg,"When a new Ghostface killer emerges in the quiet town where Sidney Prescott has built a new life, her darkest fears are realized as her daughter becomes the next target. Determined to protect her family, Sidney must face the horrors of her past to put an end to the bloodshed once and for all.",Crime,primary_release_date.desc|popularity.desc
Crime,6,1171145,Crime 101,2026,2026-02-11,37.8193,6.997,1105,https://image.tmdb.org/t/p/w500/tVvpFIoteRHNnoZMhdnwIVwJpCA.jpg,"When an elusive thief whose high-stakes heists unfold along the iconic 101 freeway in Los Angeles eyes the score of a lifetime, with hopes of this being his final job, his path collides with a disillusioned insurance broker who is facing her own crossroads. Determined to crack the case, a relentless detective closes in on the operation, raising the stakes even higher.",Crime,primary_release_date.desc|popularity.desc
Crime,7,1290821,Shelter,2026,2026-01-28,43.8481,7.681,1304,https://image.tmdb.org/t/p/w500/buPFnHZ3xQy6vZEHxbHgL1Pc6CR.jpg,"A man living in self-imposed exile on a remote island rescues a young girl from a violent storm, setting off a chain of events that forces him out of seclusion to protect her from enemies tied to his past.",Crime,primary_release_date.desc|popularity.desc
Crime,8,1168190,The Wrecking Crew,2026,2026-01-28,29.7056,7.029,1089,https://image.tmdb.org/t/p/w500/gbVwHl4YPSq6BcC92TQpe7qUTh6.jpg,"Estranged half-brothers Jonny and James reunite after their father's mysterious death. As they search for the truth, buried secrets reveal a conspiracy threatening to tear their family apart.",Crime,primary_release_date.desc|popularity.desc
Crime,9,1306368,The Rip,2026,2026-01-13,20.9822,7.088,1693,https://image.tmdb.org/t/p/w500/4wsYWH73Hb1B6noGIFaRQSAkuXj.jpg,"Trust frays when a team of Miami cops discovers millions in cash inside a run-down stash house, calling everyone — and everything — into question.",Crime,primary_release_date.desc|popularity.desc
Crime,10,1291608,Dhurandhar,2025,2025-12-05,59.8702,7.274,312,https://image.tmdb.org/t/p/w500/snBOuXDdhmTvlzMUvP9Em3Pp1u1.jpg,"A mysterious traveler slips into the heart of Karachi's underbelly and rises through its ranks with lethal precision, only to tear the notorious ISI-Underworld nexus apart from within.",Crime,primary_release_date.desc|popularity.desc
Crime,11,1218762,Jingle Bell Heist,2025,2025-11-25,1.0475,6.025,256,https://image.tmdb.org/t/p/w500/rVOQF2Ucekug1B80A9crVx7Jn90.jpg,Two down-on-their-luck hourly workers team up to rob a posh London department store on Christmas Eve. Will they steal each other's hearts along the way?,Crime,primary_release_date.desc
Crime,12,628847,Trap House,2025,2025-11-14,8.509,6.593,281,https://image.tmdb.org/t/p/w500/6tpAPeuuqbVnYWWPoOLEDLSBU7a.jpg,"An undercover DEA agent and his partner embark on a game of cat and mouse with an audacious, and surprising group of thieves – their own rebellious teenagers, who have begun robbing from a dangerous cartel, using their parents' tactics and top-secret intel to do it.",Crime,primary_release_date.desc
Crime,13,425274,Now You See Me: Now You Don't,2025,2025-11-12,25.5161,6.496,1590,https://image.tmdb.org/t/p/w500/oD3Eey4e4Z259XLm3eD3WGcoJAh.jpg,"The original Four Horsemen reunite with a new generation of illusionists to take on powerful diamond heiress Veronika Vanderberg, who leads a criminal empire built on money laundering and trafficking. The new and old magicians must overcome their differences to work together on their most ambitious heist yet.",Crime,primary_release_date.desc|popularity.desc
Crime,14,1400782,The Perfect Neighbor,2025,2025-10-10,2.7813,6.802,296,https://image.tmdb.org/t/p/w500/2NE7yN45zo19o4LJr6JFxDWmh2b.jpg,"Police bodycam footage reveals how a long-running neighborhood dispute turned fatal in this documentary about fear, prejudice and Stand Your Ground laws.",Crime,primary_release_date.desc
Crime,15,1290879,The Woman in Cabin 10,2025,2025-10-09,3.929,6.185,1046,https://image.tmdb.org/t/p/w500/4kpdyePOlcELQQJcxXPF5GB1Adw.jpg,"On a lavish yacht for an assignment, a journalist sees a passenger go overboard. But when no one believes her, she risks her life to uncover the truth.",Crime,primary_release_date.desc
Crime,16,1242419,Roofman,2025,2025-10-06,7.3243,7.085,842,https://image.tmdb.org/t/p/w500/wXDFtcnYtevleGzCmAD2ReQnJ4l.jpg,"A former Army Ranger and struggling father turns to robbing McDonald’s restaurants by cutting holes in their roofs, earning him the nickname ""Roofman."" After escaping prison, he secretly lives inside a Toys “R” Us for six months, surviving undetected while planning his next move. But when he falls for a divorced mom drawn to his undeniable charm, his double life begins to unravel, setting off a compelling and suspenseful game of cat and mouse as his past closes in.",Crime,primary_release_date.desc
Crime,17,1456349,It Was Just an Accident,2025,2025-10-01,4.1211,7.146,587,https://image.tmdb.org/t/p/w500/eNYGj2DG3n8OrVPTfYunpPW9uas.jpg,An unassuming mechanic is reminded of his time in an Iranian prison when he encounters a man he suspects to be his sadistic jailhouse captor.,Crime,primary_release_date.desc
Crime,18,941109,Play Dirty,2025,2025-09-30,10.9208,6.566,641,https://image.tmdb.org/t/p/w500/ovZ0zq0NwRghtWI1oLaM0lWuoEw.jpg,"Expert thief Parker gets a shot at a major heist, but to pull it off he and his team must outsmart a South American dictator, the New York mob, and the world's richest man.",Crime,primary_release_date.desc
Crime,19,639988,No Other Choice,2025,2025-09-24,8.6926,7.5,1115,https://image.tmdb.org/t/p/w500/vc2S0dvgpsM0XfSiXZDMVkRCSSU.jpg,"After being laid off and humiliated by a ruthless job market, a veteran paper mill manager descends into violence in a desperate bid to reclaim his dignity.",Crime,primary_release_date.desc|popularity.desc
Crime,20,1054867,One Battle After Another,2025,2025-09-23,16.1172,7.35,3828,https://image.tmdb.org/t/p/w500/lbBWwxBht4JFP5PsuJ5onpMqugW.jpg,"Washed-up revolutionary Bob exists in a state of stoned paranoia, surviving off-grid with his spirited, self-reliant daughter, Willa. When his evil nemesis resurfaces after 16 years and she goes missing, the former radical scrambles to find her, father and daughter both battling the consequences of his past.",Crime,primary_release_date.desc|popularity.desc
Crime,21,1245993,Caught Stealing,2025,2025-08-26,4.3868,6.863,1001,https://image.tmdb.org/t/p/w500/cvda8s5J8YaHjTyEyXQpvD6f3iV.jpg,"Burned-out ex-baseball player Hank Thompson unexpectedly finds himself embroiled in a dangerous struggle for survival amidst the criminal underbelly of late 1990s New York City, forced to navigate a treacherous underworld he never imagined.",Crime,primary_release_date.desc
Crime,22,744653,The Thursday Murder Club,2025,2025-08-22,4.2463,6.591,1032,https://image.tmdb.org/t/p/w500/jbnazCHr8S2l2glyvjPTpa4NbEw.jpg,A group of senior sleuths passionate about solving cold cases get plunged into a real-life murder mystery in this comic crime caper.,Crime,primary_release_date.desc
Crime,23,1151334,Eenie Meanie,2025,2025-08-21,4.1202,6.319,329,https://image.tmdb.org/t/p/w500/12Va3oO3oYUdOd75zM57Nx1976a.jpg,A former teenage getaway driver gets dragged back into her unsavory past when a former employer offers her a chance to save the life of her chronically unreliable ex-boyfriend.,Crime,primary_release_date.desc
Crime,24,1419406,The Shadow's Edge,2025,2025-08-16,89.0269,7.813,900,https://image.tmdb.org/t/p/w500/cHKo3m8N1fwvEy2ZEr0xGmmMODV.jpg,Macau Police brings the tracking expert police officer out of retirement to help catch a dangerous group of professional thieves.,Crime,primary_release_date.desc|popularity.desc|vote_average.desc
Crime,25,1254624,Night Always Comes,2025,2025-08-15,2.5547,6.1,275,https://image.tmdb.org/t/p/w500/1jDo1nG7rtjaaQGpr6e73x9i9Xp.jpg,"Facing eviction in a city her family can no longer afford, a woman plunges into a desperate and increasingly dangerous all-night search to raise $25,000.",Crime,primary_release_date.desc
Crime,26,1196573,She Rides Shotgun,2025,2025-07-31,5.3815,7.012,291,https://image.tmdb.org/t/p/w500/nvqW8mOm818QDio3GKKmPLK8kXj.jpg,"Newly released from prison and marked for death by unrelenting enemies, Nate must now protect his estranged 11-year-old daughter, Polly, at all costs. With scant resources and no one to trust, Nate and Polly forge a bond under fire as he shows her how to fight and survive—and she teaches him the true meaning of unconditional love.",Crime,primary_release_date.desc
Crime,27,1035259,The Naked Gun,2025,2025-07-30,11.9409,6.372,1769,https://image.tmdb.org/t/p/w500/rwla9vqzrKVVKVKiOuROTIXGsxj.jpg,"Only one man has the particular set of skills... to lead Police Squad and save the world: Lt. Frank Drebin Jr. Following in his father's footsteps, he must solve a murder case to prevent Police Squad from closure.",Crime,primary_release_date.desc|popularity.desc
Crime,28,1106289,The Pickup,2025,2025-07-27,4.8327,6.397,481,https://image.tmdb.org/t/p/w500/vFWvWhfAvij8UIngg2Vf6JV95Cr.jpg,A routine cash pickup takes a wild turn when mismatched armored truck drivers Russell and Travis are ambushed by ruthless criminals led by savvy mastermind Zoe.,Crime,primary_release_date.desc
Crime,29,1175942,The Bad Guys 2,2025,2025-07-24,15.5725,7.652,801,https://image.tmdb.org/t/p/w500/26oSPnq0ct59l07QOXZKyzsiRtN.jpg,"The now-reformed Bad Guys are trying (very, very hard) to be good, but instead find themselves hijacked into a high-stakes, globe-trotting heist, masterminded by a new team of criminals they never saw coming: The Bad Girls.",Crime,primary_release_date.desc|popularity.desc
Crime,30,1220564,The Secret Agent,2025,2025-07-23,6.7714,7.242,724,https://image.tmdb.org/t/p/w500/iLE2YOmeboeTDC7GlOp1dzh1VFo.jpg,"Brazil, 1977. Marcelo, a technology expert in his early 40s, is on the run. Hoping to reunite with his son, he travels to Recife during Carnival but soon realizes that the city is not the safe haven he was expecting.",Crime,primary_release_date.desc
Crime,31,648878,Eddington,2025,2025-07-16,4.3701,6.5,828,https://image.tmdb.org/t/p/w500/4GIqZUgPZ146BhibsPHMHef2nXX.jpg,"In May of 2020, a standoff between a small-town sheriff and mayor sparks a powder keg as neighbor is pitted against neighbor in Eddington, New Mexico.",Crime,primary_release_date.desc
Crime,32,1239193,Deep Cover,2025,2025-06-12,5.6675,6.711,592,https://image.tmdb.org/t/p/w500/yYfaChljpg6eo9ZlFyTmI81PMZC.jpg,"Kat is an improv comedy teacher beginning to question if she’s missed her shot at success. When an undercover cop offers her the role of a lifetime, she recruits two of her students to infiltrate London’s gangland by impersonating dangerous criminals.",Crime,primary_release_date.desc
Crime,33,1426776,STRAW,2025,2025-06-05,8.6792,7.71,966,https://image.tmdb.org/t/p/w500/t3cmnXYtxJb9vVL1ThvT2CWSe1n.jpg,What will be her last straw? A devastatingly bad day pushes a hardworking single mother to the breaking point — and into a shocking act of desperation.,Crime,primary_release_date.desc
Crime,34,541671,Ballerina,2025,2025-06-04,19.9223,7.256,2687,https://image.tmdb.org/t/p/w500/2VUmvqsHb6cEtdfscEA6fqqVzLg.jpg,"Taking place during the events of John Wick: Chapter 3 – Parabellum, Eve Macarro begins her training in the assassin traditions of the Ruska Roma.",Crime,primary_release_date.desc|popularity.desc
Crime,35,1137350,The Phoenician Scheme,2025,2025-05-23,5.7534,6.5,937,https://image.tmdb.org/t/p/w500/u2jxeYLXTYfu0bqJmnLGIgZswib.jpg,"Wealthy businessman Zsa-zsa Korda appoints his only daughter, a nun, as sole heir to his estate. As Korda embarks on a new enterprise, they soon become the target of scheming tycoons, foreign terrorists, and determined assassins.",Crime,primary_release_date.desc
Crime,36,1144430,Last Bullet,2025,2025-05-06,2.493,6.517,261,https://image.tmdb.org/t/p/w500/qycPITRqXgPai7zj1gKffjCdSB5.jpg,Car genius Lino returns to conclude his vendetta against Areski and the corrupt commander who ruined their lives in this turbo-charged trilogy finale.,Crime,primary_release_date.desc
Crime,37,668489,Havoc,2025,2025-04-25,7.0637,6.376,1248,https://image.tmdb.org/t/p/w500/r46leE6PSzLR3pnVzaxx5Q30yUF.jpg,"When a drug heist swerves lethally out of control, a jaded cop fights his way through a corrupt city's criminal underworld to save a politician's son.",Crime,primary_release_date.desc
Crime,38,870028,The Accountant²,2025,2025-04-23,8.4101,7.085,1801,https://image.tmdb.org/t/p/w500/lUvfTcOZiK0sdcX0WNLPbMyKjGm.jpg,"When an old acquaintance is murdered, Wolff is compelled to solve the case. Realizing more extreme measures are necessary, Wolff recruits his estranged and highly lethal brother, Brax, to help. In partnership with Marybeth Medina, they uncover a deadly conspiracy, becoming targets of a ruthless network of killers who will stop at nothing to keep their secrets buried.",Crime,primary_release_date.desc
Crime,39,1276073,Bullet Train Explosion,2025,2025-04-23,3.1439,6.9,325,https://image.tmdb.org/t/p/w500/jmzxlDBwgvRbpPJzNQwizyn9UEn.jpg,"When panic erupts on a Tokyo-bound bullet train that will explode if it slows below 100 kph, authorities race against time to save everyone on board.",Crime,primary_release_date.desc
Crime,40,1197306,A Working Man,2025,2025-03-26,24.4842,6.695,1958,https://image.tmdb.org/t/p/w500/6FRFIogh3zFnVWn7Z6zcYnIbRcX.jpg,"Levon Cade left behind a decorated military career in the black ops to live a simple life working construction. But when his boss's daughter, who is like family to him, is taken by human traffickers, his search to bring her home uncovers a world of corruption far greater than he ever could have imagined.",Crime,primary_release_date.desc|popularity.desc
Crime,41,1013601,The Alto Knights,2025,2025-03-19,4.1199,6.237,439,https://image.tmdb.org/t/p/w500/epGF8vv3caKLm6X8PKbD5xirFLa.jpg,"Two of New York's most notorious organized crime bosses, Frank Costello and Vito Genovese, vie for control of the city's streets. Once the best of friends, petty jealousies and a series of betrayals place them on a deadly collision course that will reshape the Mafia (and America) forever.",Crime,primary_release_date.desc
Crime,42,1405338,Demon City,2025,2025-02-26,4.6294,6.9,330,https://image.tmdb.org/t/p/w500/fQ9hzto0cUuxjfzqNAiAnNJo8O7.jpg,"Framed for his family's murder and left for dead, an ex-hitman will stop at nothing to exact revenge on the masked ""demons"" who have taken over his city.",Crime,primary_release_date.desc
Crime,43,1261501,Ad Vitam,2025,2025-01-09,2.3996,6.2,441,https://image.tmdb.org/t/p/w500/xqBSapk1nC35WlZ6PraMjOVMQBy.jpg,"When he and his pregnant wife are attacked in their home, a former elite agent becomes trapped in a deadly manhunt tied to his own painful past.",Crime,primary_release_date.desc
Crime,44,604685,Den of Thieves 2: Pantera,2025,2025-01-08,4.4972,6.581,814,https://image.tmdb.org/t/p/w500/rxcyxxarD17xMliStDEhM6y2AYQ.jpg,"Big Nick is back on the hunt in Europe and closing in on Donnie, who is embroiled in the treacherous and unpredictable world of diamond thieves and the infamous Panther mafia, as they plot a massive heist of the world's largest diamond exchange.",Crime,primary_release_date.desc
Crime,45,1210732,How to Make a Killing,2025,2025-01-01,3.4091,6.431,375,https://image.tmdb.org/t/p/w500/oovadj4TsgCuAGfd5LhDP19ZCYD.jpg,"Michel and Cathy, wed for longer than they can remember, lead a quiet but monotonous life in the mountains. When a bear bursts out in front of Michel’s car, accidentally killing two drug dealers and revealing a €2 million loot in the process, their life takes an unpredictable turn, especially when they decide to cover up the incident and keep the money! But their plan leads them to stumble upon an unexplained trail of dead bodies. More used to being honest than crooked, Michel and Cathy’s clumsy cover-up efforts soon put an interfering inspector hot on their trail.",Crime,primary_release_date.desc
Crime,46,1082195,The Order,2024,2024-12-05,3.8676,6.567,897,https://image.tmdb.org/t/p/w500/r3BPhDb45sy87kNV41Q1TwCL6BS.jpg,A string of violent robberies in the Pacific Northwest leads veteran FBI agent Terry Husk into a white supremacist plot to overthrow the federal government.,Crime,primary_release_date.desc
Crime,47,959604,Beating Hearts,2024,2024-10-16,2.7406,7.189,1028,https://image.tmdb.org/t/p/w500/yu9dRyKcUHTfKcqsomUtpord4t3.jpg,"Local rebellious teenager Clotaire falls for his schoolmate Jackie, but gang violence leads him to a darker destructive path. After years apart, the star-crossed lovers discover that every path they've taken leads them back together.",Crime,primary_release_date.desc
Crime,48,976734,Canary Black,2024,2024-10-10,3.7712,6.217,505,https://image.tmdb.org/t/p/w500/hhiR6uUbTYYvKoACkdAIQPS5c6f.jpg,"Top level CIA agent Avery Graves is blackmailed by terrorists into betraying her own country to save her kidnapped husband. Cut off from her team, she turns to her underworld contacts to survive and help locate the coveted intelligence that the kidnappers want.",Crime,primary_release_date.desc
Crime,49,1047373,The Silent Hour,2024,2024-10-03,2.5625,6.432,278,https://image.tmdb.org/t/p/w500/j736cRzBtEPCm0nHnpRN1prqiqj.jpg,"While working a case as an interpreter, a hearing-impaired police detective must confront a group of criminals trying to eliminate a deaf murder witness in her apartment building.",Crime,primary_release_date.desc
Crime,50,835113,Woman of the Hour,2024,2024-10-03,2.3082,6.402,1041,https://image.tmdb.org/t/p/w500/nc9ZqrJFbcUdlMg9lxXXtJb24jU.jpg,"An aspiring actress crosses paths with a prolific serial killer in '70s LA when they're cast on an episode of ""The Dating Game.""",Crime,primary_release_date.desc
Documentary,1,1400782,The Perfect Neighbor,2025,2025-10-10,2.7813,6.802,296,https://image.tmdb.org/t/p/w500/2NE7yN45zo19o4LJr6JFxDWmh2b.jpg,"Police bodycam footage reveals how a long-running neighborhood dispute turned fatal in this documentary about fear, prejudice and Stand Your Ground laws.",Documentary,primary_release_date.desc|popularity.desc
Documentary,2,1412113,Squid Game: Making Season 2,2025,2025-01-02,6.6812,8.37,453,https://image.tmdb.org/t/p/w500/yQGaui0bQ5Ai3KIFBB45nTeIqad.jpg,"From set designs to character arcs, get exclusive cast and director interviews on how Season 2 of the globally most-watched series was brought to life.",Documentary,primary_release_date.desc|popularity.desc|vote_average.desc
Documentary,3,1232493,No Other Land,2024,2024-11-01,1.7617,7.963,311,https://image.tmdb.org/t/p/w500/s7XYieuZg9kMe07i9VI4bfGN4Pw.jpg,This film made by a Palestinian-Israeli collective shows the destruction of the occupied West Bank's Masafer Yatta by Israeli soldiers and the alliance which develops between the Palestinian activist Basel and Israeli journalist Yuval.,Documentary,primary_release_date.desc|popularity.desc|vote_average.desc
Documentary,4,1226841,The Greatest Night in Pop,2024,2024-01-19,2.0025,7.849,291,https://image.tmdb.org/t/p/w500/jDz4wFujk94tQP9Sx6EMKDULvkn.jpg,"On a January night in 1985, music's biggest stars gathered to record ""We Are the World."" This documentary goes behind the scenes of the historic event.",Documentary,primary_release_date.desc|popularity.desc|vote_average.desc
Documentary,5,1188150,Return,2023,2023-09-26,0.1313,6.5,567,https://image.tmdb.org/t/p/w500/eFUAxw9l8Kz8PJhBQzCkAGMkoHB.jpg,"""Behind every strong man is a strong woman!"", Mumine shouts as her husband is arrested. She has 4 children, she's in her mid-30s, and she's the wife of a Crimean Tatar political prisoner. Muslim Crimean Tatars have been oppressed for a long time. They were deported under Stalin, allowed to return under Gorbachev, and since the occupation of Crimea in 2014 under Putin, they are being persecuted again. ""Return"" is a portrait of Mumine and Maye, two strong women struggling with the consequences of oppression. Their traditional understanding of their role as women does not stand in the way of their dedication. They possess strength, beauty and dignity. Only in their most intimate moments, they are overwhelmed by desperate helplessness.",Documentary,primary_release_date.desc
Documentary,6,1058616,20 Days in Mariupol,2023,2023-07-14,1.2209,8.1,291,https://image.tmdb.org/t/p/w500/zIRp1IeuPh4GgqFCH3y0DQuY9xP.jpg,"As the Russian invasion begins, a team of Ukrainian journalists trapped in the besieged city of Mariupol struggle to continue their work documenting the war's atrocities.",Documentary,primary_release_date.desc|vote_average.desc
Documentary,7,1091834,Return,2023,2023-02-19,0.0686,6.8,408,https://image.tmdb.org/t/p/w500/opYp1lkbVHVJil8N0c5HRSB5D96.jpg,"RETURN tells the story of a retired Green Beret who embarks on a healing journey from Montana to Vietnam. There he retraces his steps, shares his wartime experiences with his son, treats his Post-Traumatic Stress Disorder, and seeks out the mountain tribespeople he once lived with and fought alongside as a Special Forces officer.",Documentary,primary_release_date.desc
Documentary,8,1022256,Selena Gomez: My Mind & Me,2022,2022-11-04,11.2108,8.476,612,https://image.tmdb.org/t/p/w500/oMpsswJv8x4vnOnIKqs4xJs2Kn3.jpg,"After years in the limelight, Selena Gomez achieves unimaginable stardom. But just as she reaches a new peak, an unexpected turn pulls her into darkness. This uniquely raw and intimate documentary spans her six-year journey into a new light.",Documentary,primary_release_date.desc|popularity.desc|vote_average.desc
Documentary,9,1040330,Black Adam: Saviour or Destroyer?,2022,2022-10-15,0.6285,7.15,447,https://image.tmdb.org/t/p/w500/rLoBwQ1TrNgsTul3QV0UkF9YLk1.jpg,"Ahead of the release of upcoming fantasy film ‘Black Adam’, sit down with Dwayne Johnson as he discusses his starring role as the eponymous superhero.",Documentary,primary_release_date.desc
Documentary,10,957457,Moonage Daydream,2022,2022-09-15,1.3261,7.478,274,https://image.tmdb.org/t/p/w500/tJCZI1tO0sYIV0mGo0Awcr996vm.jpg,A cinematic odyssey featuring never-before-seen footage exploring David Bowie's creative and musical journey.,Documentary,primary_release_date.desc|popularity.desc
Documentary,11,1015606,Obi-Wan Kenobi: A Jedi's Return,2022,2022-09-07,4.6471,6.793,1015,https://image.tmdb.org/t/p/w500/vQGgvXjoMZf8x1m3BHsMxVXPyck.jpg,"This special explores the return of Obi-Wan Kenobi and Anakin Skywalker to the screen, as well as Ewan McGregor and Hayden Christensen to their classic roles. Director Deborah Chow leads the cast and crew as they create new heroes and villains that live alongside new incarnations of beloved Star Wars characters, and an epic story that dramatically bridges the saga films.",Documentary,primary_release_date.desc|popularity.desc
Documentary,12,1003180,Inside the Mind of a Cat,2022,2022-08-18,1.0953,7.234,271,https://image.tmdb.org/t/p/w500/lqngTIvF2UdcK9uTZ8nLX3AfbHp.jpg,Cat experts dive into the mind of the feline to reveal the true capabilities of the pouncing pet in this captivating and cuddly documentary.,Documentary,primary_release_date.desc
Documentary,13,913823,Fire of Love,2022,2022-07-06,1.263,7.534,250,https://image.tmdb.org/t/p/w500/9smEX8UP84yb2GisLwyAyQKvCWS.jpg,"A doomed love triangle between intrepid French scientists Katia and Maurice Krafft, and their beloved volcanoes.",Documentary,primary_release_date.desc|vote_average.desc
Documentary,14,988046,Girl in the Picture,2022,2022-07-06,1.1899,7.14,300,https://image.tmdb.org/t/p/w500/w6dnirDUhvWuHy91QECqGSYmOpa.jpg,"A young mother’s mysterious death and her son’s subsequent kidnapping blow open a decades-long mystery about the woman’s true identity, and the murderous federal fugitive at the center of it all.",Documentary,primary_release_date.desc
Documentary,15,957258,What Is a Woman?,2022,2022-06-01,1.094,6.882,266,https://image.tmdb.org/t/p/w500/iiP8Sq7yWoYsKx9EVfyRPno8Un9.jpg,Matt Walsh's controversial doc challenges radical gender ideology through provocative interviews and humor.,Documentary,primary_release_date.desc
Documentary,16,828853,Jackass 4.5,2022,2022-05-20,3.3752,6.4,392,https://image.tmdb.org/t/p/w500/bl686OSeMQOvs90IQAgt8QipCsB.jpg,"Through outrageous, never-before-seen footage, witness the making of the Jackass crew's last go at wild stunts.",Documentary,primary_release_date.desc|popularity.desc
Documentary,17,926676,Navalny,2022,2022-04-08,1.1263,7.221,290,https://image.tmdb.org/t/p/w500/9FXHNsqB4Wk9p42Yh0UtDflRY1f.jpg,"Follows the man who survived an assassination attempt by poisoning with a lethal nerve agent in August 2020. During his months-long recovery, he makes shocking discoveries about the attempt on his life and decides to return home.",Documentary,primary_release_date.desc
Documentary,18,950445,Return to Space,2022,2022-04-07,0.8802,6.537,667,https://image.tmdb.org/t/p/w500/yUN0g7gJwr2JhqNZBYJS2obkxU2.jpg,The inspirational rise of SpaceX as well as Elon Musk's two-decade effort to resurrect America’s space travel ambitions.,Documentary,primary_release_date.desc
Documentary,19,396194,Ennio,2022,2022-02-17,4.5393,8.3,383,https://image.tmdb.org/t/p/w500/lEuLAubp74HYztEyNYpEx3AoqOu.jpg,"A portrait of Ennio Morricone, the most popular and prolific film composer of the 20th century, the one most loved by the international public, a two-time Oscar winner and the author of over five hundred unforgettable scores.",Documentary,primary_release_date.desc|popularity.desc|vote_average.desc
Documentary,20,923632,The Tinder Swindler,2022,2022-02-02,1.6126,6.965,1114,https://image.tmdb.org/t/p/w500/iLUSFjdavIf0SrP7ldoQ1xomQVC.jpg,"Posing as a wealthy, jet-setting diamond mogul, an Israeli conman wooed women online then conned them out of millions of dollars. Now, some victims plan for payback.",Documentary,primary_release_date.desc|popularity.desc
Documentary,21,656663,Jackass Forever,2022,2022-02-01,4.193,6.8,920,https://image.tmdb.org/t/p/w500/ruHDFumJfW7F2vEqTZEQQ9xT7CA.jpg,"The Jackass crew, along with some newcomers, returns for one more round of hilarious, absurd, and dangerous stunts.",Documentary,primary_release_date.desc|popularity.desc
Documentary,22,899082,Harry Potter 20th Anniversary: Return to Hogwarts,2022,2022-01-01,5.5438,7.307,3526,https://image.tmdb.org/t/p/w500/jntLBq0MLR3hrwKaTQswxACRPMs.jpg,"An enchanting making-of story told through all-new in-depth interviews and cast conversations, inviting fans on a magical first-person journey through one of the most beloved film franchises of all time.",Documentary,primary_release_date.desc|popularity.desc
Documentary,23,890825,14 Peaks: Nothing Is Impossible,2021,2021-11-12,1.2837,7.362,377,https://image.tmdb.org/t/p/w500/8YS9oRn9rcAyBhYELFbGKk1TpFs.jpg,"In 2019, Nepalese mountain climber Nirmal “Nims” Purja set out to do the unthinkable by climbing the world’s fourteen highest summits in less than seven months. (The previous record was eight years). He called the effort “Project Possible 14/7” and saw it as a way to inspire others to strive for greater heights in any pursuit. The film follows his team as they seek to defy naysayers and push the limits of human endurance.",Documentary,primary_release_date.desc|popularity.desc
Documentary,24,680058,The Rescue,2021,2021-10-08,3.1676,7.963,270,https://image.tmdb.org/t/p/w500/kC7fVtCkJACwPBaRr2hlj2whfKX.jpg,"The enthralling, against-all-odds story that transfixed the world in 2018: the daring rescue of twelve boys and their coach from deep inside a flooded cave in Northern Thailand.",Documentary,primary_release_date.desc|popularity.desc|vote_average.desc
Documentary,25,855823,Schumacher,2021,2021-09-14,1.5201,7.275,462,https://image.tmdb.org/t/p/w500/ucNYfsbX1Z4tjMSr3waxsHMVjve.jpg,"Through exclusive interviews and archival footage, this documentary traces an intimate portrait of seven-time Formula 1 champion Michael Schumacher.",Documentary,primary_release_date.desc
Documentary,26,680813,Flee,2021,2021-06-17,1.7862,7.8,393,https://image.tmdb.org/t/p/w500/vlMIbqOpYG553J1kOJXA7mwQvE6.jpg,"Recounted mostly through animation to protect his identity, Amin looks back over his past as a child refugee from Afghanistan as he grapples with a secret he’s kept hidden for 20 years.",Documentary,primary_release_date.desc|popularity.desc|vote_average.desc
Documentary,27,691179,Friends: The Reunion,2021,2021-05-27,2.6219,7.8,1335,https://image.tmdb.org/t/p/w500/bT3c4TSOP8vBmMoXZRDPTII6eDa.jpg,"The cast of Friends reunites for a once-in-a-lifetime celebration of the hit series, an unforgettable evening filled with iconic memories, uncontrollable laughter, happy tears, and special guests.",Documentary,primary_release_date.desc|popularity.desc|vote_average.desc
Documentary,28,801058,Seaspiracy,2021,2021-03-24,1.2399,7.823,461,https://image.tmdb.org/t/p/w500/iFNri0fwn1WfCoxf3H3v1z8dCm4.jpg,"Passionate about ocean life, a filmmaker sets out to document the harm that humans do to marine species — and uncovers an alarming global conspiracy.",Documentary,primary_release_date.desc|vote_average.desc
Documentary,29,654754,Billie Eilish: The World's a Little Blurry,2021,2021-02-26,2.5856,8.204,338,https://image.tmdb.org/t/p/w500/bDQ95W5LPHW9FHlPj3QX3jvM9Z7.jpg,"This documentary offers a deeply intimate look at extraordinary teenager Billie Eilish. Award-winning filmmaker R.J. Cutler follows her journey on the road, onstage, and at home with her family as the writing and recording of her debut album changes her life.",Documentary,primary_release_date.desc|popularity.desc|vote_average.desc
Documentary,30,774372,"ariana grande: excuse me, i love you",2020,2020-12-21,1.1655,8.0,376,https://image.tmdb.org/t/p/w500/nm10ajNVkKwwyf8VFPkZnr93GbC.jpg,Ariana Grande takes the stage in London for her Sweetener World Tour and shares a behind-the-scenes look at her life in rehearsal and on the road.,Documentary,primary_release_date.desc|popularity.desc|vote_average.desc
Documentary,31,653756,The Mole Agent,2020,2020-12-11,0.4265,7.771,256,https://image.tmdb.org/t/p/w500/eWKySzO45iIbT4yL2zVkVB2w6MR.jpg,"When a daughter becomes concerned about her mother's well-being in a retirement home, private investigator Romulo hires Sergio, an 83-year-old man who becomes a new resident—and a mole inside the home, who struggles to balance his assignment with becoming increasingly involved in the lives of several residents.",Documentary,primary_release_date.desc|vote_average.desc
Documentary,32,740996,BLACKPINK: Light Up the Sky,2020,2020-10-14,1.737,8.188,524,https://image.tmdb.org/t/p/w500/wwrvjmcgkDyB2RbCbIVLXZf82pl.jpg,Record-shattering Korean girl band BLACKPINK tell their story —  and detail the hard fought journey of the dreams and trials behind their meteoric rise.,Documentary,primary_release_date.desc|popularity.desc|vote_average.desc
Documentary,33,743601,American Murder: The Family Next Door,2020,2020-09-29,1.5515,7.253,753,https://image.tmdb.org/t/p/w500/jjs3hE3mQlVGTX3u5ZH2EJBJpf3.jpg,"Using raw, firsthand footage, this documentary examines the disappearance of Shanann Watts and her children, and the terrible events that followed.",Documentary,primary_release_date.desc|popularity.desc
Documentary,34,664280,David Attenborough: A Life on Our Planet,2020,2020-09-28,7.6433,8.443,445,https://image.tmdb.org/t/p/w500/zSKwyUDKDHiFU5syTTvQRDcGBPS.jpg,"The story of life on our planet by the man who has seen more of the natural world than any other. In more than 90 years, Attenborough has visited every continent on the globe, exploring the wild places of our planet and documenting the living world in all its variety and wonder. Addressing the biggest challenges facing life on our planet, the film offers a powerful message of hope for future generations.",Documentary,primary_release_date.desc|popularity.desc|vote_average.desc
Documentary,35,682110,My Octopus Teacher,2020,2020-09-04,1.9479,7.875,1038,https://image.tmdb.org/t/p/w500/hvTVZb7hBC8tZAGoEhH5eiMJu2B.jpg,"After years of swimming every day in the freezing ocean at the tip of Africa, Craig Foster meets an unlikely teacher: a young octopus who displays remarkable curiosity. Visiting her den and tracking her movements for months on end he eventually wins the animal’s trust and they develop a never-before-seen bond between human and wild animal.",Documentary,primary_release_date.desc|popularity.desc|vote_average.desc
Documentary,36,684700,Athlete A,2020,2020-06-23,0.8511,7.537,283,https://image.tmdb.org/t/p/w500/jUVbqKcDgcLSS5s4UV82XUkMKlU.jpg,Follow the Indianapolis Star reporters that broke the story about USA Gymnastics doctor Larry Nassar's abuse and hear from gymnasts.,Documentary,primary_release_date.desc|vote_average.desc
Documentary,37,689249,Money Heist: The Phenomenon,2020,2020-04-03,2.7464,7.442,1084,https://image.tmdb.org/t/p/w500/AboUXTrDWEi0PuZUqaft0iwBTm7.jpg,A documentary on why 'Money Heist' sparked a wave of enthusiasm around the world for a lovable group of thieves and their professor.,Documentary,primary_release_date.desc|popularity.desc
Documentary,38,653567,Miss Americana,2020,2020-01-31,1.599,7.8,647,https://image.tmdb.org/t/p/w500/z1HiEB1UEfdA5fPkngekjQ2vlCC.jpg,"A raw and emotionally revealing look at one of the most iconic artists of our time during a transformational period in her life as she learns to embrace her role not only as a songwriter and performer, but as a woman harnessing the full power of her voice.",Documentary,primary_release_date.desc|popularity.desc|vote_average.desc
Documentary,39,656690,The Social Dilemma,2020,2020-01-26,3.1505,7.459,1795,https://image.tmdb.org/t/p/w500/jcaM6V2tCtu6iMHDsGLBUbaYgYp.jpg,"This documentary-drama hybrid explores the dangerous human impact of social networking, with tech experts sounding the alarm on their own creations.",Documentary,primary_release_date.desc|popularity.desc
Documentary,40,576712,Everybody’s Everything,2019,2019-11-12,4.5973,8.464,303,https://image.tmdb.org/t/p/w500/wbMkjkNX8VylPVLmQ2Dp6i5iayY.jpg,"The story of artist Lil Peep from his birth in Long Island and meteoric rise as a genre blending pop star & style icon, to his death due to an accidental opioid overdose in Arizona at just 21 years of age.",Documentary,primary_release_date.desc|popularity.desc|vote_average.desc
Documentary,41,627070,Tell Me Who I Am,2019,2019-10-18,1.0519,7.348,263,https://image.tmdb.org/t/p/w500/oMfiD7wjdwRxPSdZ7gz7iNO3Z0B.jpg,"In this documentary, Alex trusts his twin, Marcus, to tell him about his past after he loses his memory. But Marcus is hiding a dark family secret.",Documentary,primary_release_date.desc
Documentary,42,463088,The Game Changers,2019,2019-09-16,1.5774,7.289,339,https://image.tmdb.org/t/p/w500/eufF3xEif5EZ1gTjdubw3KWh9xU.jpg,"From the UFC Octagon in Las Vegas and the anthropology lab at Dartmouth, to a strongman gym in Berlin and the bushlands of Zimbabwe, the world is introduced to elite athletes, special ops soldiers, visionary scientists, cultural icons, and everyday heroes—each on a mission to create a seismic shift in the way we eat and live.",Documentary,primary_release_date.desc
Documentary,43,565716,American Factory,2019,2019-08-21,1.7084,7.2,515,https://image.tmdb.org/t/p/w500/7jH3dQOJ3CHMrp9tWsI3rRCDiaD.jpg,"In post-industrial Ohio, a Chinese billionaire opens a new factory in the husk of an abandoned General Motors plant, hiring two thousand blue-collar Americans. Early days of hope and optimism give way to setbacks as high-tech China clashes with working-class America.",Documentary,primary_release_date.desc
Documentary,44,611291,Bring the Soul: The Movie,2019,2019-08-07,4.1134,8.3,460,https://image.tmdb.org/t/p/w500/7x5CguA0MxHqbSjhi14UEuK7c95.jpg,"A glimpse into K-pop group BTS’ world away from the stage, featuring intimate group discussions alongside spectacular concert performances from their world tour.",Documentary,primary_release_date.desc|popularity.desc|vote_average.desc
Documentary,45,576017,For Sama,2019,2019-07-26,1.9131,8.2,309,https://image.tmdb.org/t/p/w500/mDna51F8QfrJFZOgPGQUz3VKqsB.jpg,"A love letter from a young mother to her daughter, the film tells the story of Waad al-Kateab’s life through five years of the uprising in Aleppo, Syria as she falls in love, gets married and gives birth to Sama, all while cataclysmic conflict rises around her.  Her camera captures incredible stories of loss, laughter and survival as Waad wrestles with an impossible choice– whether or not to flee the city to protect her daughter’s life, when leaving means abandoning the struggle for freedom for which she has already sacrificed so much.",Documentary,primary_release_date.desc|popularity.desc|vote_average.desc
Documentary,46,566213,Honeyland,2019,2019-07-26,1.4689,7.874,301,https://image.tmdb.org/t/p/w500/3IxGhQEzLWOxkZlcNMAIiYlOT8D.jpg,"When nomadic beekeepers break Honeyland’s basic rule (take half of the honey, but leave half to the bees), the last female beehunter in Europe must save the bees and restore natural balance.",Documentary,primary_release_date.desc|popularity.desc|vote_average.desc
Documentary,47,536841,Diego Maradona,2019,2019-06-14,1.6217,7.392,435,https://image.tmdb.org/t/p/w500/3eBZxi0xcXBnEYq4m4YTVf0eHWX.jpg,"Constructed from over 500 hours of never-before-seen footage, this documentary centers on the personal life and career of the controversial football player Diego Maradona who played for SSC Napoli and Argentina in the 1980s.",Documentary,primary_release_date.desc|popularity.desc
Documentary,48,591278,Game of Thrones: The Last Watch,2019,2019-05-26,2.9065,7.033,347,https://image.tmdb.org/t/p/w500/tVyKpOYDtKzs4SOYCbZn4YNFWHI.jpg,"For a year, acclaimed British filmmaker Jeanie Finlay was embedded on the set of the hit HBO series “Game of Thrones,” chronicling the creation of the show’s most ambitious and complicated season.  Debuting one week after the series 8 finale, GAME OF THRONES: THE LAST WATCH delves deep into the mud and blood to reveal the tears and triumphs involved in the challenge of bringing the fantasy world of Westeros to life in the very real studios, fields and car-parks of Northern Ireland.  Made with unprecedented access, GAME OF THRONES: THE LAST WATCH is an up-close and personal portrait from the trenches of production, following the crew and the cast as they contend with extreme weather, punishing deadlines and an ever-excited fandom hungry for spoilers.  Much more than a “making of” documentary, this is a funny, heartbreaking story, told with wit and intimacy, about the bittersweet pleasures of what it means to create a world – and then have to say goodbye to it.",Documentary,primary_release_date.desc|popularity.desc
Documentary,49,593691,HOMECOMING: A film by Beyoncé,2019,2019-04-16,1.2313,8.044,351,https://image.tmdb.org/t/p/w500/nKdP4K3Bj3qnjtDCq9lTg7UOHVy.jpg,"This intimate, in-depth look at Beyoncé's celebrated 2018 Coachella performance reveals the emotional road from creative concept to cultural movement.",Documentary,primary_release_date.desc|popularity.desc|vote_average.desc
Documentary,50,549559,Apollo 11,2019,2019-03-01,2.1772,7.864,707,https://image.tmdb.org/t/p/w500/woLMRroHyoTGoXyxdEeBJEYBFtu.jpg,A look at the Apollo 11 mission to land on the moon led by commander Neil Armstrong and pilot Buzz Aldrin.,Documentary,primary_release_date.desc|popularity.desc|vote_average.desc
Drama,1,1439930,The Punisher: One Last Kill,2026,2026-05-12,126.4529,8.343,1717,https://image.tmdb.org/t/p/w500/qQclTgLMDvGBuUBFGHRipxkEwWR.jpg,"As Frank Castle searches for meaning beyond revenge, an unexpected force pulls him back into the fight.",Drama,primary_release_date.desc|popularity.desc|vote_average.desc
Drama,2,1330021,Remarkably Bright Creatures,2026,2026-05-07,29.4338,8.573,668,https://image.tmdb.org/t/p/w500/9HcEqn3D4J6b2Z0jK54id9nA0fr.jpg,"Through unlikely bonds formed during night shifts at a local aquarium, Tova, an elderly widow, learns of a life-changing discovery that may bring her joy and wonder once again.",Drama,primary_release_date.desc|popularity.desc|vote_average.desc
Drama,3,1630423,My Dearest Assassin,2026,2026-05-06,35.3054,8.639,255,https://image.tmdb.org/t/p/w500/ul4dQcA68mtSx8J56N5gEcaCCtP.jpg,"Hunted for her rare blood type, a caged woman vows to fight alongside the assassin she loves to protect their future when an old enemy resurfaces.",Drama,primary_release_date.desc|popularity.desc|vote_average.desc
Drama,4,1314481,The Devil Wears Prada 2,2026,2026-04-29,34.1099,6.5,837,https://image.tmdb.org/t/p/w500/xTI42pmsP5EDnvsNJPEDubwWBQO.jpg,"Andy Sachs returns to Runway as Miranda Priestly navigates a new media landscape and Runway's position within. The duo reconnect with former assistant Emily Charlton, now the head of a luxury brand that possesses funding which could ensure Runway's survival.",Drama,primary_release_date.desc|popularity.desc
Drama,5,936075,Michael,2026,2026-04-22,372.0563,8.693,3021,https://image.tmdb.org/t/p/w500/zm0KAbOjlt9eR5y7vDiL2dEOwMl.jpg,"The story of Michael Jackson, one of the most influential artists the world has ever known, and his life beyond the music. His journey from the discovery of his extraordinary talent as the lead of the Jackson Five, to the visionary artist whose creative ambition fueled a relentless pursuit to become the biggest entertainer in the world, highlighting both his life off-stage and some of the most iconic performances from his early solo career.",Drama,primary_release_date.desc|popularity.desc|vote_average.desc
Drama,6,1325734,The Drama,2026,2026-04-01,36.8087,6.971,1086,https://image.tmdb.org/t/p/w500/qhGCY6DIemLoCi7x1GuEt98m4JF.jpg,A happily engaged couple is put to the test when an unexpected turn sends their wedding week off the rails.,Drama,primary_release_date.desc|popularity.desc
Drama,7,1367642,Reminders of Him,2026,2026-03-11,13.3737,7.732,321,https://image.tmdb.org/t/p/w500/7L6rceYgzQ0NeHD7PRDNrRoQ291.jpg,"When Diem's custodial grandparents adamantly refuse Kenna's attempts to see her daughter, Kenna discovers unexpected compassion, and then something truer and deeper, with former NFL player and local bar owner Ledger. As their secret romance develops, so do the dangers for both of them, leading Kenna toward heartbreak and, ultimately, the hope for a second chance.",Drama,primary_release_date.desc
Drama,8,875828,Peaky Blinders: The Immortal Man,2026,2026-03-05,22.8884,7.248,1038,https://image.tmdb.org/t/p/w500/gRMalasZEzsZi4w2VFuYusfSfqf.jpg,"After his estranged son gets embroiled in a Nazi plot, self-exiled gangster Tommy Shelby must return to Birmingham to save his family — and his nation.",Drama,primary_release_date.desc|popularity.desc
Drama,9,1316092,"""Wuthering Heights""",2026,2026-02-11,19.0433,6.664,1132,https://image.tmdb.org/t/p/w500/3YBce6dTh1D5oCMITXk2S5QhPt.jpg,"Tragedy strikes when Heathcliff falls in love with Catherine Earnshaw, a woman from a wealthy family in 18th-century England.",Drama,primary_release_date.desc|popularity.desc
Drama,10,1034716,People We Meet on Vacation,2026,2026-01-06,6.045,6.945,617,https://image.tmdb.org/t/p/w500/peG6482ALJQ9Tbvv2P38BquVk0f.jpg,"Poppy's a free spirit. Alex loves a plan. After years of summer vacations, these polar-opposite pals wonder if they could be a perfect romantic match.",Drama,primary_release_date.desc
Drama,11,1317288,Marty Supreme,2025,2025-12-19,15.2286,7.384,1879,https://image.tmdb.org/t/p/w500/lYWEXbQgRTR4ZQleSXAgRbxAjvq.jpg,"Marty Mauser, a young man with a dream no one respects, goes to hell and back in pursuit of greatness.",Drama,primary_release_date.desc|popularity.desc
Drama,12,1371185,Song Sung Blue,2025,2025-12-15,6.279,7.403,258,https://image.tmdb.org/t/p/w500/xStmzLprgzqjzfvpBI7uTbcRpwQ.jpg,"Based on a true story, two down-on-their-luck musicians form a joyous Neil Diamond tribute band, proving it's never too late to find love and follow your dreams.",Drama,primary_release_date.desc
Drama,13,1387382,Hunting Season,2025,2025-12-05,13.906,6.974,253,https://image.tmdb.org/t/p/w500/cbryTyaWdqrKpQCw6K7zm2jrB5v.jpg,"When a reclusive survivalist and his daughter rescue a mysterious, wounded woman from a river, they become entangled in a deadly web of violence and revenge, forcing them to confront a brutal criminal to survive.",Drama,primary_release_date.desc|popularity.desc
Drama,14,1397364,La Grazia,2025,2025-12-05,2.3033,7.348,398,https://image.tmdb.org/t/p/w500/lnPGzi7BNc17WtxXso16CjNjT5K.jpg,"As his tenure as President of Italy nears its end, Mariano De Santis faces wrenching decisions-both political and deeply personal. Amid these moral quandaries, he must confront his own conscience and seek guidance from those closest to him, including his confidante and daughter, Dorotea.",Drama,primary_release_date.desc
Drama,15,1159206,Father Mother Sister Brother,2025,2025-12-01,4.1791,6.403,295,https://image.tmdb.org/t/p/w500/96O3Ol3f2veMxAxYqsML8rOumB9.jpg,"Estranged siblings reunite after years apart, forced to confront unresolved tensions and reevaluate their strained relationships with their emotionally distant parents.",Drama,primary_release_date.desc
Drama,16,858024,Hamnet,2025,2025-11-26,13.0314,7.7,1405,https://image.tmdb.org/t/p/w500/zIcd6yuBucRNof5t9KVuGBHIhXU.jpg,"The powerful story of love and loss that inspired the creation of Shakespeare's timeless masterpiece, Hamlet.",Drama,primary_release_date.desc
Drama,17,1208348,Rental Family,2025,2025-11-20,5.2382,7.7,865,https://image.tmdb.org/t/p/w500/A5lswNlytTUrnMWsuD0NFfhZlf3.jpg,"An American actor in Tokyo struggles to find purpose until he lands an unusual gig: working for a Japanese 'rental family' agency, playing stand-in roles for strangers. As he immerses himself in his clients' worlds, he begins to form genuine bonds that blur the lines between performance and reality.",Drama,primary_release_date.desc
Drama,18,1069905,Jay Kelly,2025,2025-11-14,3.7226,6.177,426,https://image.tmdb.org/t/p/w500/lEXYpY9X17pGC7xYYy17Guv0L3J.jpg,"Famous movie actor Jay Kelly embarks on a journey of self-discovery, confronting both his past and present, accompanied by his devoted manager, Ron.",Drama,primary_release_date.desc
Drama,19,1259102,Eternity,2025,2025-11-10,7.1192,7.1,703,https://image.tmdb.org/t/p/w500/yiwGcjfDKXD5PqQnyKUU9kspWQQ.jpg,"In an afterlife where souls have one week to decide where to spend eternity, Joan is faced with the impossible choice between the man she spent her life with and her first love, who died young and has waited decades for her to arrive.",Drama,primary_release_date.desc
Drama,20,1214931,Nuremberg,2025,2025-11-06,11.6895,7.6,1136,https://image.tmdb.org/t/p/w500/xthXNYltOOm80vW5Kxjzxx5gvQ6.jpg,"In postwar Germany, an American psychiatrist must determine whether Nazi prisoners are fit to go on trial for war crimes, and finds himself in a complex battle of intellect and ethics with Hermann Göring, Hitler's right-hand man.",Drama,primary_release_date.desc
Drama,21,1241983,Train Dreams,2025,2025-11-05,5.6208,7.317,1026,https://image.tmdb.org/t/p/w500/l3zS4YnpOi4usyEXGJMtxSqDDyb.jpg,A logger leads a life of quiet grace as he experiences love and loss during an era of monumental change in early 20th-century America.,Drama,primary_release_date.desc
Drama,22,1327862,Regretting You,2025,2025-10-22,9.3827,7.008,437,https://image.tmdb.org/t/p/w500/z4gVnxTaks3anTycwKjDmvQSuWt.jpg,"Morgan Grant and her daughter Clara explore what's left behind after a devastating accident reveals a shocking betrayal and forces them to confront family secrets, redefine love, and rediscover each other.",Drama,primary_release_date.desc
Drama,23,1230368,Springsteen: Deliver Me from Nowhere,2025,2025-10-22,3.1123,6.688,309,https://image.tmdb.org/t/p/w500/csBV3eq4RDjNg1acNQ8kwOZyPlZ.jpg,"Bruce Springsteen, a young musician on the cusp of global superstardom, struggles to reconcile the pressures of success with the ghosts of his past.",Drama,primary_release_date.desc
Drama,24,1062722,Frankenstein,2025,2025-10-17,17.9496,7.637,3527,https://image.tmdb.org/t/p/w500/g4JtvGlQO7DByTI6frUobqvSL3R.jpg,"Dr. Victor Frankenstein, a brilliant but egotistical scientist, brings a creature to life in a monstrous experiment that ultimately leads to the undoing of both the creator and his tragic creation.",Drama,primary_release_date.desc|popularity.desc
Drama,25,1299655,Blue Moon,2025,2025-10-17,5.5995,6.631,286,https://image.tmdb.org/t/p/w500/dVU7SNc6dgStTVdtbPLQncWxsyZ.jpg,"On the evening of March 31, 1943, legendary lyricist Lorenz Hart confronts his shattered self-confidence in Sardi’s bar as his former collaborator, Richard Rodgers, celebrates the opening night of his ground-breaking hit musical, “Oklahoma!”",Drama,primary_release_date.desc
Drama,26,1156594,Our Fault,2025,2025-10-15,38.1372,7.376,696,https://image.tmdb.org/t/p/w500/yzqHt4m1SeY9FbPrfZ0C2Hi9x1s.jpg,"Jenna and Lion's wedding brings about the long-awaited reunion between Noah and Nick after their breakup. Nick's inability to forgive Noah stands as an insurmountable barrier. He, heir to his grandfather's businesses, and she, starting her professional life, resist fueling a flame that's still alive. But now that their paths have crossed again, will love be stronger than resentment?",Drama,primary_release_date.desc|popularity.desc
Drama,27,1160360,If I Had Legs I'd Kick You,2025,2025-10-10,3.7407,6.345,348,https://image.tmdb.org/t/p/w500/va0TQ9WprMXRqQAzY56vyqY0Yd5.jpg,"With her life crashing down around her, Linda attempts to navigate her child's mysterious illness, her absent husband, a missing person, and an increasingly hostile relationship with her therapist.",Drama,primary_release_date.desc
Drama,28,1277988,Caramelo,2025,2025-10-07,2.1804,7.749,281,https://image.tmdb.org/t/p/w500/c4ZEAah5a01cu27w7vT2IAoFogk.jpg,"After a life-changing diagnosis, a promising chef finds hope and humor with the help of a fur-midable dog friend.",Drama,primary_release_date.desc
Drama,29,1033148,Die My Love,2025,2025-10-06,7.7987,6.125,559,https://image.tmdb.org/t/p/w500/kajpShbFhOdpl6yCrLezMrr9tB4.jpg,"After inheriting a remote Montana house, Jackson moves there from New York with his partner Grace, and the couple soon welcome a child. As Jackson becomes increasingly absent and rural isolation sets in, Grace struggles with loneliness, creative frustration, and unresolved emotional wounds. What begins as an attempt at renewal gradually turns into an intense psychological descent, placing strain on their relationship and exposing the fragile balance between love, identity, and motherhood.",Drama,primary_release_date.desc
Drama,30,1242419,Roofman,2025,2025-10-06,7.3243,7.085,842,https://image.tmdb.org/t/p/w500/wXDFtcnYtevleGzCmAD2ReQnJ4l.jpg,"A former Army Ranger and struggling father turns to robbing McDonald’s restaurants by cutting holes in their roofs, earning him the nickname ""Roofman."" After escaping prison, he secretly lives inside a Toys “R” Us for six months, surviving undetected while planning his next move. But when he falls for a divorced mom drawn to his undeniable charm, his double life begins to unravel, setting off a compelling and suspenseful game of cat and mouse as his past closes in.",Drama,primary_release_date.desc
Drama,31,1290159,A House of Dynamite,2025,2025-10-02,4.5622,6.401,1273,https://image.tmdb.org/t/p/w500/AiJ8L90ftPAwVf3SDx7Fj9IMZoy.jpg,"When a single, unattributed missile is launched at the United States, a race begins to determine who is responsible and how to respond.",Drama,primary_release_date.desc
Drama,32,760329,The Smashing Machine,2025,2025-10-01,4.2864,6.383,627,https://image.tmdb.org/t/p/w500/cwwvrdYeIrARXdiv09GIO6XWK5l.jpg,"In the late 1990s, up-and-coming mixed martial artist Mark Kerr aspires to become the greatest fighter in the world. However, he must also battle his opioid dependence and a volatile relationship with his girlfriend Dawn.",Drama,primary_release_date.desc
Drama,33,1456349,It Was Just an Accident,2025,2025-10-01,4.1211,7.146,587,https://image.tmdb.org/t/p/w500/eNYGj2DG3n8OrVPTfYunpPW9uas.jpg,An unassuming mechanic is reminded of his time in an Iranian prison when he encounters a man he suspects to be his sadistic jailhouse captor.,Drama,primary_release_date.desc
Drama,34,941109,Play Dirty,2025,2025-09-30,10.9208,6.566,641,https://image.tmdb.org/t/p/w500/ovZ0zq0NwRghtWI1oLaM0lWuoEw.jpg,"Expert thief Parker gets a shot at a major heist, but to pull it off he and his team must outsmart a South American dictator, the New York mob, and the world's richest man.",Drama,primary_release_date.desc
Drama,35,1317149,I Swear,2025,2025-09-22,12.0966,8.23,363,https://image.tmdb.org/t/p/w500/vUwyhNWBKkSwK8ELvEeBRwV724h.jpg,"Diagnosed with Tourette Syndrome at 15, John Davidson navigates his way against the odds through troubled teenage years and into adulthood, finding inspiration in the kindness of others to discover his true purpose in life.",Drama,primary_release_date.desc|vote_average.desc
Drama,36,1236470,The Lost Bus,2025,2025-09-19,4.7282,7.035,742,https://image.tmdb.org/t/p/w500/4IPxzGlE17fJAwUTMul4opMeutA.jpg,A determined father risks everything to rescue a dedicated teacher and her students from a raging wildfire.,Drama,primary_release_date.desc
Drama,37,1242404,Steve,2025,2025-09-19,2.2954,6.416,275,https://image.tmdb.org/t/p/w500/wmLoMyofbseLfxiGgk1Iz5H97c3.jpg,"Over one intense day, the devoted head teacher of a last-chance reform school strives to keep his students in line while facing pressures of his own.",Drama,primary_release_date.desc
Drama,38,1252037,The Tank,2025,2025-09-18,9.6463,7.1,444,https://image.tmdb.org/t/p/w500/65Jr1JAgWlu9em8zHhAfrNJJQBt.jpg,"A German Tiger tank crew is sent on a dangerous mission to rescue the missing officer Paul von Hardenburg from a top-secret bunker behind enemy lines. As they make their way through the lethal no-man's land, they must confront not only the enemy, but also their own fears and inner demons. Fueled by the Wehrmacht's methamphetamine, their mission increasingly becomes a journey into the heart of darkness.",Drama,primary_release_date.desc
Drama,39,1241921,A Big Bold Beautiful Journey,2025,2025-09-17,4.9169,6.2,410,https://image.tmdb.org/t/p/w500/uMAkmQlKthQpTMiyPAKOYK3JnMs.jpg,"Sarah and David are single strangers who meet at a mutual friend’s wedding and soon, through a surprising twist of fate, find themselves on a funny, fantastical, sweeping adventure together where they get to re-live important moments from their respective pasts, illuminating how they got to where they are in the present... and possibly getting a chance to alter their futures.",Drama,primary_release_date.desc
Drama,40,1161617,Code 3,2025,2025-09-12,4.8628,7.086,285,https://image.tmdb.org/t/p/w500/gIAYMDb5mIAeCAj76q1sRsKjkzo.jpg,A burned-out paramedic tries to survive his last 24 hours on the job while training a new recruit.,Drama,primary_release_date.desc
Drama,41,1480382,The Voice of Hind Rajab,2025,2025-09-10,4.2755,8.1,301,https://image.tmdb.org/t/p/w500/q7M8kQB46T11vmDMD6E239jsqTz.jpg,"January 29, 2024. Red Crescent volunteers receive an emergency call. A five-year old girl is trapped in a car under fire in Gaza, pleading for rescue. While trying to keep her on the line, they do everything they can to get an ambulance to her. Her name was Hind Rajab.",Drama,primary_release_date.desc
Drama,42,1289936,Downton Abbey: The Grand Finale,2025,2025-09-10,4.263,7.068,272,https://image.tmdb.org/t/p/w500/m1tLlMTCwc6oK6OjWTOI4b32wnA.jpg,"When Mary finds herself at the center of a public scandal and the family faces financial strife, the entire household grapples with the threat of social disgrace. The Crawleys must embrace change as the staff prepares for a new chapter with the next generation leading Downton Abbey into the future.",Drama,primary_release_date.desc
Drama,43,1267905,The Roses,2025,2025-08-27,4.1232,6.67,700,https://image.tmdb.org/t/p/w500/99O8HLHklXGzvF2TqiRqr7WddzT.jpg,"Life seems easy for picture-perfect couple Ivy and Theo: successful careers, a loving marriage, great kids. But beneath the façade of their supposed ideal life, a storm is brewing – as Theo's career nosedives while Ivy's own ambitions take off, a tinderbox of fierce competition and hidden resentment ignites.",Drama,primary_release_date.desc
Drama,44,1088166,Relay,2025,2025-08-21,3.5793,6.973,445,https://image.tmdb.org/t/p/w500/mpwccO2L8LUVtVTJTdgUVgoQqAo.jpg,A broker of lucrative payoffs between corrupt corporations and the individuals who threaten them breaks his own rules when a new client seeks his protection to stay alive.,Drama,primary_release_date.desc
Drama,45,1124566,Sentimental Value,2025,2025-08-20,7.8848,7.456,947,https://image.tmdb.org/t/p/w500/pz9NCWxxOk3o0W3v1Zkhawrwb4i.jpg,"Sisters Nora and Agnes reunite with their estranged father, the charismatic Gustav, a once-renowned director who offers stage actress Nora a role in what he hopes will be his comeback film. When Nora turns it down, she soon discovers he has given her part to an eager young Hollywood star.",Drama,primary_release_date.desc
Drama,46,1312946,The Map That Leads to You,2025,2025-08-19,5.2569,6.611,323,https://image.tmdb.org/t/p/w500/uwvKQIjJpC37IEsEj4ZAn1ITyRy.jpg,"Heather is a young woman traveling Europe with friends before starting her perfectly planned life. A chance meeting with Jack sparks an unexpected romance that leads to deep emotional discovery. As secrets and life choices test their bond, her path changes forever.",Drama,primary_release_date.desc
Drama,47,1419406,The Shadow's Edge,2025,2025-08-16,89.0269,7.813,900,https://image.tmdb.org/t/p/w500/cHKo3m8N1fwvEy2ZEr0xGmmMODV.jpg,Macau Police brings the tracking expert police officer out of retirement to help catch a dangerous group of professional thieves.,Drama,primary_release_date.desc|popularity.desc
Drama,48,1254624,Night Always Comes,2025,2025-08-15,2.5547,6.1,275,https://image.tmdb.org/t/p/w500/1jDo1nG7rtjaaQGpr6e73x9i9Xp.jpg,"Facing eviction in a city her family can no longer afford, a woman plunges into a desperate and increasingly dangerous all-night search to raise $25,000.",Drama,primary_release_date.desc
Drama,49,1307078,My Oxford Year,2025,2025-07-31,6.5526,7.027,603,https://image.tmdb.org/t/p/w500/jrhXbIOFingzdLjkccjg9vZnqIp.jpg,An ambitious American fulfilling her dream of studying at Oxford falls for a charming Brit hiding a secret that may upend her perfectly planned life.,Drama,primary_release_date.desc
Drama,50,1220564,The Secret Agent,2025,2025-07-23,6.7714,7.242,724,https://image.tmdb.org/t/p/w500/iLE2YOmeboeTDC7GlOp1dzh1VFo.jpg,"Brazil, 1977. Marcelo, a technology expert in his early 40s, is on the run. Hoping to reunite with his son, he travels to Recife during Carnival but soon realizes that the city is not the safe haven he was expecting.",Drama,primary_release_date.desc
Fantasy,1,1368881,Ladies First,2026,2026-05-21,12.3924,6.01,362,https://image.tmdb.org/t/p/w500/kjR56Yv17pbjTVBTMjqepvcus4f.jpg,"An arrogant but charismatic ladies' man finds his life of money, power and casual flings upended when he wakes up in a parallel world dominated by women.",Fantasy,primary_release_date.desc|popularity.desc
Fantasy,2,931285,Mortal Kombat II,2026,2026-05-06,274.8922,7.995,1668,https://image.tmdb.org/t/p/w500/hwRdDFIhaEmpRgoki805YvyyjZf.jpg,"The fan favorite champions—now joined by Johnny Cage himself—are pitted against one another in the ultimate, no-holds barred, gory battle to defeat the dark rule of Shao Kahn that threatens the very existence of the Earthrealm and its defenders.",Fantasy,primary_release_date.desc|popularity.desc|vote_average.desc
Fantasy,3,1007757,Swapped,2026,2026-05-01,141.9467,8.96,1798,https://image.tmdb.org/t/p/w500/tHhxWxge06goXU6ZQH1hj7vK8Hd.jpg,"A small woodland creature and a majestic bird, two natural sworn enemies of the Valley, magically trade places and set off on an adventure of a lifetime to switch back. Their journey soon uncovers a greater threat—one that could endanger not only their species, but the entire valley they call home.",Fantasy,primary_release_date.desc|popularity.desc|vote_average.desc
Fantasy,4,1226863,The Super Mario Galaxy Movie,2026,2026-04-01,176.8494,8.223,2827,https://image.tmdb.org/t/p/w500/eJGWx219ZcEMVQJhAgMiqo8tYY.jpg,"Having thwarted Bowser's previous plot to marry Princess Peach, Mario and Luigi now face a fresh threat in Bowser Jr., who is determined to liberate his father from captivity and restore the family legacy. Alongside companions new and old, the brothers travel across the stars to stop the young heir's crusade.",Fantasy,primary_release_date.desc|popularity.desc|vote_average.desc
Fantasy,5,1159831,The Bride!,2026,2026-03-04,15.8079,6.141,541,https://image.tmdb.org/t/p/w500/lV8YHwGkYZsm6EfIqnhaSz2avKt.jpg,A lonely Frankenstein travels to 1930s Chicago to ask groundbreaking scientist Dr. Euphronious to create a companion for him. The two revive a murdered young woman and The Bride is born. But what ensues is beyond what either of them imagined.,Fantasy,primary_release_date.desc|popularity.desc
Fantasy,6,83533,Avatar: Fire and Ash,2025,2025-12-17,140.6391,7.599,3562,https://image.tmdb.org/t/p/w500/bRBeSHfGHwkEpImlhxPmOcUsaeg.jpg,"In the wake of the devastating war against the RDA and the loss of their eldest son, Jake Sully and Neytiri face a new threat on Pandora: the Ash People, a violent and power-hungry Na'vi tribe led by the ruthless Varang. Jake's family must fight for their survival and the future of Pandora in a conflict that pushes them to their emotional and physical limits.",Fantasy,primary_release_date.desc|popularity.desc
Fantasy,7,991494,The SpongeBob Movie: Search for SquarePants,2025,2025-12-16,21.9019,6.85,307,https://image.tmdb.org/t/p/w500/xJnOMMsFASxNiFnG7v3TNIQ3ife.jpg,"Desperate to be a big guy, SpongeBob sets out to prove his bravery to Mr. Krabs by following The Flying Dutchman – a mysterious swashbuckling ghost pirate – on a seafaring adventure that takes him to the deepest depths of the deep sea, where no Sponge has gone before.",Fantasy,primary_release_date.desc|popularity.desc
Fantasy,8,1043197,Dust Bunny,2025,2025-12-11,6.5663,6.7,328,https://image.tmdb.org/t/p/w500/qa5aZpO8tQqhlDaE0flalS1TuIS.jpg,"Ten-year-old Aurora asks her hitman neighbor to kill the monster under her bed that she claims ate her family. To protect her, he must battle an onslaught of assassins while accepting that some monsters are real.",Fantasy,primary_release_date.desc
Fantasy,9,1180831,Troll 2,2025,2025-11-30,7.1074,6.381,485,https://image.tmdb.org/t/p/w500/p6xAExLNFbHcLfvSuvLPoM8aqZU.jpg,"When a dangerous new troll unleashes devastation across their homeland, Nora, Andreas and Major Kris embark on their most perilous mission yet.",Fantasy,primary_release_date.desc
Fantasy,10,967941,Wicked: For Good,2025,2025-11-19,11.0609,6.626,1039,https://image.tmdb.org/t/p/w500/si9tolnefLSUKaqQEGz1bWArOaL.jpg,"As an angry mob rises against the Wicked Witch, Glinda and Elphaba will need to come together one final time. With their singular friendship now the fulcrum of their futures, they will need to truly see each other, with honesty and empathy, if they are to change themselves, and all of Oz, for good.",Fantasy,primary_release_date.desc
Fantasy,11,1062722,Frankenstein,2025,2025-10-17,17.9496,7.637,3527,https://image.tmdb.org/t/p/w500/g4JtvGlQO7DByTI6frUobqvSL3R.jpg,"Dr. Victor Frankenstein, a brilliant but egotistical scientist, brings a creature to life in a monstrous experiment that ultimately leads to the undoing of both the creator and his tragic creation.",Fantasy,primary_release_date.desc|popularity.desc
Fantasy,12,1114967,Good Fortune,2025,2025-10-14,3.6131,6.903,659,https://image.tmdb.org/t/p/w500/rywxUbd4zvHiRP7nOHeDzuQSLIZ.jpg,A well-meaning but rather inept angel named Gabriel meddles in the lives of a struggling gig worker and a wealthy capitalist.,Fantasy,primary_release_date.desc
Fantasy,13,1218925,Chainsaw Man - The Movie: Reze Arc,2025,2025-09-19,27.1832,8.44,960,https://image.tmdb.org/t/p/w500/4IS7CHfTYDx8RZAXG7hU9J1ZcQy.jpg,"In a brutal war between devils, hunters, and secret enemies, a mysterious girl named Reze has stepped into Denji's world, and he faces his deadliest battle yet, fueled by love in a world where survival knows no rules.",Fantasy,primary_release_date.desc|popularity.desc|vote_average.desc
Fantasy,14,1241921,A Big Bold Beautiful Journey,2025,2025-09-17,4.9169,6.2,410,https://image.tmdb.org/t/p/w500/uMAkmQlKthQpTMiyPAKOYK3JnMs.jpg,"Sarah and David are single strangers who meet at a mutual friend’s wedding and soon, through a surprising twist of fate, find themselves on a funny, fantastical, sweeping adventure together where they get to re-live important moments from their respective pasts, illuminating how they got to where they are in the present... and possibly getting a chance to alter their futures.",Fantasy,primary_release_date.desc
Fantasy,15,1125257,Freakier Friday,2025,2025-08-06,34.1986,6.8,718,https://image.tmdb.org/t/p/w500/9wV65OmsjLAqBfDnYTkMPutXH8j.jpg,"Years after Tess and Anna endured an identity crisis, Anna now has a daughter of her own and a soon-to-be stepdaughter. As they navigate the myriad challenges that come when two families merge, Tess and Anna discover lightning might indeed strike twice.",Fantasy,primary_release_date.desc|popularity.desc
Fantasy,16,1246049,Dracula,2025,2025-07-30,39.251,7.172,1291,https://image.tmdb.org/t/p/w500/dYRqA50yd0nB3qBR7AtWEJJQ8q.jpg,"In late 15th-century Eastern Europe, Prince Vlad II’s bride is brutally murdered. As a result, he renounces God and damns Heaven itself. Cursed with eternal life, Vlad is reborn as Dracula, an immortal warlord who defies fate in a blood-soaked crusade to wrench his lost love back from death.",Fantasy,primary_release_date.desc|popularity.desc
Fantasy,17,1311031,Demon Slayer: Kimetsu no Yaiba Infinity Castle,2025,2025-07-18,104.1897,7.7,874,https://image.tmdb.org/t/p/w500/fWVSwgjpT2D78VUh6X8UBd2rorW.jpg,"The Demon Slayer Corps are drawn into the Infinity Castle, where Tanjiro, Nezuko, and the Hashira face terrifying Upper Rank demons in a desperate fight as the final battle against Muzan Kibutsuji begins.",Fantasy,primary_release_date.desc|popularity.desc
Fantasy,18,803796,KPop Demon Hunters,2025,2025-06-20,31.0228,8.018,2926,https://image.tmdb.org/t/p/w500/zT7Lhw3BhJbMkRqm9Zlx2YGMsY0.jpg,"When K-pop superstars Rumi, Mira and Zoey aren't selling out stadiums, they're using their secret powers to protect their fans from supernatural threats.",Fantasy,primary_release_date.desc|popularity.desc|vote_average.desc
Fantasy,19,1087192,How to Train Your Dragon,2025,2025-06-06,23.5747,7.932,2895,https://image.tmdb.org/t/p/w500/q5pXRYTycaeW6dEgsCrd4mYPmxM.jpg,"On the rugged isle of Berk, where Vikings and dragons have been bitter enemies for generations, Hiccup stands apart, defying centuries of tradition when he befriends Toothless, a feared Night Fury dragon. Their unlikely bond reveals the true nature of dragons, challenging the very foundations of Viking society.",Fantasy,primary_release_date.desc|popularity.desc|vote_average.desc
Fantasy,20,842924,The Life of Chuck,2025,2025-06-02,4.3721,7.284,1139,https://image.tmdb.org/t/p/w500/oumprkO9bThExP8NwxBIBnvBu2v.jpg,"In this extraordinary story of an ordinary man, Charles 'Chuck' Krantz experiences the wonder of love, the heartbreak of loss, and the multitudes contained in all of us.",Fantasy,primary_release_date.desc
Fantasy,21,1098006,Fountain of Youth,2025,2025-05-19,5.4194,6.261,945,https://image.tmdb.org/t/p/w500/4iWjGghUj2uyHo2Hyw8NFBvsNGm.jpg,"A treasure-hunting mastermind assembles a team for a life-changing adventure. But to outwit and outrun threats at every turn, he'll need someone even smarter than he is: his estranged sister.",Fantasy,primary_release_date.desc
Fantasy,22,896536,The Legend of Ochi,2025,2025-04-18,4.3318,6.177,317,https://image.tmdb.org/t/p/w500/qYyEelO4JfOwE0Ui5KsrCE0O8UA.jpg,"In a remote village on the island of Carpathia, a shy farm girl named Yuri is raised to fear an elusive animal species known as ochi. But when Yuri discovers a wounded baby ochi has been left behind, she escapes on a quest to bring him home.",Fantasy,primary_release_date.desc
Fantasy,23,950387,A Minecraft Movie,2025,2025-03-31,28.5553,6.26,3052,https://image.tmdb.org/t/p/w500/yFHHfHcUgGAxziP1C3lLt0q2T4s.jpg,"Four misfits find themselves struggling with ordinary problems when they are suddenly pulled through a mysterious portal into the Overworld: a bizarre, cubic wonderland that thrives on imagination. To get back home, they'll have to master this world while embarking on a magical quest with an unexpected, expert crafter, Steve.",Fantasy,primary_release_date.desc|popularity.desc
Fantasy,24,1153714,Death of a Unicorn,2025,2025-03-17,7.7099,6.4,839,https://image.tmdb.org/t/p/w500/xWlF2i51zUq7BUq4iJte1g9NyIM.jpg,"A father and daughter accidentally hit and kill a unicorn while en route to a weekend retreat, where his billionaire boss seeks to exploit the creature’s miraculous curative properties.",Fantasy,primary_release_date.desc
Fantasy,25,324544,In the Lost Lands,2025,2025-02-27,6.6635,6.368,826,https://image.tmdb.org/t/p/w500/dDlfjR7gllmr8HTeN6rfrYhTdwX.jpg,"A queen sends the powerful and feared sorceress Gray Alys to the ghostly wilderness of the Lost Lands in search of a magical power, where she and her guide, the drifter Boyce, must outwit and outfight both man and demon.",Fantasy,primary_release_date.desc
Fantasy,26,1405338,Demon City,2025,2025-02-26,4.6294,6.9,330,https://image.tmdb.org/t/p/w500/fQ9hzto0cUuxjfzqNAiAnNJo8O7.jpg,"Framed for his family's murder and left for dead, an ex-hitman will stop at nothing to exact revenge on the masked ""demons"" who have taken over his city.",Fantasy,primary_release_date.desc
Fantasy,27,1203329,The Witcher: Sirens of the Deep,2025,2025-02-10,3.0178,6.826,276,https://image.tmdb.org/t/p/w500/y0pR5aBVvPn5uncaZjl94ZEnuEF.jpg,"When human sailors are attacked by mysterious creatures of the deep, only one person can stop the war between land and sea: the Witcher, Geralt of Rivia.",Fantasy,primary_release_date.desc
Fantasy,28,980477,Ne Zha 2,2025,2025-01-29,35.8266,8.164,728,https://image.tmdb.org/t/p/w500/cb5NyNrqiCNNoDkA8FfxHAtypdG.jpg,"After a catastrophic event leaves their bodies destroyed, Ne Zha and Ao Bing are granted a fragile second chance at life. As tensions rise between the dragon clans and celestial forces, the two must undergo a series of perilous trials that will test their bond, challenge their identities, and decide the fate of both mortals and immortals.",Fantasy,primary_release_date.desc|popularity.desc|vote_average.desc
Fantasy,29,426063,Nosferatu,2024,2024-12-25,12.069,6.7,3704,https://image.tmdb.org/t/p/w500/5qGIxdEO841C0tdY8vOdLoRVrr0.jpg,"A gothic tale of obsession between a haunted young woman and the terrifying vampire infatuated with her, causing untold horror in its wake.",Fantasy,primary_release_date.desc
Fantasy,30,839033,The Lord of the Rings: The War of the Rohirrim,2024,2024-12-05,5.9699,6.548,868,https://image.tmdb.org/t/p/w500/hE9SAMyMSUGAPsHUGdyl6irv11v.jpg,"A sudden attack by Wulf, a clever and traitorous lord of Rohan seeking vengeance for the death of his father, forces Helm Hammerhand, the King of Rohan, and his people to make a daring last stand in the ancient stronghold of the Hornburg.",Fantasy,primary_release_date.desc
Fantasy,31,645757,That Christmas,2024,2024-11-27,3.4176,7.1,434,https://image.tmdb.org/t/p/w500/uR3uhztTAxGGK7Co0yyxVy4Gc7H.jpg,It's an unforgettable Christmas for the townsfolk of Wellington-on-Sea when the worst snowstorm in history alters everyone's plans — including Santa's.,Fantasy,primary_release_date.desc
Fantasy,32,1357633,Solo Leveling -ReAwakening-,2024,2024-11-26,17.2145,7.16,272,https://image.tmdb.org/t/p/w500/dblIFen0bNZAq8icJXHwrjfymDW.jpg,"Over a decade after 'gates' connecting worlds appeared, awakening 'hunters' with superpowers, weakest hunter Sung Jinwoo encounters a double dungeon and accepts a mysterious quest, becoming the only one able to level up, changing his fate. A catch-up recap of the first season coupled with an exclusive sneak peek of the first two episodes of the highly anticipated second season in one momentous theatrical fan experience.",Fantasy,primary_release_date.desc|popularity.desc
Fantasy,33,1097870,Dear Santa,2024,2024-11-24,2.3638,6.217,502,https://image.tmdb.org/t/p/w500/fRbDHbGBXg6kwQYr3CRYeKPJW5q.jpg,"Likeable 6th grader Liam writes to Santa asking him to prove that he's real. But Liam is dyslexic and accidentally sends his letter to Satan instead, who shows up at Liam's house, excited to have his first fanboy letter and wanting a little of Liam's soul.",Fantasy,primary_release_date.desc
Fantasy,34,592983,Spellbound,2024,2024-11-22,5.1963,6.585,317,https://image.tmdb.org/t/p/w500/4dSrwXJNKtMtlkwJPgZMkjjuHvD.jpg,"When a powerful spell turns her parents into giant monsters, a teenage princess must journey into the wild to reverse the curse before it's too late.",Fantasy,primary_release_date.desc
Fantasy,35,1241982,Moana 2,2024,2024-11-21,26.2834,7.008,3105,https://image.tmdb.org/t/p/w500/aLVkiINlIeCkcZIzb7XHzPYgO6L.jpg,"After receiving an unexpected call from her wayfinding ancestors, Moana journeys alongside Maui and a new crew to the far seas of Oceania and into dangerous, long-lost waters for an adventure unlike anything she's ever faced.",Fantasy,primary_release_date.desc|popularity.desc
Fantasy,36,1147416,"Miraculous World: London, at the Edge of Time",2024,2024-11-14,7.6891,7.5,309,https://image.tmdb.org/t/p/w500/6AtoMpHvs9pxd30KsyK8QmJ9W9M.jpg,"To save the future from a terrible fate, Marinette becomes Chronobug and teams up with Bunnyx to defeat a mysterious opponent who travels through time.",Fantasy,primary_release_date.desc
Fantasy,37,845781,Red One,2024,2024-10-31,11.2017,6.983,3058,https://image.tmdb.org/t/p/w500/cdqLnri3NEGcmfnqwk2TSIYtddg.jpg,"After Santa Claus (codename: Red One) is kidnapped, the North Pole's Head of Security must team up with the world's most infamous tracker in a globe-trotting, action-packed mission to save Christmas.",Fantasy,primary_release_date.desc|popularity.desc
Fantasy,38,402431,Wicked,2024,2024-10-16,16.5768,6.9,3068,https://image.tmdb.org/t/p/w500/xDGbZ0JJ3mYaGKy4Nzd9Kph6M9L.jpg,"In the land of Oz, ostracized and misunderstood green-skinned Elphaba is forced to share a room with the popular aristocrat Glinda at Shiz University, and the two's unlikely friendship is tested as they begin to fulfill their respective destinies as Glinda the Good and the Wicked Witch of the West.",Fantasy,primary_release_date.desc|popularity.desc
Fantasy,39,917496,Beetlejuice Beetlejuice,2024,2024-09-04,10.0457,6.932,3146,https://image.tmdb.org/t/p/w500/kKgQzkUCnQmeTPkyIwHly2t6ZFI.jpg,"After a family tragedy, three generations of the Deetz family return home to Winter River. Still haunted by Betelgeuse, Lydia's life is turned upside down when her teenage daughter, Astrid, accidentally opens the portal to the Afterlife.",Fantasy,primary_release_date.desc
Fantasy,40,823219,Flow,2024,2024-08-29,16.0235,8.082,2875,https://image.tmdb.org/t/p/w500/z2sG41PxfL1hnL1mHbxzSREUtOf.jpg,"A solitary cat, displaced by a great flood, finds refuge on a boat with various species and must navigate the challenges of adapting to a transformed world together.",Fantasy,primary_release_date.desc|popularity.desc|vote_average.desc
Fantasy,41,826510,Harold and the Purple Crayon,2024,2024-07-31,2.9289,6.626,364,https://image.tmdb.org/t/p/w500/qtW6bWUEqfPLaD6KnetIlSG4adf.jpg,"Inside of his book, adventurous Harold can make anything come to life simply by drawing it. After he grows up and draws himself off the book's pages and into the physical world, Harold finds he has a lot to learn about real life.",Fantasy,primary_release_date.desc
Fantasy,42,974262,Descendants: The Rise of Red,2024,2024-07-11,8.475,6.741,483,https://image.tmdb.org/t/p/w500/8fYluTtB3b3HKO7KQa5tzrvGaps.jpg,"After the Queen of Hearts incites a coup on Auradon, her rebellious daughter Red and Cinderella's perfectionist daughter Chloe join forces and travel back in time to try to undo the traumatic event that set Red's mother down her villainous path.",Fantasy,primary_release_date.desc
Fantasy,43,1086747,The Watchers,2024,2024-06-06,7.8442,6.348,1612,https://image.tmdb.org/t/p/w500/vZVEUPychdvZLrTNwWErr9xZFmu.jpg,"A young artist gets stranded in an extensive, immaculate forest in western Ireland, where, after finding shelter, she becomes trapped alongside three strangers, stalked by mysterious creatures each night.",Fantasy,primary_release_date.desc
Fantasy,44,1263421,Baki Hanma VS Kengan Ashura,2024,2024-06-05,5.7762,7.663,393,https://image.tmdb.org/t/p/w500/etbHJxil0wHvYOCmibzFLsMcl2C.jpg,"It's the ultimate showdown. The toughest fighters from ""Baki Hanma"" and ""Kengan Ashura"" clash in this unprecedented, hard-hitting martial arts crossover.",Fantasy,primary_release_date.desc
Fantasy,45,639720,IF,2024,2024-05-08,7.1028,7.0,1620,https://image.tmdb.org/t/p/w500/xbKFv4KF3sVYuWKllLlwWDmuZP7.jpg,"After discovering she can see everyone's imaginary friends, a girl embarks on a magical adventure to reconnect forgotten imaginary friends with their kids.",Fantasy,primary_release_date.desc
Fantasy,46,967847,Ghostbusters: Frozen Empire,2024,2024-03-20,6.4061,6.46,2186,https://image.tmdb.org/t/p/w500/e1J2oNzSBdou01sUvriVuoYp0pJ.jpg,"The Spengler family returns to where it all started - the iconic New York City firehouse - to team up with the original Ghostbusters, who've developed a top-secret research lab to take busting ghosts to the next level. But when the discovery of an ancient artifact unleashes an evil force, Ghostbusters new and old must join forces to protect their home and save the world from a second Ice Age.",Fantasy,primary_release_date.desc
Fantasy,47,1019420,Irish Wish,2024,2024-03-14,2.5374,6.1,522,https://image.tmdb.org/t/p/w500/v4Bb70dpIIQoEnZAHnm3nzCPauU.jpg,Maddie's dream guy is days away from marrying her best friend when a wish for true love made on an ancient stone in Ireland magically alters her fate.,Fantasy,primary_release_date.desc
Fantasy,48,763215,Damsel,2024,2024-03-07,6.9553,6.982,2799,https://image.tmdb.org/t/p/w500/AgHbB9DCE9aE57zkHjSmseszh6e.jpg,A young woman's marriage to a charming prince turns into a fierce fight for survival when she's offered up as a sacrifice to a fire-breathing dragon.,Fantasy,primary_release_date.desc
Fantasy,49,1011985,Kung Fu Panda 4,2024,2024-03-02,20.174,7.006,3549,https://image.tmdb.org/t/p/w500/kDp1vUBnMpe8ak4rjgl3cLELqjU.jpg,"Po is gearing up to become the spiritual leader of his Valley of Peace, but also needs someone to take his place as Dragon Warrior. As such, he will train a new kung fu practitioner for the spot and will encounter a villain called the Chameleon who conjures villains from the past.",Fantasy,primary_release_date.desc|popularity.desc
Fantasy,50,1147400,"Miraculous World: Paris, Tales of Shadybug and Claw Noir",2024,2024-02-11,5.1043,7.3,545,https://image.tmdb.org/t/p/w500/7Md3nuV0ZprBTnkdR3OrUCEsrSP.jpg,Ladybug and Cat Noir discover the existence of a parallel universe in which they're supervillains determined to seize the Butterfly Miraculous.,Fantasy,primary_release_date.desc
Film-Noir,1,1083381,Backrooms,2026,2026-05-27,150.3394,6.9,734,https://image.tmdb.org/t/p/w500/rhGx6E3qRNMgj3i5su2oukNHwIQ.jpg,A strange doorway appears in the basement of a furniture showroom.,Mystery,primary_release_date.desc|popularity.desc
Film-Noir,2,1439930,The Punisher: One Last Kill,2026,2026-05-12,126.4529,8.343,1717,https://image.tmdb.org/t/p/w500/qQclTgLMDvGBuUBFGHRipxkEwWR.jpg,"As Frank Castle searches for meaning beyond revenge, an unexpected force pulls him back into the fight.",Crime,primary_release_date.desc|popularity.desc|vote_average.desc
Film-Noir,3,1330021,Remarkably Bright Creatures,2026,2026-05-07,29.4338,8.573,668,https://image.tmdb.org/t/p/w500/9HcEqn3D4J6b2Z0jK54id9nA0fr.jpg,"Through unlikely bonds formed during night shifts at a local aquarium, Tova, an elderly widow, learns of a life-changing discovery that may bring her joy and wonder once again.",Mystery,primary_release_date.desc|popularity.desc|vote_average.desc
Film-Noir,4,1301421,The Sheep Detectives,2026,2026-04-30,212.1504,7.642,316,https://image.tmdb.org/t/p/w500/6QtL9rl3Zb4d8qW6EJ4qO5hSSfU.jpg,"George Hardy is a shepherd who reads detective novels to his beloved sheep every night, assuming they can't possibly understand. But when a mysterious incident disrupts life on the farm, the sheep realize they must become the detectives. As they follow the clues and investigate human suspects, they prove that even sheep can be brilliant crime-solvers.",Crime|Mystery,primary_release_date.desc|popularity.desc|vote_average.desc
Film-Noir,5,1304313,Lee Cronin's The Mummy,2026,2026-04-15,135.4728,8.023,1973,https://image.tmdb.org/t/p/w500/1q308iixueCU4pFtSYugNOevtNx.jpg,"The young daughter of a journalist disappears into the desert without a trace—eight years later, the broken family is shocked when she is returned to them, as what should be a joyful reunion turns into a living nightmare.",Mystery,primary_release_date.desc|popularity.desc|vote_average.desc
Film-Noir,6,1115544,Mike & Nick & Nick & Alice,2026,2026-03-14,15.4241,6.694,373,https://image.tmdb.org/t/p/w500/7F0jc75HrSkLVcvOXR2FXAIwuEv.jpg,"Two gangsters and the woman they love try to survive the most dangerous night of their lives. As if that wasn’t enough, there’s one wild ingredient added to the mix: a time machine.",Crime,primary_release_date.desc|popularity.desc
Film-Noir,7,1480387,undertone,2026,2026-03-12,28.6924,6.126,278,https://image.tmdb.org/t/p/w500/2PFgFMnrdCPXWiZl1PUvky7Mo9D.jpg,The host of a popular paranormal podcast becomes haunted by terrifying recordings mysteriously sent her way.,Mystery,primary_release_date.desc|popularity.desc
Film-Noir,8,875828,Peaky Blinders: The Immortal Man,2026,2026-03-05,22.8884,7.248,1038,https://image.tmdb.org/t/p/w500/gRMalasZEzsZi4w2VFuYusfSfqf.jpg,"After his estranged son gets embroiled in a Nazi plot, self-exiled gangster Tommy Shelby must return to Birmingham to save his family — and his nation.",Crime,primary_release_date.desc|popularity.desc
Film-Noir,9,1159559,Scream 7,2026,2026-02-25,47.3752,6.188,1080,https://image.tmdb.org/t/p/w500/jjyuk0edLiW8vOSnlfwWCCLpbh5.jpg,"When a new Ghostface killer emerges in the quiet town where Sidney Prescott has built a new life, her darkest fears are realized as her daughter becomes the next target. Determined to protect her family, Sidney must face the horrors of her past to put an end to the bloodshed once and for all.",Crime|Mystery,primary_release_date.desc|popularity.desc
Film-Noir,10,1171145,Crime 101,2026,2026-02-11,37.8193,6.997,1105,https://image.tmdb.org/t/p/w500/tVvpFIoteRHNnoZMhdnwIVwJpCA.jpg,"When an elusive thief whose high-stakes heists unfold along the iconic 101 freeway in Los Angeles eyes the score of a lifetime, with hopes of this being his final job, his path collides with a disillusioned insurance broker who is facing her own crossroads. Determined to crack the case, a relentless detective closes in on the operation, raising the stakes even higher.",Crime,primary_release_date.desc|popularity.desc
Film-Noir,11,1116201,Iron Lung,2026,2026-01-30,19.1896,6.964,294,https://image.tmdb.org/t/p/w500/sIwakdbMGS1krtgendTWpxTY9Hw.jpg,"In a post-apocalyptic future where an event known as ""The Quiet Rapture"" caused all known stars and habitable planets in the universe to disappear, a convict is sent to search an ocean of blood discovered on a desolate moon, using a small submarine nicknamed the ""Iron Lung"".",Mystery,primary_release_date.desc|popularity.desc
Film-Noir,12,1290821,Shelter,2026,2026-01-28,43.8481,7.681,1304,https://image.tmdb.org/t/p/w500/buPFnHZ3xQy6vZEHxbHgL1Pc6CR.jpg,"A man living in self-imposed exile on a remote island rescues a young girl from a violent storm, setting off a chain of events that forces him out of seclusion to protect her from enemies tied to his past.",Crime,primary_release_date.desc|popularity.desc
Film-Noir,13,1168190,The Wrecking Crew,2026,2026-01-28,29.7056,7.029,1089,https://image.tmdb.org/t/p/w500/gbVwHl4YPSq6BcC92TQpe7qUTh6.jpg,"Estranged half-brothers Jonny and James reunite after their father's mysterious death. As they search for the truth, buried secrets reveal a conspiracy threatening to tear their family apart.",Crime|Mystery,primary_release_date.desc|popularity.desc
Film-Noir,14,1193501,Whistle,2026,2026-01-20,14.3937,6.329,488,https://image.tmdb.org/t/p/w500/vgonf5kGsiijUBjzxKTvechhT28.jpg,"A misfit group of unwitting high school students stumble upon a cursed object, an ancient Aztec Death Whistle. They discover that blowing the whistle and the terrifying sound it emits will summon their future deaths to hunt them down.",Mystery,primary_release_date.desc|popularity.desc
Film-Noir,15,1306368,The Rip,2026,2026-01-13,20.9822,7.088,1693,https://image.tmdb.org/t/p/w500/4wsYWH73Hb1B6noGIFaRQSAkuXj.jpg,"Trust frays when a team of Miami cops discovers millions in cash inside a run-down stash house, calling everyone — and everything — into question.",Crime,primary_release_date.desc|popularity.desc
Film-Noir,16,1368166,The Housemaid,2025,2025-12-18,53.8426,7.267,2498,https://image.tmdb.org/t/p/w500/cWsBscZzwu5brg9YjNkGewRUvJX.jpg,"Trying to escape her past, Millie Calloway accepts a job as a live-in housemaid for the wealthy Nina and Andrew Winchester. But what begins as a dream job quickly unravels into something far more dangerous—a sexy, seductive game of secrets, scandal, and power.",Mystery,primary_release_date.desc|popularity.desc
Film-Noir,17,1291608,Dhurandhar,2025,2025-12-05,59.8702,7.274,312,https://image.tmdb.org/t/p/w500/snBOuXDdhmTvlzMUvP9Em3Pp1u1.jpg,"A mysterious traveler slips into the heart of Karachi's underbelly and rises through its ranks with lethal precision, only to tear the notorious ISI-Underworld nexus apart from within.",Crime,primary_release_date.desc|popularity.desc
Film-Noir,18,1084242,Zootopia 2,2025,2025-11-26,72.2435,7.671,2993,https://image.tmdb.org/t/p/w500/oJ7g2CifqpStmoYQyaLQgEU32qO.jpg,"After cracking the biggest case in Zootopia's history, rookie cops Judy Hopps and Nick Wilde find themselves on the twisting trail of a great mystery when Gary De'Snake arrives and turns the animal metropolis upside down. To crack the case, Judy and Nick must go undercover to unexpected new parts of town, where their growing partnership is tested like never before.",Mystery,primary_release_date.desc|popularity.desc|vote_average.desc
Film-Noir,19,812583,Wake Up Dead Man: A Knives Out Mystery,2025,2025-11-26,10.4972,7.206,2565,https://image.tmdb.org/t/p/w500/qCOGGi8JBVEZMc3DVby8rUivyXz.jpg,"When young priest Jud Duplenticy is sent to assist charismatic firebrand Monsignor Jefferson Wicks, it’s clear that all is not well in the pews. After a sudden and seemingly impossible murder rocks the town, the lack of an obvious suspect prompts local police chief Geraldine Scott to join forces with renowned detective Benoit Blanc to unravel a mystery that defies all logic.",Mystery,primary_release_date.desc|popularity.desc
Film-Noir,20,1218762,Jingle Bell Heist,2025,2025-11-25,1.0475,6.025,256,https://image.tmdb.org/t/p/w500/rVOQF2Ucekug1B80A9crVx7Jn90.jpg,Two down-on-their-luck hourly workers team up to rob a posh London department store on Christmas Eve. Will they steal each other's hearts along the way?,Crime,primary_release_date.desc
Film-Noir,21,628847,Trap House,2025,2025-11-14,8.509,6.593,281,https://image.tmdb.org/t/p/w500/6tpAPeuuqbVnYWWPoOLEDLSBU7a.jpg,"An undercover DEA agent and his partner embark on a game of cat and mouse with an audacious, and surprising group of thieves – their own rebellious teenagers, who have begun robbing from a dangerous cartel, using their parents' tactics and top-secret intel to do it.",Crime,primary_release_date.desc
Film-Noir,22,425274,Now You See Me: Now You Don't,2025,2025-11-12,25.5161,6.496,1590,https://image.tmdb.org/t/p/w500/oD3Eey4e4Z259XLm3eD3WGcoJAh.jpg,"The original Four Horsemen reunite with a new generation of illusionists to take on powerful diamond heiress Veronika Vanderberg, who leads a criminal empire built on money laundering and trafficking. The new and old magicians must overcome their differences to work together on their most ambitious heist yet.",Crime,primary_release_date.desc|popularity.desc
Film-Noir,23,1400782,The Perfect Neighbor,2025,2025-10-10,2.7813,6.802,296,https://image.tmdb.org/t/p/w500/2NE7yN45zo19o4LJr6JFxDWmh2b.jpg,"Police bodycam footage reveals how a long-running neighborhood dispute turned fatal in this documentary about fear, prejudice and Stand Your Ground laws.",Crime,primary_release_date.desc
Film-Noir,24,1290879,The Woman in Cabin 10,2025,2025-10-09,3.929,6.185,1046,https://image.tmdb.org/t/p/w500/4kpdyePOlcELQQJcxXPF5GB1Adw.jpg,"On a lavish yacht for an assignment, a journalist sees a passenger go overboard. But when no one believes her, she risks her life to uncover the truth.",Crime|Mystery,primary_release_date.desc
Film-Noir,25,1242419,Roofman,2025,2025-10-06,7.3243,7.085,842,https://image.tmdb.org/t/p/w500/wXDFtcnYtevleGzCmAD2ReQnJ4l.jpg,"A former Army Ranger and struggling father turns to robbing McDonald’s restaurants by cutting holes in their roofs, earning him the nickname ""Roofman."" After escaping prison, he secretly lives inside a Toys “R” Us for six months, surviving undetected while planning his next move. But when he falls for a divorced mom drawn to his undeniable charm, his double life begins to unravel, setting off a compelling and suspenseful game of cat and mouse as his past closes in.",Crime,primary_release_date.desc
Film-Noir,26,1456349,It Was Just an Accident,2025,2025-10-01,4.1211,7.146,587,https://image.tmdb.org/t/p/w500/eNYGj2DG3n8OrVPTfYunpPW9uas.jpg,An unassuming mechanic is reminded of his time in an Iranian prison when he encounters a man he suspects to be his sadistic jailhouse captor.,Crime|Mystery,primary_release_date.desc
Film-Noir,27,941109,Play Dirty,2025,2025-09-30,10.9208,6.566,641,https://image.tmdb.org/t/p/w500/ovZ0zq0NwRghtWI1oLaM0lWuoEw.jpg,"Expert thief Parker gets a shot at a major heist, but to pull it off he and his team must outsmart a South American dictator, the New York mob, and the world's richest man.",Crime,primary_release_date.desc
Film-Noir,28,639988,No Other Choice,2025,2025-09-24,8.6926,7.5,1115,https://image.tmdb.org/t/p/w500/vc2S0dvgpsM0XfSiXZDMVkRCSSU.jpg,"After being laid off and humiliated by a ruthless job market, a veteran paper mill manager descends into violence in a desperate bid to reclaim his dignity.",Crime,primary_release_date.desc|popularity.desc
Film-Noir,29,1054867,One Battle After Another,2025,2025-09-23,16.1172,7.35,3828,https://image.tmdb.org/t/p/w500/lbBWwxBht4JFP5PsuJ5onpMqugW.jpg,"Washed-up revolutionary Bob exists in a state of stoned paranoia, surviving off-grid with his spirited, self-reliant daughter, Willa. When his evil nemesis resurfaces after 16 years and she goes missing, the former radical scrambles to find her, father and daughter both battling the consequences of his past.",Crime,primary_release_date.desc|popularity.desc
Film-Noir,30,1408208,Exit 8,2025,2025-08-28,19.9391,6.863,512,https://image.tmdb.org/t/p/w500/nQXYTvm6AY4WmtcPskroqC7Skh.jpg,"A man trapped in an endless sterile subway passageway sets out to find Exit 8. The rules of his quest are simple: do not overlook anything out of the ordinary. If you discover an anomaly, turn back immediately. If you don’t, carry on. Then leave from Exit 8. But even a single oversight will send him back to the beginning. Will he ever reach his goal and escape this infinite corridor?",Mystery,primary_release_date.desc|popularity.desc
Film-Noir,31,1245993,Caught Stealing,2025,2025-08-26,4.3868,6.863,1001,https://image.tmdb.org/t/p/w500/cvda8s5J8YaHjTyEyXQpvD6f3iV.jpg,"Burned-out ex-baseball player Hank Thompson unexpectedly finds himself embroiled in a dangerous struggle for survival amidst the criminal underbelly of late 1990s New York City, forced to navigate a treacherous underworld he never imagined.",Crime,primary_release_date.desc
Film-Noir,32,744653,The Thursday Murder Club,2025,2025-08-22,4.2463,6.591,1032,https://image.tmdb.org/t/p/w500/jbnazCHr8S2l2glyvjPTpa4NbEw.jpg,A group of senior sleuths passionate about solving cold cases get plunged into a real-life murder mystery in this comic crime caper.,Crime|Mystery,primary_release_date.desc
Film-Noir,33,1151334,Eenie Meanie,2025,2025-08-21,4.1202,6.319,329,https://image.tmdb.org/t/p/w500/12Va3oO3oYUdOd75zM57Nx1976a.jpg,A former teenage getaway driver gets dragged back into her unsavory past when a former employer offers her a chance to save the life of her chronically unreliable ex-boyfriend.,Crime,primary_release_date.desc
Film-Noir,34,1419406,The Shadow's Edge,2025,2025-08-16,89.0269,7.813,900,https://image.tmdb.org/t/p/w500/cHKo3m8N1fwvEy2ZEr0xGmmMODV.jpg,Macau Police brings the tracking expert police officer out of retirement to help catch a dangerous group of professional thieves.,Crime,primary_release_date.desc|popularity.desc|vote_average.desc
Film-Noir,35,1254624,Night Always Comes,2025,2025-08-15,2.5547,6.1,275,https://image.tmdb.org/t/p/w500/1jDo1nG7rtjaaQGpr6e73x9i9Xp.jpg,"Facing eviction in a city her family can no longer afford, a woman plunges into a desperate and increasingly dangerous all-night search to raise $25,000.",Crime,primary_release_date.desc
Film-Noir,36,1078605,Weapons,2025,2025-08-04,17.1243,7.257,3516,https://image.tmdb.org/t/p/w500/cpf7vsRZ0MYRQcnLWteD5jK9ymT.jpg,"When all but one child from the same class mysteriously vanish on the same night at exactly the same time, a community is left questioning who or what is behind their disappearance.",Mystery,primary_release_date.desc|popularity.desc
Film-Noir,37,1196573,She Rides Shotgun,2025,2025-07-31,5.3815,7.012,291,https://image.tmdb.org/t/p/w500/nvqW8mOm818QDio3GKKmPLK8kXj.jpg,"Newly released from prison and marked for death by unrelenting enemies, Nate must now protect his estranged 11-year-old daughter, Polly, at all costs. With scant resources and no one to trust, Nate and Polly forge a bond under fire as he shows her how to fight and survive—and she teaches him the true meaning of unconditional love.",Crime,primary_release_date.desc
Film-Noir,38,1035259,The Naked Gun,2025,2025-07-30,11.9409,6.372,1769,https://image.tmdb.org/t/p/w500/rwla9vqzrKVVKVKiOuROTIXGsxj.jpg,"Only one man has the particular set of skills... to lead Police Squad and save the world: Lt. Frank Drebin Jr. Following in his father's footsteps, he must solve a murder case to prevent Police Squad from closure.",Crime,primary_release_date.desc|popularity.desc
Film-Noir,39,1106289,The Pickup,2025,2025-07-27,4.8327,6.397,481,https://image.tmdb.org/t/p/w500/vFWvWhfAvij8UIngg2Vf6JV95Cr.jpg,A routine cash pickup takes a wild turn when mismatched armored truck drivers Russell and Travis are ambushed by ruthless criminals led by savvy mastermind Zoe.,Crime,primary_release_date.desc
Film-Noir,40,1175942,The Bad Guys 2,2025,2025-07-24,15.5725,7.652,801,https://image.tmdb.org/t/p/w500/26oSPnq0ct59l07QOXZKyzsiRtN.jpg,"The now-reformed Bad Guys are trying (very, very hard) to be good, but instead find themselves hijacked into a high-stakes, globe-trotting heist, masterminded by a new team of criminals they never saw coming: The Bad Girls.",Crime,primary_release_date.desc|popularity.desc
Film-Noir,41,926606,The Home,2025,2025-07-24,3.1556,6.873,271,https://image.tmdb.org/t/p/w500/qyGY1k5GqAORsVhfZA3gFKirZWD.jpg,"A troubled man starts working at a retirement home and realizes its residents and caretakers harbor sinister secrets. As he investigates the building and its forbidden fourth floor, he starts to uncover connections to his own past and upbringing as a foster child.",Mystery,primary_release_date.desc
Film-Noir,42,1220564,The Secret Agent,2025,2025-07-23,6.7714,7.242,724,https://image.tmdb.org/t/p/w500/iLE2YOmeboeTDC7GlOp1dzh1VFo.jpg,"Brazil, 1977. Marcelo, a technology expert in his early 40s, is on the run. Hoping to reunite with his son, he travels to Recife during Carnival but soon realizes that the city is not the safe haven he was expecting.",Crime,primary_release_date.desc
Film-Noir,43,648878,Eddington,2025,2025-07-16,4.3701,6.5,828,https://image.tmdb.org/t/p/w500/4GIqZUgPZ146BhibsPHMHef2nXX.jpg,"In May of 2020, a standoff between a small-town sheriff and mayor sparks a powder keg as neighbor is pitted against neighbor in Eddington, New Mexico.",Crime,primary_release_date.desc
Film-Noir,44,1239193,Deep Cover,2025,2025-06-12,5.6675,6.711,592,https://image.tmdb.org/t/p/w500/yYfaChljpg6eo9ZlFyTmI81PMZC.jpg,"Kat is an improv comedy teacher beginning to question if she’s missed her shot at success. When an undercover cop offers her the role of a lifetime, she recruits two of her students to infiltrate London’s gangland by impersonating dangerous criminals.",Crime,primary_release_date.desc
Film-Noir,45,1426776,STRAW,2025,2025-06-05,8.6792,7.71,966,https://image.tmdb.org/t/p/w500/t3cmnXYtxJb9vVL1ThvT2CWSe1n.jpg,What will be her last straw? A devastatingly bad day pushes a hardworking single mother to the breaking point — and into a shocking act of desperation.,Crime,primary_release_date.desc
Film-Noir,46,541671,Ballerina,2025,2025-06-04,19.9223,7.256,2687,https://image.tmdb.org/t/p/w500/2VUmvqsHb6cEtdfscEA6fqqVzLg.jpg,"Taking place during the events of John Wick: Chapter 3 – Parabellum, Eve Macarro begins her training in the assassin traditions of the Ruska Roma.",Crime,primary_release_date.desc|popularity.desc
Film-Noir,47,1397832,A Widow's Game,2025,2025-05-30,2.9473,6.3,283,https://image.tmdb.org/t/p/w500/yZOdrJDl2GwREoigC0y40kMosxj.jpg,"When a man is found dead, the investigation shatters his widow's perfect facade and exposes a hidden double life in this thriller based on real events.",Mystery,primary_release_date.desc
Film-Noir,48,1137350,The Phoenician Scheme,2025,2025-05-23,5.7534,6.5,937,https://image.tmdb.org/t/p/w500/u2jxeYLXTYfu0bqJmnLGIgZswib.jpg,"Wealthy businessman Zsa-zsa Korda appoints his only daughter, a nun, as sole heir to his estate. As Korda embarks on a new enterprise, they soon become the target of scheming tycoons, foreign terrorists, and determined assassins.",Crime,primary_release_date.desc
Film-Noir,49,1098006,Fountain of Youth,2025,2025-05-19,5.4194,6.261,945,https://image.tmdb.org/t/p/w500/4iWjGghUj2uyHo2Hyw8NFBvsNGm.jpg,"A treasure-hunting mastermind assembles a team for a life-changing adventure. But to outwit and outrun threats at every turn, he'll need someone even smarter than he is: his estranged sister.",Mystery,primary_release_date.desc
Film-Noir,50,574475,Final Destination Bloodlines,2025,2025-05-14,18.9759,7.038,2897,https://image.tmdb.org/t/p/w500/6WxhEvFsauuACfv8HyoVX6mZKFj.jpg,"Plagued by a violent recurring nightmare, college student Stefanie heads home to track down the one person who might be able to break the cycle and save her family from the grisly demise that inevitably awaits them all.",Mystery,primary_release_date.desc|popularity.desc
Horror,1,1083381,Backrooms,2026,2026-05-27,150.3394,6.9,734,https://image.tmdb.org/t/p/w500/rhGx6E3qRNMgj3i5su2oukNHwIQ.jpg,A strange doorway appears in the basement of a furniture showroom.,Horror,primary_release_date.desc|popularity.desc
Horror,2,1339713,Obsession,2026,2026-05-13,498.2651,7.9,986,https://image.tmdb.org/t/p/w500/bRwnj8WEKBCvmfeUNOukJPwB43K.jpg,"After breaking the mysterious ""One Wish Willow"" to win his crush's heart, a hopeless romantic finds himself getting exactly what he asked for but soon discovers that some desires come at a dark, sinister price.",Horror,primary_release_date.desc|popularity.desc|vote_average.desc
Horror,3,1430077,Hokum,2026,2026-04-29,78.1877,6.907,403,https://image.tmdb.org/t/p/w500/jKPWwsbAM6HKURPYQ1eG8DmKMKn.jpg,"When novelist Ohm Bauman retreats to a remote inn to scatter his parents' ashes, he is consumed by tales of a witch haunting the honeymoon suite. Disturbing visions and a shocking disappearance forces him to confront dark corners of his past.",Horror,primary_release_date.desc|popularity.desc
Horror,4,1304313,Lee Cronin's The Mummy,2026,2026-04-15,135.4728,8.023,1973,https://image.tmdb.org/t/p/w500/1q308iixueCU4pFtSYugNOevtNx.jpg,"The young daughter of a journalist disappears into the desert without a trace—eight years later, the broken family is shocked when she is returned to them, as what should be a joyful reunion turns into a living nightmare.",Horror,primary_release_date.desc|popularity.desc|vote_average.desc
Horror,5,1290417,Thrash,2026,2026-04-10,22.1278,6.062,661,https://image.tmdb.org/t/p/w500/adk8weka3O5648g3de4z3y4aE7G.jpg,"When a Category 5 hurricane decimates a coastal town, the storm surge brings devastation, chaos, and something far more frightening onto shore: hungry sharks.",Horror,primary_release_date.desc|popularity.desc
Horror,6,1292695,They Will Kill You,2026,2026-03-25,32.7297,7.013,824,https://image.tmdb.org/t/p/w500/nSXCFSvI2p5WLgMrOHACbVnEJSR.jpg,"A woman answers a help wanted ad to be a housekeeper in a mysterious New York City high-rise, unaware that she is entering a community that has seen a number of disappearances over the years and may be under the grip of a Satanic cult.",Horror,primary_release_date.desc|popularity.desc
Horror,7,1266127,Ready or Not: Here I Come,2026,2026-03-19,29.8413,7.703,1107,https://image.tmdb.org/t/p/w500/13ZcJzSGEqVgDSqsS9U5EkQwPkV.jpg,"Moments after surviving an all-out attack from the Le Domas family, Grace discovers she’s reached the next level of the nightmarish game — and this time with her estranged sister Faith at her side. Grace has one chance to survive, keep her sister alive, and claim the High Seat of the Council that controls the world. Four rival families are hunting her for the throne, and whoever wins rules it all.",Horror,primary_release_date.desc|popularity.desc|vote_average.desc
Horror,8,1084187,Pretty Lethal,2026,2026-03-13,35.9619,6.769,422,https://image.tmdb.org/t/p/w500/znTPnXCK3lEQJgqXCvP7e5FUz6f.jpg,A troupe of ballerinas find themselves fighting for survival as they attempt to escape from a remote inn after their bus breaks down on the way to a dance competition.,Horror,primary_release_date.desc|popularity.desc
Horror,9,1480387,undertone,2026,2026-03-12,28.6924,6.126,278,https://image.tmdb.org/t/p/w500/2PFgFMnrdCPXWiZl1PUvky7Mo9D.jpg,The host of a popular paranormal podcast becomes haunted by terrifying recordings mysteriously sent her way.,Horror,primary_release_date.desc|popularity.desc
Horror,10,1159831,The Bride!,2026,2026-03-04,15.8079,6.141,541,https://image.tmdb.org/t/p/w500/lV8YHwGkYZsm6EfIqnhaSz2avKt.jpg,A lonely Frankenstein travels to 1930s Chicago to ask groundbreaking scientist Dr. Euphronious to create a companion for him. The two revive a murdered young woman and The Bride is born. But what ensues is beyond what either of them imagined.,Horror,primary_release_date.desc|popularity.desc
Horror,11,1159559,Scream 7,2026,2026-02-25,47.3752,6.188,1080,https://image.tmdb.org/t/p/w500/jjyuk0edLiW8vOSnlfwWCCLpbh5.jpg,"When a new Ghostface killer emerges in the quiet town where Sidney Prescott has built a new life, her darkest fears are realized as her daughter becomes the next target. Determined to protect her family, Sidney must face the horrors of her past to put an end to the bloodshed once and for all.",Horror,primary_release_date.desc|popularity.desc
Horror,12,1116201,Iron Lung,2026,2026-01-30,19.1896,6.964,294,https://image.tmdb.org/t/p/w500/sIwakdbMGS1krtgendTWpxTY9Hw.jpg,"In a post-apocalyptic future where an event known as ""The Quiet Rapture"" caused all known stars and habitable planets in the universe to disappear, a convict is sent to search an ocean of blood discovered on a desolate moon, using a small submarine nicknamed the ""Iron Lung"".",Horror,primary_release_date.desc|popularity.desc
Horror,13,1198994,Send Help,2026,2026-01-22,37.8821,7.04,1830,https://image.tmdb.org/t/p/w500/zbJWVHOtj3ljBzWgL1P8pxP03Up.jpg,"Two colleagues become stranded on a deserted island, the only survivors of a plane crash. On the island, they must overcome past grievances and work together to survive, but ultimately, it's a battle of wills and wits to make it out alive.",Horror,primary_release_date.desc|popularity.desc
Horror,14,696393,Cold Storage,2026,2026-01-22,10.255,6.778,533,https://image.tmdb.org/t/p/w500/3HA2iiq982e01EKXJvPFyfMADVM.jpg,"When a mutating, highly contagious fungus escapes a sealed facility, two employees – joined by a grizzled bioterror operative – must survive the wildest night shift ever to save humanity from extinction.",Horror,primary_release_date.desc|popularity.desc
Horror,15,1193501,Whistle,2026,2026-01-20,14.3937,6.329,488,https://image.tmdb.org/t/p/w500/vgonf5kGsiijUBjzxKTvechhT28.jpg,"A misfit group of unwitting high school students stumble upon a cursed object, an ancient Aztec Death Whistle. They discover that blowing the whistle and the terrifying sound it emits will summon their future deaths to hunt them down.",Horror,primary_release_date.desc|popularity.desc
Horror,16,1272837,28 Years Later: The Bone Temple,2026,2026-01-14,28.9364,7.134,1329,https://image.tmdb.org/t/p/w500/kK1BGkG3KAvWB0WMV1DfOx9yTMZ.jpg,Dr. Kelson finds himself in a shocking new relationship - with consequences that could change the world as they know it - and Spike's encounter with Jimmy Crystal becomes a nightmare he can't escape.,Horror,primary_release_date.desc|popularity.desc
Horror,17,1315303,Primate,2026,2026-01-01,12.068,6.524,699,https://image.tmdb.org/t/p/w500/rKleYiEj4pFqxedTRWfujLooi84.jpg,"College student Lucy and her friends spend their vacation at her family's home in Hawaii, which includes her pet chimpanzee, Ben. However, when Ben contracts rabies after being bitten by a rabid animal, the group must fight for their lives in order to avoid the now-violent chimp.",Horror,primary_release_date.desc|popularity.desc
Horror,18,1198984,We Bury the Dead,2026,2026-01-01,8.957,6.062,267,https://image.tmdb.org/t/p/w500/xZqo0yPARmyF8TACVNyaOACkYWG.jpg,"After a catastrophic military disaster reanimates the dead, Ava searches for her missing husband amidst an increasingly hostile world.",Horror,primary_release_date.desc|popularity.desc
Horror,19,1043197,Dust Bunny,2025,2025-12-11,6.5663,6.7,328,https://image.tmdb.org/t/p/w500/qa5aZpO8tQqhlDaE0flalS1TuIS.jpg,"Ten-year-old Aurora asks her hitman neighbor to kill the monster under her bed that she claims ate her family. To protect her, he must battle an onslaught of assassins while accepting that some monsters are real.",Horror,primary_release_date.desc
Horror,20,1228246,Five Nights at Freddy's 2,2025,2025-12-03,18.9124,6.636,1002,https://image.tmdb.org/t/p/w500/udAxQEORq2I5wxI97N2TEqdhzBE.jpg,"One year since the supernatural nightmare at Freddy Fazbear's Pizza, the stories about what transpired there have been twisted into a campy local legend, inspiring the town's first ever Fazfest. With the truth kept from her, Abby sneaks out to reconnect with Freddy, Bonnie, Chica, and Foxy, setting into motion a terrifying series of events that will reveal dark secrets about the real origin of Freddy's, and unleash a decades-hidden horror.",Horror,primary_release_date.desc|popularity.desc
Horror,21,1062722,Frankenstein,2025,2025-10-17,17.9496,7.637,3527,https://image.tmdb.org/t/p/w500/g4JtvGlQO7DByTI6frUobqvSL3R.jpg,"Dr. Victor Frankenstein, a brilliant but egotistical scientist, brings a creature to life in a monstrous experiment that ultimately leads to the undoing of both the creator and his tragic creation.",Horror,primary_release_date.desc|popularity.desc|vote_average.desc
Horror,22,1197137,Black Phone 2,2025,2025-10-15,13.1392,6.698,1167,https://image.tmdb.org/t/p/w500/gFddBLQ8wj9M9O82iPzgX5KVNHz.jpg,"Four years after defeating The Grabber, Finney Blake is struggling with life after captivity. When his younger sister Gwen begins receiving calls in her dreams from the Black Phone and seeing disturbing visions of three boys being stalked at a winter camp, the siblings become determined to solve the mystery and confront a killer who has grown more powerful in death and more significant to them than either could imagine.",Horror,primary_release_date.desc|popularity.desc
Horror,23,1422096,Good Boy,2025,2025-10-01,7.0748,6.657,642,https://image.tmdb.org/t/p/w500/daInKxjoRNLFWIus64fHAy91V0k.jpg,"A loyal dog moves to a rural family home with his owner Todd, only to discover supernatural forces lurking in the shadows. As dark entities threaten his human companion, the brave pup must fight to protect the one he loves most.",Horror,primary_release_date.desc
Horror,24,1086260,The Astronaut,2025,2025-09-26,6.4539,6.123,383,https://image.tmdb.org/t/p/w500/souvvkJHYhztC1UqZ8lEVUiJa3J.jpg,"After returning from her first space mission, astronaut Sam Walker is placed under NASA’s care at a high security house for rehabilitation and medical testing. However, when disturbing occurrences begin happening around the property, she fears that something extraterrestrial has followed her back to Earth",Horror,primary_release_date.desc
Horror,25,1010756,The Strangers: Chapter 2,2025,2025-09-25,6.1582,6.064,345,https://image.tmdb.org/t/p/w500/pqADzs5SJvI2jC0DThPVMuNJcWS.jpg,"After learning that one of their victims, Maya, is still alive, The Strangers return to finish the job. With nowhere to run and no one to trust, Maya soon finds herself in a brutal fight for survival against psychopaths more than willing to kill anyone who stands in their way.",Horror,primary_release_date.desc
Horror,26,604079,The Long Walk,2025,2025-09-10,14.1435,6.9,1582,https://image.tmdb.org/t/p/w500/wobVTa99eW0ht6c1rNNzLkazPtR.jpg,"In a dystopian 1970s America, fifty teenage boys take part in a deadly annual walking contest, forced to maintain a minimum pace or be executed, until only one survivor remains.",Horror,primary_release_date.desc|popularity.desc
Horror,27,1038392,The Conjuring: Last Rites,2025,2025-09-03,29.1342,6.9,1909,https://image.tmdb.org/t/p/w500/byWgphT74ClOVa8EOGzYDkl8DVL.jpg,Paranormal investigators Ed and Lorraine Warren take on one last terrifying case involving mysterious entities they must confront.,Horror,primary_release_date.desc|popularity.desc
Horror,28,1408208,Exit 8,2025,2025-08-28,19.9391,6.863,512,https://image.tmdb.org/t/p/w500/nQXYTvm6AY4WmtcPskroqC7Skh.jpg,"A man trapped in an endless sterile subway passageway sets out to find Exit 8. The rules of his quest are simple: do not overlook anything out of the ordinary. If you discover an anomaly, turn back immediately. If you don’t, carry on. Then leave from Exit 8. But even a single oversight will send him back to the beginning. Will he ever reach his goal and escape this infinite corridor?",Horror,primary_release_date.desc|popularity.desc
Horror,29,1257009,Primitive War,2025,2025-08-21,13.2896,6.648,366,https://image.tmdb.org/t/p/w500/noujgznyJIaurEinZhcSVzTmkLo.jpg,"During the Vietnam War, a recon unit ventures to an isolated jungle valley to uncover the fate of a missing platoon. They soon find themselves in a fight for their lives against an unexpected enemy — prehistoric dinosaurs.",Horror,primary_release_date.desc|popularity.desc
Horror,30,1078605,Weapons,2025,2025-08-04,17.1243,7.257,3516,https://image.tmdb.org/t/p/w500/cpf7vsRZ0MYRQcnLWteD5jK9ymT.jpg,"When all but one child from the same class mysteriously vanish on the same night at exactly the same time, a community is left questioning who or what is behind their disappearance.",Horror,primary_release_date.desc|popularity.desc
Horror,31,1246049,Dracula,2025,2025-07-30,39.251,7.172,1291,https://image.tmdb.org/t/p/w500/dYRqA50yd0nB3qBR7AtWEJJQ8q.jpg,"In late 15th-century Eastern Europe, Prince Vlad II’s bride is brutally murdered. As a result, he renounces God and damns Heaven itself. Cursed with eternal life, Vlad is reborn as Dracula, an immortal warlord who defies fate in a blood-soaked crusade to wrench his lost love back from death.",Horror,primary_release_date.desc|popularity.desc
Horror,32,1241470,Osiris,2025,2025-07-25,7.2613,6.151,261,https://image.tmdb.org/t/p/w500/3YtZHtXPNG5AleisgEatEfZOT2w.jpg,"Special Forces commandos on a mission are abducted mid-operation by a mysterious spacecraft. Upon waking aboard, they find themselves prey to a relentless alien race in a fight for survival.",Horror,primary_release_date.desc
Horror,33,926606,The Home,2025,2025-07-24,3.1556,6.873,271,https://image.tmdb.org/t/p/w500/qyGY1k5GqAORsVhfZA3gFKirZWD.jpg,"A troubled man starts working at a retirement home and realizes its residents and caretakers harbor sinister secrets. As he investigates the building and its forbidden fourth floor, he starts to uncover connections to his own past and upbringing as a foster child.",Horror,primary_release_date.desc
Horror,34,1242011,Together,2025,2025-07-14,9.7778,6.925,1189,https://image.tmdb.org/t/p/w500/80slKYVM5teFH3kz6ouWrZXveqj.jpg,"Years into their relationship, Tim and Millie find themselves at a crossroads as they move to the country, abandoning all that is familiar in their lives except each other. With tensions already flaring, a nightmarish encounter with a mysterious, unnatural force threatens to corrupt their lives, their love, and their flesh.",Horror,primary_release_date.desc|popularity.desc
Horror,35,1429744,Ziam,2025,2025-07-08,4.0047,6.711,263,https://image.tmdb.org/t/p/w500/yHYj2t3NzsjkHVYa0bPri4sMBsg.jpg,"In a fight for survival against a horrifying army of zombies, a former Muay Thai fighter must use skill, speed and grit to save his girlfriend.",Horror,primary_release_date.desc
Horror,36,1100988,28 Years Later,2025,2025-06-18,13.6939,6.611,2618,https://image.tmdb.org/t/p/w500/n5FygjEppOvac6yEaowi26nTyw3.jpg,"Twenty-eight years after the Rage virus outbreak, a heavily-defended island survives connected to the mainland by a single causeway. When one of the group leaves the island into the dark heart of the mainland, he discovers secrets, wonders, and horrors that have mutated not only the infected but other survivors as well.",Horror,primary_release_date.desc|popularity.desc
Horror,37,1285965,Dangerous Animals,2025,2025-06-05,6.1849,6.5,594,https://image.tmdb.org/t/p/w500/l2grFOMAaBNDJNR1cmJiyojHmaP.jpg,"A savvy and free-spirited surfer is abducted by a shark-obsessed serial killer. Held captive on his boat, she must figure out how to escape before he carries out a ritualistic feeding to the sharks below.",Horror,primary_release_date.desc
Horror,38,1151031,Bring Her Back,2025,2025-05-19,10.0468,7.346,1725,https://image.tmdb.org/t/p/w500/1Q3GlCXGYWELifxANYZ5OVMRVZl.jpg,"Following the death of their father, a brother and sister are sent to live with a foster mother, only to learn that she is hiding a terrifying secret.",Horror,primary_release_date.desc|popularity.desc|vote_average.desc
Horror,39,574475,Final Destination Bloodlines,2025,2025-05-14,18.9759,7.038,2897,https://image.tmdb.org/t/p/w500/6WxhEvFsauuACfv8HyoVX6mZKFj.jpg,"Plagued by a violent recurring nightmare, college student Stefanie heads home to track down the one person who might be able to break the cycle and save her family from the grisly demise that inevitably awaits them all.",Horror,primary_release_date.desc|popularity.desc
Horror,40,713364,Clown in a Cornfield,2025,2025-05-02,4.8912,6.114,569,https://image.tmdb.org/t/p/w500/6ep6gw90TJ8bYvJC6hEDo8SxjoJ.jpg,"Quinn and her father have just moved to the quiet town of Kettle Springs hoping for a fresh start. Instead, she discovers a fractured community that has fallen on hard times after the treasured Baypen Corn Syrup Factory burned down. As the locals bicker amongst themselves and tensions boil over, a sinister, grinning figure emerges from the cornfields to cleanse the town of its burdens, one bloody victim at a time.",Horror,primary_release_date.desc
Horror,41,1232546,Until Dawn,2025,2025-04-23,9.7778,6.275,1454,https://image.tmdb.org/t/p/w500/bLY5yN4MKVynZ2HMZWElTOGBgBe.jpg,"One year after her sister Melanie mysteriously disappeared, Clover and her friends head into the remote valley where she vanished in search of answers. Exploring an abandoned visitor center, they find themselves stalked by a masked killer and horrifically murdered one by one...only to wake up and find themselves back at the beginning of the same evening.",Horror,primary_release_date.desc|popularity.desc
Horror,42,1233413,Sinners,2025,2025-04-16,26.1942,7.498,4676,https://image.tmdb.org/t/p/w500/fWPgbnt2LSqkQ6cdQc0SZN9CpLm.jpg,"Trying to leave their troubled lives behind, twin brothers return to their hometown to start again, only to discover that an even greater evil is waiting to welcome them back.",Horror,primary_release_date.desc|popularity.desc|vote_average.desc
Horror,43,1083968,Locked,2025,2025-03-20,3.5756,6.177,565,https://image.tmdb.org/t/p/w500/hhkiqXpfpufwxVrdSftzeKIANl3.jpg,"When Eddie breaks into a luxury SUV, he steps into a deadly trap set by William, a self-proclaimed vigilante delivering his own brand of twisted justice. With no means of escape, Eddie must fight to survive in a ride where escape is an illusion, survival is a nightmare, and justice shifts into high gear.",Horror,primary_release_date.desc
Horror,44,1153714,Death of a Unicorn,2025,2025-03-17,7.7099,6.4,839,https://image.tmdb.org/t/p/w500/xWlF2i51zUq7BUq4iJte1g9NyIM.jpg,"A father and daughter accidentally hit and kill a unicorn while en route to a weekend retreat, where his billionaire boss seeks to exploit the creature’s miraculous curative properties.",Horror,primary_release_date.desc
Horror,45,1284120,The Ugly Stepsister,2025,2025-03-07,8.4818,7.3,1198,https://image.tmdb.org/t/p/w500/rayAREIKtSinuov10GvrZHyXfXH.jpg,"In a fairy-tale kingdom where beauty is a brutal business, Elvira battles to compete with her incredibly beautiful stepsister, Agnes, and she will go to any length to catch the Prince’s eye.",Horror,primary_release_date.desc
Horror,46,1302916,Heart Eyes,2025,2025-02-06,3.6652,6.277,544,https://image.tmdb.org/t/p/w500/ebqttF1Vjgde6uSFBEw9mta7Hd3.jpg,"When the ""Heart Eyes Killer"" strikes Seattle, a pair of co-workers pulling overtime on Valentine's Day are mistaken for a couple by the elusive couple-hunting killer. Now, they must spend the most romantic night of the year running for their lives.",Horror,primary_release_date.desc
Horror,47,1084199,Companion,2025,2025-01-22,10.636,7.017,2347,https://image.tmdb.org/t/p/w500/oCoTgC3UyWGfyQ9thE10ulWR7bn.jpg,"During a weekend getaway at a secluded lakeside estate, a group of friends finds themselves entangled in a web of secrets, deception, and advanced technology. As tensions rise and loyalties are tested, they uncover unsettling truths about themselves and the world around them.",Horror,primary_release_date.desc|popularity.desc
Horror,48,1140535,Presence,2025,2025-01-17,4.0174,6.112,753,https://image.tmdb.org/t/p/w500/xZIGHoHj0DF0zdibwa66cRWHdHO.jpg,"A couple and their children move into a seemingly normal suburban home. When strange events occur, they begin to believe there is something else in the house with them. The presence is about to disrupt their lives in unimaginable ways.",Horror,primary_release_date.desc
Horror,49,710295,Wolf Man,2025,2025-01-15,5.5894,6.163,997,https://image.tmdb.org/t/p/w500/wpSDzTBfF0Eeo5lzu2w9FTujGqd.jpg,"With his marriage fraying, Blake persuades his wife Charlotte to take a break from the city and visit his remote childhood home in rural Oregon. As they arrive at the farmhouse in the dead of night, they're attacked by an unseen animal and barricade themselves inside the home as the creature prowls the perimeter. But as the night stretches on, Blake begins to behave strangely, transforming into something unrecognizable.",Horror,primary_release_date.desc
Horror,50,426063,Nosferatu,2024,2024-12-25,12.069,6.7,3704,https://image.tmdb.org/t/p/w500/5qGIxdEO841C0tdY8vOdLoRVrr0.jpg,"A gothic tale of obsession between a haunted young woman and the terrifying vampire infatuated with her, causing untold horror in its wake.",Horror,primary_release_date.desc|popularity.desc
Musical,1,936075,Michael,2026,2026-04-22,372.0563,8.693,3021,https://image.tmdb.org/t/p/w500/zm0KAbOjlt9eR5y7vDiL2dEOwMl.jpg,"The story of Michael Jackson, one of the most influential artists the world has ever known, and his life beyond the music. His journey from the discovery of his extraordinary talent as the lead of the Jackson Five, to the visionary artist whose creative ambition fueled a relentless pursuit to become the biggest entertainer in the world, highlighting both his life off-stage and some of the most iconic performances from his early solo career.",Music,primary_release_date.desc|popularity.desc|vote_average.desc
Musical,2,1084187,Pretty Lethal,2026,2026-03-13,35.9619,6.769,422,https://image.tmdb.org/t/p/w500/znTPnXCK3lEQJgqXCvP7e5FUz6f.jpg,A troupe of ballerinas find themselves fighting for survival as they attempt to escape from a remote inn after their bus breaks down on the way to a dance competition.,Music,primary_release_date.desc|popularity.desc
Musical,3,1371185,Song Sung Blue,2025,2025-12-15,6.279,7.403,258,https://image.tmdb.org/t/p/w500/xStmzLprgzqjzfvpBI7uTbcRpwQ.jpg,"Based on a true story, two down-on-their-luck musicians form a joyous Neil Diamond tribute band, proving it's never too late to find love and follow your dreams.",Music,primary_release_date.desc|popularity.desc|vote_average.desc
Musical,4,1230368,Springsteen: Deliver Me from Nowhere,2025,2025-10-22,3.1123,6.688,309,https://image.tmdb.org/t/p/w500/csBV3eq4RDjNg1acNQ8kwOZyPlZ.jpg,"Bruce Springsteen, a young musician on the cusp of global superstardom, struggles to reconcile the pressures of success with the ghosts of his past.",Music,primary_release_date.desc|popularity.desc
Musical,5,1299655,Blue Moon,2025,2025-10-17,5.5995,6.631,286,https://image.tmdb.org/t/p/w500/dVU7SNc6dgStTVdtbPLQncWxsyZ.jpg,"On the evening of March 31, 1943, legendary lyricist Lorenz Hart confronts his shattered self-confidence in Sardi’s bar as his former collaborator, Richard Rodgers, celebrates the opening night of his ground-breaking hit musical, “Oklahoma!”",Music,primary_release_date.desc|popularity.desc
Musical,6,803796,KPop Demon Hunters,2025,2025-06-20,31.0228,8.018,2926,https://image.tmdb.org/t/p/w500/zT7Lhw3BhJbMkRqm9Zlx2YGMsY0.jpg,"When K-pop superstars Rumi, Mira and Zoey aren't selling out stadiums, they're using their secret powers to protect their fans from supernatural threats.",Music,primary_release_date.desc|popularity.desc|vote_average.desc
Musical,7,661539,A Complete Unknown,2024,2024-12-25,6.571,7.068,1462,https://image.tmdb.org/t/p/w500/llWl3GtNoXosbvYboelmoT459NM.jpg,"New York, early 1960s. Against the backdrop of a vibrant music scene and tumultuous cultural upheaval, an enigmatic 19-year-old from Minnesota arrives in the West Village with his guitar and revolutionary talent, destined to change the course of American music.",Music,primary_release_date.desc|popularity.desc
Musical,8,799766,Better Man,2024,2024-12-06,6.8527,7.629,862,https://image.tmdb.org/t/p/w500/fbGCmMp0HlYnAPv28GOENPShezM.jpg,"Follow Robbie Williams' journey from childhood, to being the youngest member of chart-topping boyband Take That, through to his unparalleled achievements as a record-breaking solo artist – all the while confronting the challenges that stratospheric fame and success can bring.",Music,primary_release_date.desc|popularity.desc|vote_average.desc
Musical,9,1038263,Maria,2024,2024-11-27,2.2034,6.456,469,https://image.tmdb.org/t/p/w500/3oQRG0bwPUqE4N4n8z2kAzr7e40.jpg,"Maria Callas, the world's greatest opera singer, lives the last days of her life in 1970s Paris, as she confronts her identity and life.",Music,primary_release_date.desc
Musical,10,1000866,The Marching Band,2024,2024-11-27,1.5634,7.281,491,https://image.tmdb.org/t/p/w500/kYsLPj7z6wJCh51Np26bnTd5gX6.jpg,"A world-famous orchestra conductor discovers the brother he never knew he had — a school cafeteria worker who plays trombone in a local marching band. Detecting his brother's exceptional musical talent, he takes it upon himself to rectify the injustice of fate.",Music,primary_release_date.desc
Musical,11,1002155,Monsieur Aznavour,2024,2024-10-23,0.8675,7.199,350,https://image.tmdb.org/t/p/w500/23FkaTaAosaTcTgyuJdTf7TvcJu.jpg,"From his poor childhood to his rise to fame, from his triumphs to his failures, from Paris to New York, discover the exceptional journey of an artist. Intimate, intense, fragile and indestructible, devoted to his art until the very end, here is one of the most immortal singers of all time: MONSIEUR AZNAVOUR.",Music,primary_release_date.desc
Musical,12,1100782,Smile 2,2024,2024-10-16,9.3888,6.59,2197,https://image.tmdb.org/t/p/w500/ht8Uv9QPv9y7K0RvUyJIaXOZTfd.jpg,"About to embark on a new world tour, global pop sensation Skye Riley begins experiencing increasingly terrifying and inexplicable events. Overwhelmed by the escalating horrors and the pressures of fame, Skye is forced to face her dark past to regain control of her life before it spirals out of control.",Music,primary_release_date.desc|popularity.desc
Musical,13,1180629,Kneecap,2024,2024-08-02,2.0948,7.264,276,https://image.tmdb.org/t/p/w500/gEbQi5QWUg3CQ9R5dwvPBvbOX17.jpg,"When fate brings Belfast teacher JJ into the orbit of self-confessed ""low life scum"" Naoise and Liam Óg, the needle drops on a hip-hop act like no other. Rapping in their native Irish, they lead a movement to save their mother tongue.",Music,primary_release_date.desc
Musical,14,843527,The Idea of You,2024,2024-05-02,16.8996,7.28,1964,https://image.tmdb.org/t/p/w500/Y5P4Q3q8nrruZ9aD3wXeJS2Plg.jpg,"40-year-old single mom Solène begins an unexpected romance with 24-year-old Hayes Campbell, the lead singer of August Moon, the hottest boy band on the planet. As they begin a whirlwind romance, it isn't long before Hayes' superstar status poses unavoidable challenges to their relationship, and Solène soon discovers that life in the glare of his spotlight might be more than she bargained for.",Music,primary_release_date.desc|popularity.desc
Musical,15,998846,Back to Black,2024,2024-04-11,2.3997,6.666,717,https://image.tmdb.org/t/p/w500/xHQEeUT3Ac4fTY72UeNrI75xLtE.jpg,"The extraordinary story of Amy Winehouse’s early rise to fame from her early days in Camden through the making of her groundbreaking album, Back to Black that catapulted Winehouse to global fame. Told through Amy’s eyes and inspired by her deeply personal lyrics, the film explores and embraces the many layers of the iconic artist and the tumultuous love story at the center of one of the most legendary albums of all time.",Music,primary_release_date.desc
Musical,16,802219,Bob Marley: One Love,2024,2024-02-14,2.5335,6.586,985,https://image.tmdb.org/t/p/w500/1lQftpEARVVB9op4TaYiIbactzG.jpg,Jamaican singer-songwriter Bob Marley overcomes adversity to become the most famous reggae musician in the world.,Music,primary_release_date.desc
Musical,17,1226841,The Greatest Night in Pop,2024,2024-01-19,2.0025,7.849,291,https://image.tmdb.org/t/p/w500/jDz4wFujk94tQP9Sx6EMKDULvkn.jpg,"On a January night in 1985, music's biggest stars gathered to record ""We Are the World."" This documentary goes behind the scenes of the historic event.",Music,primary_release_date.desc|vote_average.desc
Musical,18,523607,Maestro,2023,2023-11-22,2.3575,6.262,843,https://image.tmdb.org/t/p/w500/kxj7rMco6RNYsVcNwuGAIlfWu64.jpg,"A towering and fearless love story chronicling the lifelong relationship between Leonard Bernstein and Felicia Montealegre Cohn Bernstein. A love letter to life and art, Maestro at its core is an emotionally epic portrayal of family and love.",Music,primary_release_date.desc
Musical,19,1160164,TAYLOR SWIFT | THE ERAS TOUR,2023,2023-10-13,3.1095,8.2,523,https://image.tmdb.org/t/p/w500/jf3YO8hOqGHCupsREf5qymYq1n.jpg,"A concert film documenting Taylor Swift's record-breaking Eras Tour (2023-2024). Filmed during the Los Angeles shows, the film captures the tour's ten acts, each representing a different musical era from Swift's career. The film showcases over 40 songs, elaborate stage productions, and Swift's performance.",Music,primary_release_date.desc|popularity.desc|vote_average.desc
Musical,20,901362,Trolls Band Together,2023,2023-10-12,6.8235,7.2,988,https://image.tmdb.org/t/p/w500/3ySgD2xwasTHOK6R9bNZiEwKgYo.jpg,"When Branch's brother, Floyd, is kidnapped for his musical talents by a pair of nefarious pop-star villains, Branch and Poppy embark on a harrowing and emotional journey to reunite the other brothers and rescue Floyd from a fate even worse than pop-culture obscurity.",Music,primary_release_date.desc|popularity.desc
Musical,21,1119173,A Beautiful Life,2023,2023-06-01,1.1952,6.831,266,https://image.tmdb.org/t/p/w500/x6PvT4HAkK7phdj54Zao8rY5oBT.jpg,"When a young fisherman with a hidden talent gets discovered by a music producer, he must decide if he's ready to open himself up to stardom — and love.",Music,primary_release_date.desc
Musical,22,921785,Mixed by Erry,2023,2023-03-02,0.693,7.44,488,https://image.tmdb.org/t/p/w500/tCTqW2YLxx6gqrPFTlMswvDunuQ.jpg,"The rise and fall of the pirate mixtape empire of three brothers from Naples, Italy, during the '80s.",Music,primary_release_date.desc|vote_average.desc
Musical,23,696157,Whitney Houston: I Wanna Dance with Somebody,2022,2022-12-20,3.8519,7.021,525,https://image.tmdb.org/t/p/w500/oodPJ3Op1pWBhnEFyw5fampRCWf.jpg,"The joyous, emotional, heartbreaking celebration of the life and music of Whitney Houston, the greatest female R&B pop vocalist of all time. Tracking her journey from obscurity to musical superstardom.",Music,primary_release_date.desc|popularity.desc
Musical,24,1022256,Selena Gomez: My Mind & Me,2022,2022-11-04,11.2108,8.476,612,https://image.tmdb.org/t/p/w500/oMpsswJv8x4vnOnIKqs4xJs2Kn3.jpg,"After years in the limelight, Selena Gomez achieves unimaginable stardom. But just as she reaches a new peak, an unexpected turn pulls her into darkness. This uniquely raw and intimate documentary spans her six-year journey into a new light.",Music,primary_release_date.desc|popularity.desc|vote_average.desc
Musical,25,962232,Beyond the Universe,2022,2022-10-26,1.1496,7.941,345,https://image.tmdb.org/t/p/w500/AlAP6WRSBuf5cP8OgpHTF45BPUp.jpg,"While waiting for a kidney transplant, a young pianist finds an unexpected connection with her doctor — and the courage to fulfill her musical dreams.",Music,primary_release_date.desc|vote_average.desc
Musical,26,830784,"Lyle, Lyle, Crocodile",2022,2022-10-07,3.9016,7.0,652,https://image.tmdb.org/t/p/w500/dN6XnCEP3AO7N4XFOFyZ8V8kZF5.jpg,"When the Primm family moves to New York City, their young son Josh struggles to adapt to his new school and new friends. All of that changes when he discovers Lyle — a singing crocodile who loves baths, caviar and great music — living in the attic of his new home. But when Lyle’s existence is threatened by evil neighbor Mr. Grumps, the Primms must band together to show the world that family can come from the most unexpected places.",Music,primary_release_date.desc
Musical,27,817758,TÁR,2022,2022-10-07,3.1569,7.098,1534,https://image.tmdb.org/t/p/w500/dRVAlaU0vbG6hMf2K45NSiIyoUe.jpg,"As celebrated conductor Lydia Tár starts rehearsals for a career-defining symphony, the consequences of her past choices begin to echo in the present.",Music,primary_release_date.desc|popularity.desc
Musical,28,1027014,Entergalactic,2022,2022-09-28,3.1687,7.7,497,https://image.tmdb.org/t/p/w500/oMU3JpuKuasjAWIbUQgCaT6pco1.jpg,Ambitious artist Jabari attempts to balance success and love when he moves into his dream Manhattan apartment and falls for his next-door neighbor.,Music,primary_release_date.desc|popularity.desc|vote_average.desc
Musical,29,957457,Moonage Daydream,2022,2022-09-15,1.3261,7.478,274,https://image.tmdb.org/t/p/w500/tJCZI1tO0sYIV0mGo0Awcr996vm.jpg,A cinematic odyssey featuring never-before-seen footage exploring David Bowie's creative and musical journey.,Music,primary_release_date.desc|vote_average.desc
Musical,30,928344,Weird: The Al Yankovic Story,2022,2022-09-08,2.2831,6.718,620,https://image.tmdb.org/t/p/w500/qcj2z13G0KjaIgc01ifiUKu7W07.jpg,"Exploring every facet of ‘Weird Al’ Yankovic’s life, from his meteoric rise to fame with early hits like ‘Eat It’ and ‘Like a Surgeon’ to his torrid celebrity love affairs and famously depraved lifestyle, this biopic takes audiences on a truly unbelievable journey through Yankovic’s life and career, from gifted child prodigy to the greatest musical legend of all time.",Music,primary_release_date.desc
Musical,31,614934,Elvis,2022,2022-06-22,6.583,7.456,3906,https://image.tmdb.org/t/p/w500/qBOKWqAFbveZ4ryjJJwbie6tXkQ.jpg,"The life story of Elvis Presley as seen through the complicated relationship with his enigmatic manager, Colonel Tom Parker.",Music,primary_release_date.desc|popularity.desc|vote_average.desc
Musical,32,936074,Tenor,2022,2022-05-04,0.795,7.001,381,https://image.tmdb.org/t/p/w500/14195Sv9rUHXJAuWbjFDtRQMUCf.jpg,"While working part-time as a food deliveryman, Antoine, an aspiring young rapper from the suburbs of Paris, meets Mrs. Loiseau, an eminent teacher at the Paris Opéra. Stunned by the young man's raw talent, she introduces him to the world of opera. As Antoine becomes one of Mrs. Loiseau's students, he hides his new dream from his friends and family, fearing that they won’t understand – this double life burdens him... Somewhere in between the gilded and uptight Parisian upper-class, and the harsh yet free-spirited and familiar suburbs he grew up in, Antoine will have to find his own voice.",Music,primary_release_date.desc
Musical,33,739993,Metal Lords,2022,2022-04-08,2.1917,6.838,772,https://image.tmdb.org/t/p/w500/r97txZRmBb75SGsIAWqmplWJnO3.jpg,"For teenage misfits Hunter and Kevin, the path to glory is clear: Devote themselves to metal. Win Battle of the Bands. And be worshipped like gods.",Music,primary_release_date.desc
Musical,34,396194,Ennio,2022,2022-02-17,4.5393,8.3,383,https://image.tmdb.org/t/p/w500/lEuLAubp74HYztEyNYpEx3AoqOu.jpg,"A portrait of Ennio Morricone, the most popular and prolific film composer of the 20th century, the one most loved by the international public, a two-time Oscar winner and the author of over five hundred unforgettable scores.",Music,primary_release_date.desc|popularity.desc|vote_average.desc
Musical,35,615904,Marry Me,2022,2022-02-09,3.0742,6.616,1105,https://image.tmdb.org/t/p/w500/ko1JVbGj4bT8IhCWqjBQ6ZtF2t.jpg,"After finding out about her fiancé's cheating ways, a pop superstar impulsively marries a total stranger. They must soon decide if two people from such different worlds can find true love.",Music,primary_release_date.desc|popularity.desc
Musical,36,920394,My Father's Violin,2022,2022-01-21,0.8835,7.882,339,https://image.tmdb.org/t/p/w500/bwvoSRyXRRqtpvoHYhySQk2U4EM.jpg,"Through their shared grief and connection to music, an orphaned girl bonds with her emotionally aloof, successful violinist uncle.",Music,primary_release_date.desc|vote_average.desc
Musical,37,438695,Sing 2,2021,2021-12-01,12.6335,7.8,4795,https://image.tmdb.org/t/p/w500/aWeKITRFbbwY8txG5uCj4rMCfSP.jpg,"Buster and his new cast now have their sights set on debuting a new show at the Crystal Tower Theater in glamorous Redshore City. But with no connections, he and his singers must sneak into the Crystal Entertainment offices, run by the ruthless wolf mogul Jimmy Crystal, where the gang pitches the ridiculous idea of casting the lion rock legend Clay Calloway in their show. Buster must embark on a quest to find the now-isolated Clay and persuade him to return to the stage.",Music,primary_release_date.desc|popularity.desc|vote_average.desc
Musical,38,897429,All Too Well: The Short Film,2021,2021-11-12,1.1288,8.026,292,https://image.tmdb.org/t/p/w500/zfgHyodGNdtBxO8R7d0qmR2JSEz.jpg,Short film featuring the extended version of the song “All Too Well” by Taylor Swift. A troubled couple's romance blossoms before it eventually falls apart.,Music,primary_release_date.desc|vote_average.desc
Musical,39,537116,"tick, tick... BOOM!",2021,2021-11-11,2.1705,7.598,2312,https://image.tmdb.org/t/p/w500/DPmfcuR8fh8ROYXgdjrAjSGA0o.jpg,"On the brink of turning 30, a promising theater composer navigates love, friendship and the pressure to create something great before time runs out.",Music,primary_release_date.desc|vote_average.desc
Musical,40,498402,Aline,2021,2021-11-10,0.9344,6.593,393,https://image.tmdb.org/t/p/w500/9FC1wqVpaWvaIcAbu6bIYgFDu1z.jpg,"A fictionalized biopic of Aline Dieu, a multitalented singer from a musically inclined family.",Music,primary_release_date.desc
Musical,41,776503,CODA,2021,2021-08-13,7.4398,7.9,2605,https://image.tmdb.org/t/p/w500/BzVjmm8l23rPsijLiNLUzuQtyd.jpg,"As a CODA (Child of Deaf Adults), Ruby is the only hearing person in her deaf family. When the family's fishing business is threatened, Ruby finds herself torn between pursuing her love of music and her fear of abandoning her parents.",Music,primary_release_date.desc|popularity.desc|vote_average.desc
Musical,42,592863,Respect,2021,2021-08-12,2.1447,6.795,465,https://image.tmdb.org/t/p/w500/iUtPwOBZJc8uJnDqlCXTibdgxKz.jpg,The rise of Aretha Franklin’s career from a child singing in her father’s church’s choir to her international superstardom.,Music,primary_release_date.desc
Musical,43,449406,Vivo,2021,2021-07-30,3.0718,7.2,769,https://image.tmdb.org/t/p/w500/eRLlrhbdYE7XN6VtcZKy6o2BsOw.jpg,A music-loving kinkajou named Vivo embarks on the journey of a lifetime to fulfill his destiny and deliver a love song for an old friend.,Music,primary_release_date.desc
Musical,44,566076,The United States vs. Billie Holiday,2021,2021-03-31,1.7172,6.481,313,https://image.tmdb.org/t/p/w500/vEzkxuE2sJcmHYjXQHM8xvR9ICH.jpg,"Billie Holiday spent much of her career being adored by fans. In the 1940s, the government targeted Holiday in a growing effort to racialize the war on drugs, ultimately aiming to stop her from singing her controversial ballad, ""Strange Fruit.""",Music,primary_release_date.desc
Musical,45,699102,A Week Away,2021,2021-03-26,1.373,6.896,408,https://image.tmdb.org/t/p/w500/htTS07IvYv3rv57ftzNEprefwSq.jpg,"Troubled teen Will Hawkins has a run-in with the law that puts him at an important crossroad: go to juvenile detention or attend a Christian summer camp. At first a fish-out-of-water, Will opens his heart, discovers love with a camp regular, and sense of belonging in the last place he expected to find it.",Music,primary_release_date.desc
Musical,46,583689,Moxie,2021,2021-03-03,1.7638,7.202,865,https://image.tmdb.org/t/p/w500/aLBo1Ca9PggcWY98ItW5ZkdxTuA.jpg,"Inspired by her mom's rebellious past and a confident new friend, a shy 16-year-old publishes an anonymous zine calling out sexism at her school.",Music,primary_release_date.desc
Musical,47,654754,Billie Eilish: The World's a Little Blurry,2021,2021-02-26,2.5856,8.204,338,https://image.tmdb.org/t/p/w500/bDQ95W5LPHW9FHlPj3QX3jvM9Z7.jpg,"This documentary offers a deeply intimate look at extraordinary teenager Billie Eilish. Award-winning filmmaker R.J. Cutler follows her journey on the road, onstage, and at home with her family as the writing and recording of her debut album changes her life.",Music,primary_release_date.desc|vote_average.desc
Musical,48,508442,Soul,2020,2020-12-25,14.0462,8.092,11463,https://image.tmdb.org/t/p/w500/6jmppcaubzLF8wkXM36ganVISCo.jpg,"Joe Gardner is a middle school teacher with a love for jazz music. After a successful audition at the Half Note Club, he suddenly gets into an accident that separates his soul from his body and is transported to the You Seminar, a center in which souls develop and gain passions before being transported to a newborn child. Joe must enlist help from the other souls-in-training, like 22, a soul who has spent eons in the You Seminar, in order to get back to Earth.",Music,primary_release_date.desc|popularity.desc|vote_average.desc
Musical,49,774372,"ariana grande: excuse me, i love you",2020,2020-12-21,1.1655,8.0,376,https://image.tmdb.org/t/p/w500/nm10ajNVkKwwyf8VFPkZnr93GbC.jpg,Ariana Grande takes the stage in London for her Sweetener World Tour and shares a behind-the-scenes look at her life in rehearsal and on the road.,Music,primary_release_date.desc|vote_average.desc
Musical,50,615667,Ma Rainey's Black Bottom,2020,2020-11-25,1.5149,6.646,1261,https://image.tmdb.org/t/p/w500/pvtyxijaBrCSbByXLcUIDDSvc40.jpg,Tensions rise when the trailblazing Mother of the Blues and her band gather at a Chicago recording studio in 1927. Adapted from August Wilson's play.,Music,primary_release_date.desc
Mystery,1,1083381,Backrooms,2026,2026-05-27,150.3394,6.9,734,https://image.tmdb.org/t/p/w500/rhGx6E3qRNMgj3i5su2oukNHwIQ.jpg,A strange doorway appears in the basement of a furniture showroom.,Mystery,primary_release_date.desc|popularity.desc
Mystery,2,1330021,Remarkably Bright Creatures,2026,2026-05-07,29.4338,8.573,668,https://image.tmdb.org/t/p/w500/9HcEqn3D4J6b2Z0jK54id9nA0fr.jpg,"Through unlikely bonds formed during night shifts at a local aquarium, Tova, an elderly widow, learns of a life-changing discovery that may bring her joy and wonder once again.",Mystery,primary_release_date.desc|popularity.desc|vote_average.desc
Mystery,3,1301421,The Sheep Detectives,2026,2026-04-30,212.1504,7.642,316,https://image.tmdb.org/t/p/w500/6QtL9rl3Zb4d8qW6EJ4qO5hSSfU.jpg,"George Hardy is a shepherd who reads detective novels to his beloved sheep every night, assuming they can't possibly understand. But when a mysterious incident disrupts life on the farm, the sheep realize they must become the detectives. As they follow the clues and investigate human suspects, they prove that even sheep can be brilliant crime-solvers.",Mystery,primary_release_date.desc|popularity.desc|vote_average.desc
Mystery,4,1304313,Lee Cronin's The Mummy,2026,2026-04-15,135.4728,8.023,1973,https://image.tmdb.org/t/p/w500/1q308iixueCU4pFtSYugNOevtNx.jpg,"The young daughter of a journalist disappears into the desert without a trace—eight years later, the broken family is shocked when she is returned to them, as what should be a joyful reunion turns into a living nightmare.",Mystery,primary_release_date.desc|popularity.desc|vote_average.desc
Mystery,5,1480387,undertone,2026,2026-03-12,28.6924,6.126,278,https://image.tmdb.org/t/p/w500/2PFgFMnrdCPXWiZl1PUvky7Mo9D.jpg,The host of a popular paranormal podcast becomes haunted by terrifying recordings mysteriously sent her way.,Mystery,primary_release_date.desc|popularity.desc
Mystery,6,1159559,Scream 7,2026,2026-02-25,47.3752,6.188,1080,https://image.tmdb.org/t/p/w500/jjyuk0edLiW8vOSnlfwWCCLpbh5.jpg,"When a new Ghostface killer emerges in the quiet town where Sidney Prescott has built a new life, her darkest fears are realized as her daughter becomes the next target. Determined to protect her family, Sidney must face the horrors of her past to put an end to the bloodshed once and for all.",Mystery,primary_release_date.desc|popularity.desc
Mystery,7,1116201,Iron Lung,2026,2026-01-30,19.1896,6.964,294,https://image.tmdb.org/t/p/w500/sIwakdbMGS1krtgendTWpxTY9Hw.jpg,"In a post-apocalyptic future where an event known as ""The Quiet Rapture"" caused all known stars and habitable planets in the universe to disappear, a convict is sent to search an ocean of blood discovered on a desolate moon, using a small submarine nicknamed the ""Iron Lung"".",Mystery,primary_release_date.desc|popularity.desc
Mystery,8,1168190,The Wrecking Crew,2026,2026-01-28,29.7056,7.029,1089,https://image.tmdb.org/t/p/w500/gbVwHl4YPSq6BcC92TQpe7qUTh6.jpg,"Estranged half-brothers Jonny and James reunite after their father's mysterious death. As they search for the truth, buried secrets reveal a conspiracy threatening to tear their family apart.",Mystery,primary_release_date.desc|popularity.desc
Mystery,9,1193501,Whistle,2026,2026-01-20,14.3937,6.329,488,https://image.tmdb.org/t/p/w500/vgonf5kGsiijUBjzxKTvechhT28.jpg,"A misfit group of unwitting high school students stumble upon a cursed object, an ancient Aztec Death Whistle. They discover that blowing the whistle and the terrifying sound it emits will summon their future deaths to hunt them down.",Mystery,primary_release_date.desc|popularity.desc
Mystery,10,1368166,The Housemaid,2025,2025-12-18,53.8426,7.267,2498,https://image.tmdb.org/t/p/w500/cWsBscZzwu5brg9YjNkGewRUvJX.jpg,"Trying to escape her past, Millie Calloway accepts a job as a live-in housemaid for the wealthy Nina and Andrew Winchester. But what begins as a dream job quickly unravels into something far more dangerous—a sexy, seductive game of secrets, scandal, and power.",Mystery,primary_release_date.desc|popularity.desc
Mystery,11,1084242,Zootopia 2,2025,2025-11-26,72.2435,7.671,2993,https://image.tmdb.org/t/p/w500/oJ7g2CifqpStmoYQyaLQgEU32qO.jpg,"After cracking the biggest case in Zootopia's history, rookie cops Judy Hopps and Nick Wilde find themselves on the twisting trail of a great mystery when Gary De'Snake arrives and turns the animal metropolis upside down. To crack the case, Judy and Nick must go undercover to unexpected new parts of town, where their growing partnership is tested like never before.",Mystery,primary_release_date.desc|popularity.desc|vote_average.desc
Mystery,12,812583,Wake Up Dead Man: A Knives Out Mystery,2025,2025-11-26,10.4972,7.206,2565,https://image.tmdb.org/t/p/w500/qCOGGi8JBVEZMc3DVby8rUivyXz.jpg,"When young priest Jud Duplenticy is sent to assist charismatic firebrand Monsignor Jefferson Wicks, it’s clear that all is not well in the pews. After a sudden and seemingly impossible murder rocks the town, the lack of an obvious suspect prompts local police chief Geraldine Scott to join forces with renowned detective Benoit Blanc to unravel a mystery that defies all logic.",Mystery,primary_release_date.desc|popularity.desc
Mystery,13,1290879,The Woman in Cabin 10,2025,2025-10-09,3.929,6.185,1046,https://image.tmdb.org/t/p/w500/4kpdyePOlcELQQJcxXPF5GB1Adw.jpg,"On a lavish yacht for an assignment, a journalist sees a passenger go overboard. But when no one believes her, she risks her life to uncover the truth.",Mystery,primary_release_date.desc
Mystery,14,1456349,It Was Just an Accident,2025,2025-10-01,4.1211,7.146,587,https://image.tmdb.org/t/p/w500/eNYGj2DG3n8OrVPTfYunpPW9uas.jpg,An unassuming mechanic is reminded of his time in an Iranian prison when he encounters a man he suspects to be his sadistic jailhouse captor.,Mystery,primary_release_date.desc
Mystery,15,1408208,Exit 8,2025,2025-08-28,19.9391,6.863,512,https://image.tmdb.org/t/p/w500/nQXYTvm6AY4WmtcPskroqC7Skh.jpg,"A man trapped in an endless sterile subway passageway sets out to find Exit 8. The rules of his quest are simple: do not overlook anything out of the ordinary. If you discover an anomaly, turn back immediately. If you don’t, carry on. Then leave from Exit 8. But even a single oversight will send him back to the beginning. Will he ever reach his goal and escape this infinite corridor?",Mystery,primary_release_date.desc|popularity.desc
Mystery,16,744653,The Thursday Murder Club,2025,2025-08-22,4.2463,6.591,1032,https://image.tmdb.org/t/p/w500/jbnazCHr8S2l2glyvjPTpa4NbEw.jpg,A group of senior sleuths passionate about solving cold cases get plunged into a real-life murder mystery in this comic crime caper.,Mystery,primary_release_date.desc
Mystery,17,1078605,Weapons,2025,2025-08-04,17.1243,7.257,3516,https://image.tmdb.org/t/p/w500/cpf7vsRZ0MYRQcnLWteD5jK9ymT.jpg,"When all but one child from the same class mysteriously vanish on the same night at exactly the same time, a community is left questioning who or what is behind their disappearance.",Mystery,primary_release_date.desc|popularity.desc
Mystery,18,926606,The Home,2025,2025-07-24,3.1556,6.873,271,https://image.tmdb.org/t/p/w500/qyGY1k5GqAORsVhfZA3gFKirZWD.jpg,"A troubled man starts working at a retirement home and realizes its residents and caretakers harbor sinister secrets. As he investigates the building and its forbidden fourth floor, he starts to uncover connections to his own past and upbringing as a foster child.",Mystery,primary_release_date.desc
Mystery,19,1397832,A Widow's Game,2025,2025-05-30,2.9473,6.3,283,https://image.tmdb.org/t/p/w500/yZOdrJDl2GwREoigC0y40kMosxj.jpg,"When a man is found dead, the investigation shatters his widow's perfect facade and exposes a hidden double life in this thriller based on real events.",Mystery,primary_release_date.desc
Mystery,20,1098006,Fountain of Youth,2025,2025-05-19,5.4194,6.261,945,https://image.tmdb.org/t/p/w500/4iWjGghUj2uyHo2Hyw8NFBvsNGm.jpg,"A treasure-hunting mastermind assembles a team for a life-changing adventure. But to outwit and outrun threats at every turn, he'll need someone even smarter than he is: his estranged sister.",Mystery,primary_release_date.desc
Mystery,21,574475,Final Destination Bloodlines,2025,2025-05-14,18.9759,7.038,2897,https://image.tmdb.org/t/p/w500/6WxhEvFsauuACfv8HyoVX6mZKFj.jpg,"Plagued by a violent recurring nightmare, college student Stefanie heads home to track down the one person who might be able to break the cycle and save her family from the grisly demise that inevitably awaits them all.",Mystery,primary_release_date.desc|popularity.desc
Mystery,22,713364,Clown in a Cornfield,2025,2025-05-02,4.8912,6.114,569,https://image.tmdb.org/t/p/w500/6ep6gw90TJ8bYvJC6hEDo8SxjoJ.jpg,"Quinn and her father have just moved to the quiet town of Kettle Springs hoping for a fresh start. Instead, she discovers a fractured community that has fallen on hard times after the treasured Baypen Corn Syrup Factory burned down. As the locals bicker amongst themselves and tensions boil over, a sinister, grinning figure emerges from the cornfields to cleanse the town of its burdens, one bloody victim at a time.",Mystery,primary_release_date.desc
Mystery,23,1232546,Until Dawn,2025,2025-04-23,9.7778,6.275,1454,https://image.tmdb.org/t/p/w500/bLY5yN4MKVynZ2HMZWElTOGBgBe.jpg,"One year after her sister Melanie mysteriously disappeared, Clover and her friends head into the remote valley where she vanished in search of answers. Exploring an abandoned visitor center, they find themselves stalked by a masked killer and horrifically murdered one by one...only to wake up and find themselves back at the beginning of the same evening.",Mystery,primary_release_date.desc|popularity.desc
Mystery,24,870028,The Accountant²,2025,2025-04-23,8.4101,7.085,1801,https://image.tmdb.org/t/p/w500/lUvfTcOZiK0sdcX0WNLPbMyKjGm.jpg,"When an old acquaintance is murdered, Wolff is compelled to solve the case. Realizing more extreme measures are necessary, Wolff recruits his estranged and highly lethal brother, Brax, to help. In partnership with Marybeth Medina, they uncover a deadly conspiracy, becoming targets of a ruthless network of killers who will stop at nothing to keep their secrets buried.",Mystery,primary_release_date.desc|popularity.desc
Mystery,25,1045938,G20,2025,2025-04-10,4.5173,6.341,684,https://image.tmdb.org/t/p/w500/wv6oWAleCJZUk5htrGg413t3GCy.jpg,"After the G20 Summit is overtaken by terrorists, President Danielle Sutton must bring all her statecraft and military experience to defend her family and her fellow leaders.",Mystery,primary_release_date.desc
Mystery,26,1249213,Drop,2025,2025-04-07,5.532,6.321,881,https://image.tmdb.org/t/p/w500/hSQPSW8aLjsMBfwqGjgJ6HozTkp.jpg,"Violet, a widowed mother on her first date in years, arrives at an upscale restaurant where she is relieved that her date, Henry, is more charming and handsome than she expected. But their chemistry begins to curdle as Violet begins being irritated and then terrorized by a series of anonymous drops to her phone.",Mystery,primary_release_date.desc
Mystery,27,1233575,Black Bag,2025,2025-03-12,7.0062,6.365,1258,https://image.tmdb.org/t/p/w500/hHPovtU4b96LHcoeEwRkGHI5btw.jpg,"When intelligence agent Kathryn Woodhouse is suspected of betraying the nation, her husband – also a legendary agent – faces the ultimate test of whether to be loyal to his marriage, or his country.",Mystery,primary_release_date.desc|popularity.desc
Mystery,28,863873,Caddo Lake,2024,2024-11-28,5.6164,7.226,512,https://image.tmdb.org/t/p/w500/r1h1YltM7bwzlWE330izIgQSwkj.jpg,"When an 8-year-old girl mysteriously vanishes on Caddo Lake, a series of past deaths and disappearances begin to link together, forever altering a broken family’s history.",Mystery,primary_release_date.desc
Mystery,29,1100782,Smile 2,2024,2024-10-16,9.3888,6.59,2197,https://image.tmdb.org/t/p/w500/ht8Uv9QPv9y7K0RvUyJIaXOZTfd.jpg,"About to embark on a new world tour, global pop sensation Skye Riley begins experiencing increasingly terrifying and inexplicable events. Overwhelmed by the escalating horrors and the pressures of fame, Skye is forced to face her dark past to regain control of her life before it spirals out of control.",Mystery,primary_release_date.desc|popularity.desc
Mystery,30,974250,Greedy People,2024,2024-08-23,3.0742,6.377,271,https://image.tmdb.org/t/p/w500/aIUZiciO0nMh8MrhmsTaMWZvEWK.jpg,"The eclectic residents of a small, picturesque island town must navigate a sensational murder and the discovery of a million dollars, leading to a series of increasingly bad decisions which upend the once-peaceful community.",Mystery,primary_release_date.desc
Mystery,31,840705,Blink Twice,2024,2024-08-21,8.7027,6.684,1927,https://image.tmdb.org/t/p/w500/lZGOK0I2DJSRlEPNOAFTSNxSjDD.jpg,"When tech billionaire Slater King meets cocktail waitress Frida at his fundraising gala, he invites her to join him and his friends on a dream vacation on his private island. But despite the epic setting, beautiful people, ever-flowing champagne, and late-night dance parties, Frida can sense that there’s something sinister hiding beneath the island’s lush façade.",Mystery,primary_release_date.desc|popularity.desc
Mystery,32,1216191,Oddity,2024,2024-07-19,7.5586,6.675,799,https://image.tmdb.org/t/p/w500/3Z9c1tbUhP0QruRjczPHnbx3U2D.jpg,"After the brutal murder of her twin sister, Darcy goes after those responsible by using haunted items as her tools for revenge.",Mystery,primary_release_date.desc|popularity.desc
Mystery,33,1226578,Longlegs,2024,2024-07-10,8.092,6.526,2695,https://image.tmdb.org/t/p/w500/1EwNyiiNFd863H4e8nWEzutnZD7.jpg,"FBI Agent Lee Harker is a gifted new recruit assigned to the unsolved case of an elusive serial killer. As the case takes complex turns, unearthing evidence of the occult, Harker discovers a personal connection to the merciless killer and must race against time to stop him before he claims the lives of another innocent family.",Mystery,primary_release_date.desc|popularity.desc
Mystery,34,1086747,The Watchers,2024,2024-06-06,7.8442,6.348,1612,https://image.tmdb.org/t/p/w500/vZVEUPychdvZLrTNwWErr9xZFmu.jpg,"A young artist gets stranded in an extensive, immaculate forest in western Ireland, where, after finding shelter, she becomes trapped alongside three strangers, stalked by mysterious creatures each night.",Mystery,primary_release_date.desc|popularity.desc
Mystery,35,1115395,Colors of Evil: Red,2024,2024-05-29,3.5918,6.691,286,https://image.tmdb.org/t/p/w500/5NAdIXaF2AhewMFMqFvbxZmDC3M.jpg,"When a girl's body is found on a beach in Poland's Tricity, a prosecutor teams up with the victim's mother on an impassioned quest for the truth.",Mystery,primary_release_date.desc
Mystery,36,978592,Sleeping Dogs,2024,2024-03-21,2.9915,6.999,636,https://image.tmdb.org/t/p/w500/5DwQhh1HvTo7edaOeMX49NUyZqy.jpg,"Roy Freeman, an ex-homicide detective with a fractured memory, is forced to revisit a case he can't remember. As a man's life hangs in the balance on death row, Freeman must piece together the brutal evidence from a decade-old murder investigation, uncovering a sinister web of buried secrets and betrayals linking to his past. With only instincts to trust, he faces a chilling truth - sometimes, it's best to let sleeping dogs lie.",Mystery,primary_release_date.desc
Mystery,37,1041613,Immaculate,2024,2024-03-20,5.3257,6.209,1654,https://image.tmdb.org/t/p/w500/zyopv7D5j7cfswG0NYiA14qAdPC.jpg,"An American nun embarks on a new journey when she joins a remote convent in the Italian countryside. However, her warm welcome quickly turns into a living nightmare when she discovers her new home harbours a sinister secret and unspeakable horrors.",Mystery,primary_release_date.desc
Mystery,38,975773,Wicked Little Letters,2024,2024-02-23,1.5955,6.91,680,https://image.tmdb.org/t/p/w500/scAU7YudKNVeZlOfgSEWntAUSJ.jpg,"When the denizens of Littlehampton – including conservative Edith – begin receiving letters full of hilarious profanities, rowdy Irish migrant Rose is charged with the crime. Suspecting something amiss, the town's women band together to investigate.",Mystery,primary_release_date.desc
Mystery,39,838209,Exhuma,2024,2024-02-22,9.3296,7.619,716,https://image.tmdb.org/t/p/w500/6dasJ58GGFcC62H9KuukAryltUp.jpg,"After tracing the origin of a disturbing supernatural affliction to a wealthy family's ancestral gravesite, a team of paranormal experts relocates the remains—and soon discovers what happens to those who dare to mess with the wrong grave.",Mystery,primary_release_date.desc|popularity.desc|vote_average.desc
Mystery,40,832262,Force of Nature: The Dry 2,2024,2024-02-08,1.8718,6.317,279,https://image.tmdb.org/t/p/w500/sw4M0jLT04FM1p3C2XQ3il50wgV.jpg,"When five women take part in a corporate hiking retreat and only four come out on the other side, Federal Agents Aaron Falk and Carmen Cooper head deep into the Victorian mountain ranges to investigate in the hopes of finding their whistle-blowing informant, Alice Russell, alive.",Mystery,primary_release_date.desc
Mystery,41,1052280,It's What's Inside,2024,2024-01-19,3.4041,6.47,806,https://image.tmdb.org/t/p/w500/6jzwaLoDurD6Jn2ILb42nFcn3xq.jpg,A pre-wedding reunion descends into a psychological nightmare for a group of college friends when a surprise guest arrives with a mysterious suitcase.,Mystery,primary_release_date.desc
Mystery,42,726209,Leave the World Behind,2023,2023-11-22,5.3157,6.4,3263,https://image.tmdb.org/t/p/w500/29rhl1xopxA7JlGVVsf1UHfYPvN.jpg,A family's getaway to a luxurious rental home takes an ominous turn when a cyberattack knocks out their devices—and two strangers appear at their door.,Mystery,primary_release_date.desc
Mystery,43,1071215,Thanksgiving,2023,2023-11-16,4.9922,6.469,1594,https://image.tmdb.org/t/p/w500/f5f3TEVst1nHHyqgn7Z3tlwnBIH.jpg,"After a Black Friday riot ends in tragedy, a mysterious Thanksgiving-inspired killer terrorizes Plymouth, Massachusetts - the birthplace of the holiday. Picking off residents one by one, what begins as random revenge killings are soon revealed to be part of a larger, sinister holiday plan.",Mystery,primary_release_date.desc
Mystery,44,866463,Reptile,2023,2023-09-29,3.9464,6.677,1229,https://image.tmdb.org/t/p/w500/bk4WUvoXSqPQGrhOAtt3AR0sUZf.jpg,"Following the brutal murder of a young real estate agent, a hardened detective attempts to uncover the truth in a case where nothing is as it seems, and by doing so dismantles the illusions in his own life.",Mystery,primary_release_date.desc
Mystery,45,798362,The Marsh King's Daughter,2023,2023-09-28,3.6554,6.383,401,https://image.tmdb.org/t/p/w500/bcuEjrwhp5HgEUnFe5lc4xpEqzt.jpg,"Helena, a woman living a seemingly ordinary life, hides a dark secret—her father is the infamous 'Marsh King', the man who kept her and her mother captive in the wilderness for years. After a lifetime of trying to escape her past, Helena is forced to face her demons when her father unexpectedly escapes from prison.",Mystery,primary_release_date.desc
Mystery,46,951491,Saw X,2023,2023-09-27,7.0073,7.163,2385,https://image.tmdb.org/t/p/w500/u7Lp1Hi8aBS73jv4KRMIv5aK4ax.jpg,"Between the events of 'Saw' and 'Saw II', a sick and desperate John Kramer travels to Mexico for a risky and experimental medical procedure in hopes of a miracle cure for his cancer, only to discover the entire operation is a scam to defraud the most vulnerable. Armed with a newfound purpose, the infamous serial killer returns to his work, turning the tables on the con artists in his signature visceral way through devious, deranged, and ingenious traps.",Mystery,primary_release_date.desc
Mystery,47,945729,A Haunting in Venice,2023,2023-09-13,4.4197,6.568,2852,https://image.tmdb.org/t/p/w500/l6iwxT0NbVw6QiF08YTIuTnXS82.jpg,"Celebrated sleuth Hercule Poirot, now retired and living in self-imposed exile in Venice, reluctantly attends a Halloween séance at a decaying, haunted palazzo. When one of the guests is murdered, the detective is thrust into a sinister world of shadows and secrets.",Mystery,primary_release_date.desc
Mystery,48,915935,Anatomy of a Fall,2023,2023-08-23,7.352,7.515,3333,https://image.tmdb.org/t/p/w500/1ho0d4LNZw3Y0voeKmSvPSgJOJ2.jpg,"A woman is suspected of her husband's murder, and their blind son faces a moral dilemma as the sole witness.",Mystery,primary_release_date.desc
Mystery,49,1006462,The Flood,2023,2023-07-14,1.7846,6.123,285,https://image.tmdb.org/t/p/w500/mvjqqklMpHwOxc40rn7dMhGT0Fc.jpg,A horde of giant hungry alligators is unleashed on a group of in-transit prisoners and their guards after a massive hurricane floods Louisiana.,Mystery,primary_release_date.desc
Mystery,50,736769,They Cloned Tyrone,2023,2023-06-14,2.3085,6.532,767,https://image.tmdb.org/t/p/w500/hnzXoDaK346U4ByfvQenu2DZnTg.jpg,A series of eerie events thrusts an unlikely trio onto the trail of a nefarious government conspiracy lurking directly beneath their neighborhood.,Mystery,primary_release_date.desc
Romance,1,1630423,My Dearest Assassin,2026,2026-05-06,35.3054,8.639,255,https://image.tmdb.org/t/p/w500/ul4dQcA68mtSx8J56N5gEcaCCtP.jpg,"Hunted for her rare blood type, a caged woman vows to fight alongside the assassin she loves to protect their future when an old enemy resurfaces.",Romance,primary_release_date.desc|popularity.desc|vote_average.desc
Romance,2,1325734,The Drama,2026,2026-04-01,36.8087,6.971,1086,https://image.tmdb.org/t/p/w500/qhGCY6DIemLoCi7x1GuEt98m4JF.jpg,A happily engaged couple is put to the test when an unexpected turn sends their wedding week off the rails.,Romance,primary_release_date.desc|popularity.desc
Romance,3,1632181,Accidental Partners,2026,2026-03-12,15.7134,9.028,281,https://image.tmdb.org/t/p/w500/sr1Yoj6XLPTWYcbDoBy67xivW4I.jpg,Two women discover they were both scammed by the same man (who also got them pregnant). They form an alliance to take revenge.,Romance,primary_release_date.desc|popularity.desc|vote_average.desc
Romance,4,1367642,Reminders of Him,2026,2026-03-11,13.3737,7.732,321,https://image.tmdb.org/t/p/w500/7L6rceYgzQ0NeHD7PRDNrRoQ291.jpg,"When Diem's custodial grandparents adamantly refuse Kenna's attempts to see her daughter, Kenna discovers unexpected compassion, and then something truer and deeper, with former NFL player and local bar owner Ledger. As their secret romance develops, so do the dangers for both of them, leading Kenna toward heartbreak and, ultimately, the hope for a second chance.",Romance,primary_release_date.desc|popularity.desc
Romance,5,1316092,"""Wuthering Heights""",2026,2026-02-11,19.0433,6.664,1132,https://image.tmdb.org/t/p/w500/3YBce6dTh1D5oCMITXk2S5QhPt.jpg,"Tragedy strikes when Heathcliff falls in love with Catherine Earnshaw, a woman from a wealthy family in 18th-century England.",Romance,primary_release_date.desc|popularity.desc
Romance,6,1034716,People We Meet on Vacation,2026,2026-01-06,6.045,6.945,617,https://image.tmdb.org/t/p/w500/peG6482ALJQ9Tbvv2P38BquVk0f.jpg,"Poppy's a free spirit. Alex loves a plan. After years of summer vacations, these polar-opposite pals wonder if they could be a perfect romantic match.",Romance,primary_release_date.desc
Romance,7,1371185,Song Sung Blue,2025,2025-12-15,6.279,7.403,258,https://image.tmdb.org/t/p/w500/xStmzLprgzqjzfvpBI7uTbcRpwQ.jpg,"Based on a true story, two down-on-their-luck musicians form a joyous Neil Diamond tribute band, proving it's never too late to find love and follow your dreams.",Romance,primary_release_date.desc
Romance,8,858024,Hamnet,2025,2025-11-26,13.0314,7.7,1405,https://image.tmdb.org/t/p/w500/zIcd6yuBucRNof5t9KVuGBHIhXU.jpg,"The powerful story of love and loss that inspired the creation of Shakespeare's timeless masterpiece, Hamlet.",Romance,primary_release_date.desc|popularity.desc
Romance,9,1218762,Jingle Bell Heist,2025,2025-11-25,1.0475,6.025,256,https://image.tmdb.org/t/p/w500/rVOQF2Ucekug1B80A9crVx7Jn90.jpg,Two down-on-their-luck hourly workers team up to rob a posh London department store on Christmas Eve. Will they steal each other's hearts along the way?,Romance,primary_release_date.desc
Romance,10,967941,Wicked: For Good,2025,2025-11-19,11.0609,6.626,1039,https://image.tmdb.org/t/p/w500/si9tolnefLSUKaqQEGz1bWArOaL.jpg,"As an angry mob rises against the Wicked Witch, Glinda and Elphaba will need to come together one final time. With their singular friendship now the fulcrum of their futures, they will need to truly see each other, with honesty and empathy, if they are to change themselves, and all of Oz, for good.",Romance,primary_release_date.desc|popularity.desc
Romance,11,1259102,Eternity,2025,2025-11-10,7.1192,7.1,703,https://image.tmdb.org/t/p/w500/yiwGcjfDKXD5PqQnyKUU9kspWQQ.jpg,"In an afterlife where souls have one week to decide where to spend eternity, Joan is faced with the impossible choice between the man she spent her life with and her first love, who died young and has waited decades for her to arrive.",Romance,primary_release_date.desc
Romance,12,1327862,Regretting You,2025,2025-10-22,9.3827,7.008,437,https://image.tmdb.org/t/p/w500/z4gVnxTaks3anTycwKjDmvQSuWt.jpg,"Morgan Grant and her daughter Clara explore what's left behind after a devastating accident reveals a shocking betrayal and forces them to confront family secrets, redefine love, and rediscover each other.",Romance,primary_release_date.desc
Romance,13,1156594,Our Fault,2025,2025-10-15,38.1372,7.376,696,https://image.tmdb.org/t/p/w500/yzqHt4m1SeY9FbPrfZ0C2Hi9x1s.jpg,"Jenna and Lion's wedding brings about the long-awaited reunion between Noah and Nick after their breakup. Nick's inability to forgive Noah stands as an insurmountable barrier. He, heir to his grandfather's businesses, and she, starting her professional life, resist fueling a flame that's still alive. But now that their paths have crossed again, will love be stronger than resentment?",Romance,primary_release_date.desc|popularity.desc
Romance,14,1218925,Chainsaw Man - The Movie: Reze Arc,2025,2025-09-19,27.1832,8.44,960,https://image.tmdb.org/t/p/w500/4IS7CHfTYDx8RZAXG7hU9J1ZcQy.jpg,"In a brutal war between devils, hunters, and secret enemies, a mysterious girl named Reze has stepped into Denji's world, and he faces his deadliest battle yet, fueled by love in a world where survival knows no rules.",Romance,primary_release_date.desc|popularity.desc|vote_average.desc
Romance,15,1241921,A Big Bold Beautiful Journey,2025,2025-09-17,4.9169,6.2,410,https://image.tmdb.org/t/p/w500/uMAkmQlKthQpTMiyPAKOYK3JnMs.jpg,"Sarah and David are single strangers who meet at a mutual friend’s wedding and soon, through a surprising twist of fate, find themselves on a funny, fantastical, sweeping adventure together where they get to re-live important moments from their respective pasts, illuminating how they got to where they are in the present... and possibly getting a chance to alter their futures.",Romance,primary_release_date.desc
Romance,16,1321439,The Wrong Paris,2025,2025-09-11,2.0575,6.7,314,https://image.tmdb.org/t/p/w500/A0KRoR842OgNByCfw9iFHbWoeR9.jpg,"Dawn thinks she's joining a dating show in Paris, France, only to land in Paris, Texas. She has an exit plan — until sparks fly with the cowboy bachelor.",Romance,primary_release_date.desc
Romance,17,1289936,Downton Abbey: The Grand Finale,2025,2025-09-10,4.263,7.068,272,https://image.tmdb.org/t/p/w500/m1tLlMTCwc6oK6OjWTOI4b32wnA.jpg,"When Mary finds herself at the center of a public scandal and the family faces financial strife, the entire household grapples with the threat of social disgrace. The Crawleys must embrace change as the staff prepares for a new chapter with the next generation leading Downton Abbey into the future.",Romance,primary_release_date.desc
Romance,18,1267905,The Roses,2025,2025-08-27,4.1232,6.67,700,https://image.tmdb.org/t/p/w500/99O8HLHklXGzvF2TqiRqr7WddzT.jpg,"Life seems easy for picture-perfect couple Ivy and Theo: successful careers, a loving marriage, great kids. But beneath the façade of their supposed ideal life, a storm is brewing – as Theo's career nosedives while Ivy's own ambitions take off, a tinderbox of fierce competition and hidden resentment ignites.",Romance,primary_release_date.desc
Romance,19,1312946,The Map That Leads to You,2025,2025-08-19,5.2569,6.611,323,https://image.tmdb.org/t/p/w500/uwvKQIjJpC37IEsEj4ZAn1ITyRy.jpg,"Heather is a young woman traveling Europe with friends before starting her perfectly planned life. A chance meeting with Jack sparks an unexpected romance that leads to deep emotional discovery. As secrets and life choices test their bond, her path changes forever.",Romance,primary_release_date.desc
Romance,20,1307078,My Oxford Year,2025,2025-07-31,6.5526,7.027,603,https://image.tmdb.org/t/p/w500/jrhXbIOFingzdLjkccjg9vZnqIp.jpg,An ambitious American fulfilling her dream of studying at Oxford falls for a charming Brit hiding a secret that may upend her perfectly planned life.,Romance,primary_release_date.desc
Romance,21,1246049,Dracula,2025,2025-07-30,39.251,7.172,1291,https://image.tmdb.org/t/p/w500/dYRqA50yd0nB3qBR7AtWEJJQ8q.jpg,"In late 15th-century Eastern Europe, Prince Vlad II’s bride is brutally murdered. As a result, he renounces God and damns Heaven itself. Cursed with eternal life, Vlad is reborn as Dracula, an immortal warlord who defies fate in a blood-soaked crusade to wrench his lost love back from death.",Romance,primary_release_date.desc|popularity.desc
Romance,22,1242011,Together,2025,2025-07-14,9.7778,6.925,1189,https://image.tmdb.org/t/p/w500/80slKYVM5teFH3kz6ouWrZXveqj.jpg,"Years into their relationship, Tim and Millie find themselves at a crossroads as they move to the country, abandoning all that is familiar in their lives except each other. With tensions already flaring, a nightmarish encounter with a mysterious, unnatural force threatens to corrupt their lives, their love, and their flesh.",Romance,primary_release_date.desc|popularity.desc
Romance,23,1136867,Materialists,2025,2025-06-12,8.0344,6.3,1331,https://image.tmdb.org/t/p/w500/eDo0pNruy0Qgj6BdTyHIR4cxHY8.jpg,"A young, ambitious New York City matchmaker finds herself torn between the perfect match and her imperfect ex.",Romance,primary_release_date.desc
Romance,24,1254786,The Life List,2025,2025-03-27,2.6482,6.966,612,https://image.tmdb.org/t/p/w500/5fg98cVo7da7OIK45csdLSd4NaU.jpg,"When her mother sends her on a quest to complete a teenage bucket list, a young woman uncovers family secrets, finds romance — and rediscovers herself.",Romance,primary_release_date.desc
Romance,25,1127674,The Forbidden City,2025,2025-03-08,3.4871,6.97,336,https://image.tmdb.org/t/p/w500/eSwDbpNHm19QVfX2Da6jdvaPWTh.jpg,"The son of an indebted restaurant owner joins a foreign girl in search of her sister. Together, they’ll have to fight side by side against the most ruthless members of the Roman criminal underworld.",Romance,primary_release_date.desc
Romance,26,1312157,Somebody to Love,2025,2025-02-20,1.2429,7.2,564,https://image.tmdb.org/t/p/w500/j0FOPkEflJN0nnyCvjENWZ116Mq.jpg,"On a first date in Rome, the inner voices of recently separated Piero and furniture restorer Lara speak aloud, exposing the true thoughts and anxieties hidden behind their conversation.",Romance,primary_release_date.desc
Romance,27,950396,The Gorge,2025,2025-02-13,22.779,7.656,3828,https://image.tmdb.org/t/p/w500/7iMBZzVZtG0oBug4TfqDb9ZxAOa.jpg,"Two highly trained operatives grow close from a distance after being sent to guard opposite sides of a mysterious gorge. When an evil below emerges, they must work together to survive what lies within.",Romance,primary_release_date.desc|popularity.desc
Romance,28,1294203,My Fault: London,2025,2025-02-12,41.7501,7.389,588,https://image.tmdb.org/t/p/w500/ttN5D6GKOwKWHmCzDGctAvaNMAi.jpg,"18-year-old Noah moves from America to London, with her mother who's recently fallen in love with William, a wealthy British businessman. Noah meets William’s son, bad-boy Nick, and soon discovers there is an attraction between them neither can avoid. As Noah spends the summer adjusting to her new life, her devastating past will catch up with her while falling in love for the first time.",Romance,primary_release_date.desc|popularity.desc
Romance,29,1272149,Bridget Jones: Mad About the Boy,2025,2025-02-12,5.2386,6.364,546,https://image.tmdb.org/t/p/w500/e5VR3nhLYG60znxaqU84wv4VSCb.jpg,"Bridget Jones navigates life as a widow and single mum with the help of her family, friends, and former lover, Daniel. Back to work and on the apps, she's pursued by a younger man and maybe – just maybe – her son's science teacher.",Romance,primary_release_date.desc
Romance,30,1302916,Heart Eyes,2025,2025-02-06,3.6652,6.277,544,https://image.tmdb.org/t/p/w500/ebqttF1Vjgde6uSFBEw9mta7Hd3.jpg,"When the ""Heart Eyes Killer"" strikes Seattle, a pair of co-workers pulling overtime on Valentine's Day are mistaken for a couple by the elusive couple-hunting killer. Now, they must spend the most romantic night of the year running for their lives.",Romance,primary_release_date.desc
Romance,31,1156593,Your Fault,2024,2024-12-26,37.2597,7.083,1571,https://image.tmdb.org/t/p/w500/1sQA7lfcF9yUyoLYC0e6Zo3jmxE.jpg,The love between Noah and Nick seems unwavering despite their parents' attempts to separate them. But his job and her entry into college open up their lives to new relationships that will shake the foundations of both their relationship and the Leister family itself.,Romance,primary_release_date.desc|popularity.desc
Romance,32,1252309,Tell Me What You Want,2024,2024-11-29,17.8542,6.131,293,https://image.tmdb.org/t/p/w500/yZXYCiZQPB7Ui6D5206W1zDKv8P.jpg,"After his father's death, Eric Zimmerman travels to Spain to oversee his company's branches. In Madrid, he falls for Judith and engage in an intense, erotic relationship full of exploration. However, Eric fears his secret may end their affair.",Romance,primary_release_date.desc|popularity.desc
Romance,33,1059128,Queer,2024,2024-11-27,5.5013,6.544,536,https://image.tmdb.org/t/p/w500/xe4b2TMciLKA1C0JlhWxb4ENLln.jpg,"In 1950s Mexico City, William Lee, an American ex-pat in his late forties, leads a solitary life amidst a small American community. However, the arrival in town of Eugene Allerton, a young student, stirs William into finally establishing a meaningful connection with someone.",Romance,primary_release_date.desc
Romance,34,1234811,Our Little Secret,2024,2024-11-27,1.533,6.2,582,https://image.tmdb.org/t/p/w500/gkydRYX3VTqMIjJGDT7kXJ6SrfZ.jpg,"After discovering their significant others are siblings, two resentful exes must spend Christmas under one roof — while hiding their romantic history.",Romance,primary_release_date.desc
Romance,35,1104171,Meet Me Next Christmas,2024,2024-11-05,1.3516,6.342,265,https://image.tmdb.org/t/p/w500/tPRH0Rm00esNefnI1ZxQqTTIpzJ.jpg,"On a quest to reconnect with the man of her dreams, Layla races across New York City to find a ticket to a sold-out Pentatonix Christmas Eve concert.",Romance,primary_release_date.desc
Romance,36,1232449,Young Hearts,2024,2024-10-26,6.0737,8.546,281,https://image.tmdb.org/t/p/w500/iGCtYxfuvXfy0BD5m6p7vKuPOxS.jpg,"14-year-old Elias increasingly feels like an outsider in his village. When he meets his new neighbour of the same age, Alexander, Elias is confronted with his burgeoning sexuality.",Romance,primary_release_date.desc|vote_average.desc
Romance,37,402431,Wicked,2024,2024-10-16,16.5768,6.9,3068,https://image.tmdb.org/t/p/w500/xDGbZ0JJ3mYaGKy4Nzd9Kph6M9L.jpg,"In the land of Oz, ostracized and misunderstood green-skinned Elphaba is forced to share a room with the popular aristocrat Glinda at Shiz University, and the two's unlikely friendship is tested as they begin to fulfill their respective destinies as Glinda the Good and the Wicked Witch of the West.",Romance,primary_release_date.desc|popularity.desc
Romance,38,959604,Beating Hearts,2024,2024-10-16,2.7406,7.189,1028,https://image.tmdb.org/t/p/w500/yu9dRyKcUHTfKcqsomUtpord4t3.jpg,"Local rebellious teenager Clotaire falls for his schoolmate Jackie, but gang violence leads him to a darker destructive path. After years apart, the star-crossed lovers discover that every path they've taken leads them back together.",Romance,primary_release_date.desc
Romance,39,1064213,Anora,2024,2024-10-14,15.7881,7.071,3198,https://image.tmdb.org/t/p/w500/cgXk2tNYhJZLXdBDO5DidAVzQ82.jpg,"A young sex worker from Brooklyn gets her chance at a Cinderella story when she meets and impulsively marries the son of an oligarch. Once the news reaches Russia, her fairytale is threatened as his parents set out to get the marriage annulled.",Romance,primary_release_date.desc|popularity.desc
Romance,40,1100099,We Live in Time,2024,2024-10-10,5.2142,7.209,1294,https://image.tmdb.org/t/p/w500/oeDNBgnlGF6rnyX1P1K8Vl2f3lW.jpg,"An up-and-coming chef and a recent divorcée find their lives forever changed when a chance encounter brings them together, in a decade-spanning, deeply moving romance.",Romance,primary_release_date.desc
Romance,41,1079091,It Ends with Us,2024,2024-08-07,7.9125,6.9,1968,https://image.tmdb.org/t/p/w500/AjV6jFJ2YFIluYo4GQf13AA1tqu.jpg,"When a woman's first love suddenly reenters her life, her relationship with a charming, but abusive neurosurgeon is upended, and she realizes she must learn to rely on her own strength to make an impossible choice for her future.",Romance,primary_release_date.desc
Romance,42,956842,Fly Me to the Moon,2024,2024-07-10,3.9304,6.807,1163,https://image.tmdb.org/t/p/w500/lb0XDH6LbkYwzbHTqjsUNZTLXMS.jpg,"Sparks fly in all directions as marketing maven Kelly Jones, brought in to fix NASA's public image, wreaks havoc on Apollo 11 launch director Cole Davis' already difficult task of putting a man on the moon. When the White House deems the mission too important to fail, Jones is directed to stage a fake moon landing as backup, and the countdown truly begins.",Romance,primary_release_date.desc
Romance,43,641934,Am I OK?,2024,2024-06-06,2.564,6.353,340,https://image.tmdb.org/t/p/w500/qKkaG7HVFVe7C1JuxTGwNz0eSyL.jpg,"Lucy and Jane have been best friends for most of their lives and think they know everything there is to know about each other. But when Jane announces she's moving to London, Lucy reveals a long-held secret. As Jane tries to help Lucy, their friendship is thrown into chaos.",Romance,primary_release_date.desc
Romance,44,974635,Hit Man,2024,2024-05-16,5.6411,6.789,1661,https://image.tmdb.org/t/p/w500/oil3EZwKFp3CWxZnfGfGglesvm9.jpg,A mild-mannered professor moonlighting as a fake hit man in police stings ignites a chain reaction of trouble when he falls for a potential client.,Romance,primary_release_date.desc
Romance,45,843527,The Idea of You,2024,2024-05-02,16.8996,7.28,1964,https://image.tmdb.org/t/p/w500/Y5P4Q3q8nrruZ9aD3wXeJS2Plg.jpg,"40-year-old single mom Solène begins an unexpected romance with 24-year-old Hayes Campbell, the lead singer of August Moon, the hottest boy band on the planet. As they begin a whirlwind romance, it isn't long before Hayes' superstar status poses unavoidable challenges to their relationship, and Solène soon discovers that life in the glare of his spotlight might be more than she bargained for.",Romance,primary_release_date.desc|popularity.desc
Romance,46,746036,The Fall Guy,2024,2024-04-24,11.257,6.957,3813,https://image.tmdb.org/t/p/w500/e7olqFmzcIX5c23kX4zSmLPJi8c.jpg,"Fresh off an almost career-ending accident, stuntman Colt Seavers has to track down a missing movie star, solve a conspiracy and try to win back the love of his life while still doing his day job.",Romance,primary_release_date.desc|popularity.desc
Romance,47,937287,Challengers,2024,2024-04-18,8.8867,6.9,2703,https://image.tmdb.org/t/p/w500/H6vke7zGiuLsz4v4RPeReb9rsv.jpg,"Tennis player turned coach Tashi has taken her husband, Art, and transformed him into a world-famous Major champion. To jolt him out of his recent losing streak, she signs him up for a ""Challenger"" event — close to the lowest level of pro tournament — where he finds himself standing across the net from his former best friend and Tashi's former boyfriend.",Romance,primary_release_date.desc
Romance,48,1005681,"Love, Divided",2024,2024-04-11,0.9071,6.688,261,https://image.tmdb.org/t/p/w500/zvrkAXaFFPpJCFcus18qlsGfOrz.jpg,Valentina is a young pianist starting over. Her neighbor David is an inventor who hates noise. And a paper-thin wall is about to become their matchmaker.,Romance,primary_release_date.desc
Romance,49,1127166,The Tearsmith,2024,2024-04-03,5.7882,6.495,977,https://image.tmdb.org/t/p/w500/uoBHsxSgfc3PQsSn98RfnbePHOy.jpg,"Adopted together after a tough childhood in an orphanage, Nica and Rigel realize that unexpected but irresistible feelings pull them together.",Romance,primary_release_date.desc
Romance,50,1019420,Irish Wish,2024,2024-03-14,2.5374,6.1,522,https://image.tmdb.org/t/p/w500/v4Bb70dpIIQoEnZAHnm3nzCPauU.jpg,Maddie's dream guy is days away from marrying her best friend when a wish for true love made on an ancient stone in Ireland magically alters her fate.,Romance,primary_release_date.desc
Sci-Fi,1,1083381,Backrooms,2026,2026-05-27,150.3394,6.9,734,https://image.tmdb.org/t/p/w500/rhGx6E3qRNMgj3i5su2oukNHwIQ.jpg,A strange doorway appears in the basement of a furniture showroom.,Science Fiction,primary_release_date.desc|popularity.desc
Sci-Fi,2,1228710,The Mandalorian and Grogu,2026,2026-05-20,180.214,6.7,522,https://image.tmdb.org/t/p/w500/5Vi8dSauVwH1HOsiZceDMbRr1Ca.jpg,"The evil Empire has fallen, and Imperial warlords remain scattered throughout the galaxy. As the fledgling New Republic works to protect everything the Rebellion fought for, they have enlisted the help of legendary Mandalorian bounty hunter Din Djarin and his young apprentice Grogu.",Science Fiction,primary_release_date.desc|popularity.desc
Sci-Fi,3,687163,Project Hail Mary,2026,2026-03-15,132.5652,8.688,5395,https://image.tmdb.org/t/p/w500/yihdXomYb5kTeSivtFndMy5iDmf.jpg,"Science teacher Ryland Grace wakes up on a spaceship light years from home with no recollection of who he is or how he got there. As his memory returns, he begins to uncover his mission: solve the riddle of the mysterious substance causing the sun to die out. He must call on his scientific knowledge and unorthodox ideas to save everything on Earth from extinction.",Science Fiction,primary_release_date.desc|popularity.desc|vote_average.desc
Sci-Fi,4,1115544,Mike & Nick & Nick & Alice,2026,2026-03-14,15.4241,6.694,373,https://image.tmdb.org/t/p/w500/7F0jc75HrSkLVcvOXR2FXAIwuEv.jpg,"Two gangsters and the woman they love try to survive the most dangerous night of their lives. As if that wasn’t enough, there’s one wild ingredient added to the mix: a time machine.",Science Fiction,primary_release_date.desc|popularity.desc
Sci-Fi,5,1327819,Hoppers,2026,2026-03-04,101.61,8.199,1727,https://image.tmdb.org/t/p/w500/xjtWQ2CL1mpmMNwuU5HeS4Iuwuu.jpg,"Scientists have discovered how to 'hop' human consciousness into lifelike robotic animals, allowing people to communicate with animals as animals. Animal lover Mabel seizes an opportunity to use the technology, uncovering mysteries within the animal world beyond anything she could have imagined.",Science Fiction,primary_release_date.desc|popularity.desc|vote_average.desc
Sci-Fi,6,1159831,The Bride!,2026,2026-03-04,15.8079,6.141,541,https://image.tmdb.org/t/p/w500/lV8YHwGkYZsm6EfIqnhaSz2avKt.jpg,A lonely Frankenstein travels to 1930s Chicago to ask groundbreaking scientist Dr. Euphronious to create a companion for him. The two revive a murdered young woman and The Bride is born. But what ensues is beyond what either of them imagined.,Science Fiction,primary_release_date.desc|popularity.desc
Sci-Fi,7,1119449,"Good Luck, Have Fun, Don't Die",2026,2026-02-13,22.7131,7.038,615,https://image.tmdb.org/t/p/w500/rWcfOdY7TU6lTdazWj0ebDZnAfO.jpg,A 'Man from the Future' arrives at an LA diner where he must recruit the precise combination of disgruntled patrons to join him on a one-night quest to save the world from the terminal threat of a rogue artificial intelligence.,Science Fiction,primary_release_date.desc|popularity.desc
Sci-Fi,8,1265609,War Machine,2026,2026-02-12,39.2447,7.405,1965,https://image.tmdb.org/t/p/w500/rFhKkXhk7ClU03jQ5rHIApJDwev.jpg,"On one last grueling mission during Army Ranger training, a combat engineer must lead his unit in a fight against a giant otherworldly killing machine.",Science Fiction,primary_release_date.desc|popularity.desc
Sci-Fi,9,1116201,Iron Lung,2026,2026-01-30,19.1896,6.964,294,https://image.tmdb.org/t/p/w500/sIwakdbMGS1krtgendTWpxTY9Hw.jpg,"In a post-apocalyptic future where an event known as ""The Quiet Rapture"" caused all known stars and habitable planets in the universe to disappear, a convict is sent to search an ocean of blood discovered on a desolate moon, using a small submarine nicknamed the ""Iron Lung"".",Science Fiction,primary_release_date.desc|popularity.desc
Sci-Fi,10,696393,Cold Storage,2026,2026-01-22,10.255,6.778,533,https://image.tmdb.org/t/p/w500/3HA2iiq982e01EKXJvPFyfMADVM.jpg,"When a mutating, highly contagious fungus escapes a sealed facility, two employees – joined by a grizzled bioterror operative – must survive the wildest night shift ever to save humanity from extinction.",Science Fiction,primary_release_date.desc
Sci-Fi,11,1236153,Mercy,2026,2026-01-19,18.5319,7.06,1422,https://image.tmdb.org/t/p/w500/pyok1kZJCfyuFapYXzHcy7BLlQa.jpg,"In the near future, a detective stands on trial accused of murdering his wife. He has ninety minutes to prove his innocence to the advanced AI Judge he once championed, before it determines his fate.",Science Fiction,primary_release_date.desc|popularity.desc
Sci-Fi,12,1272837,28 Years Later: The Bone Temple,2026,2026-01-14,28.9364,7.134,1329,https://image.tmdb.org/t/p/w500/kK1BGkG3KAvWB0WMV1DfOx9yTMZ.jpg,Dr. Kelson finds himself in a shocking new relationship - with consequences that could change the world as they know it - and Spike's encounter with Jimmy Crystal becomes a nightmare he can't escape.,Science Fiction,primary_release_date.desc|popularity.desc
Sci-Fi,13,840464,Greenland 2: Migration,2026,2026-01-07,56.5065,6.437,1244,https://image.tmdb.org/t/p/w500/z2tqCJLsw6uEJ8nJV8BsQXGa3dr.jpg,"Having found the safety of the Greenland bunker after the comet Clarke decimated the Earth, the Garrity family must now risk everything to embark on a perilous journey across the wasteland of Europe to find a new home.",Science Fiction,primary_release_date.desc|popularity.desc
Sci-Fi,14,83533,Avatar: Fire and Ash,2025,2025-12-17,140.6391,7.599,3562,https://image.tmdb.org/t/p/w500/bRBeSHfGHwkEpImlhxPmOcUsaeg.jpg,"In the wake of the devastating war against the RDA and the loss of their eldest son, Jake Sully and Neytiri face a new threat on Pandora: the Ash People, a violent and power-hungry Na'vi tribe led by the ruthless Varang. Jake's family must fight for their survival and the future of Pandora in a conflict that pushes them to their emotional and physical limits.",Science Fiction,primary_release_date.desc|popularity.desc
Sci-Fi,15,798645,The Running Man,2025,2025-11-11,15.212,6.781,1659,https://image.tmdb.org/t/p/w500/dKL78O9zxczVgjtNcQ9UkbYLzqX.jpg,"Desperate to save his sick daughter, working-class Ben Richards is convinced by The Running Man's charming but ruthless producer to enter the deadly competition game as a last resort. But Ben's defiance, instincts, and grit turn him into an unexpected fan favorite — and a threat to the entire system. As ratings skyrocket, so does the danger, and Ben must outwit not just the Hunters, but a nation addicted to watching him fall.",Science Fiction,primary_release_date.desc|popularity.desc
Sci-Fi,16,1242898,Predator: Badlands,2025,2025-11-05,44.3933,7.801,3162,https://image.tmdb.org/t/p/w500/pHpq9yNUIo6aDoCXEBzjSolywgz.jpg,"Cast out from his clan, a young Predator finds an unlikely ally in a damaged android and embarks on a treacherous journey in search of the ultimate adversary.",Science Fiction,primary_release_date.desc|popularity.desc|vote_average.desc
Sci-Fi,17,701387,Bugonia,2025,2025-10-23,9.6388,7.315,2017,https://image.tmdb.org/t/p/w500/oxgsAQDAAxA92mFGYCZllgWkH9J.jpg,"Two conspiracy obsessed young men kidnap the high-powered CEO of a major company, convinced that she is an alien intent on destroying planet Earth.",Science Fiction,primary_release_date.desc
Sci-Fi,18,1266798,Dog 51,2025,2025-10-15,4.6837,6.1,312,https://image.tmdb.org/t/p/w500/olMvhbCRuhTbf6EMKxKGHi2on3L.jpg,"In the near future, Paris is divided into three zones that separate social classes, and no one can escape ALMA, a predictive AI that has revolutionized law enforcement. When ALMA’s creator is assassinated, Salia, a top agent, and Zem, a jaded cop, are forced to work together to solve a murder that may expose the dark secrets of the system they serve.",Science Fiction,primary_release_date.desc
Sci-Fi,19,533533,TRON: Ares,2025,2025-10-08,18.8834,6.497,1459,https://image.tmdb.org/t/p/w500/chpWmskl3aKm1aTZqUHRCtviwPy.jpg,"A highly sophisticated Program called Ares is sent from the digital world into the real world on a dangerous mission, marking humankind's first encounter with A.I. beings.",Science Fiction,primary_release_date.desc|popularity.desc
Sci-Fi,20,1086260,The Astronaut,2025,2025-09-26,6.4539,6.123,383,https://image.tmdb.org/t/p/w500/souvvkJHYhztC1UqZ8lEVUiJa3J.jpg,"After returning from her first space mission, astronaut Sam Walker is placed under NASA’s care at a high security house for rehabilitation and medical testing. However, when disturbing occurrences begin happening around the property, she fears that something extraterrestrial has followed her back to Earth",Science Fiction,primary_release_date.desc
Sci-Fi,21,604079,The Long Walk,2025,2025-09-10,14.1435,6.9,1582,https://image.tmdb.org/t/p/w500/wobVTa99eW0ht6c1rNNzLkazPtR.jpg,"In a dystopian 1970s America, fifty teenage boys take part in a deadly annual walking contest, forced to maintain a minimum pace or be executed, until only one survivor remains.",Science Fiction,primary_release_date.desc
Sci-Fi,22,1257009,Primitive War,2025,2025-08-21,13.2896,6.648,366,https://image.tmdb.org/t/p/w500/noujgznyJIaurEinZhcSVzTmkLo.jpg,"During the Vietnam War, a recon unit ventures to an isolated jungle valley to uncover the fate of a missing platoon. They soon find themselves in a fight for their lives against an unexpected enemy — prehistoric dinosaurs.",Science Fiction,primary_release_date.desc|popularity.desc
Sci-Fi,23,507244,Afterburn,2025,2025-08-20,5.5428,6.265,307,https://image.tmdb.org/t/p/w500/fSXZFZVfJmC2v0TkW711QD5o76N.jpg,"Set against the backdrop of a postapocalyptic Earth whose Eastern Hemisphere was destroyed by a massive solar flare, leaving what life remains mutated from radiation and fallout. The story revolves around a group of treasure hunters who extract such objects as the Mona Lisa, the Rosetta Stone and the Crown Jewels while facing rival hunters, mutants and pirates.",Science Fiction,primary_release_date.desc
Sci-Fi,24,1241470,Osiris,2025,2025-07-25,7.2613,6.151,261,https://image.tmdb.org/t/p/w500/3YtZHtXPNG5AleisgEatEfZOT2w.jpg,"Special Forces commandos on a mission are abducted mid-operation by a mysterious spacecraft. Upon waking aboard, they find themselves prey to a relentless alien race in a fight for survival.",Science Fiction,primary_release_date.desc
Sci-Fi,25,617126,The Fantastic 4: First Steps,2025,2025-07-23,22.6348,6.96,3433,https://image.tmdb.org/t/p/w500/nf5qaSEvyYSNeFH0YhSs5EsBLX9.jpg,"Against the vibrant backdrop of a 1960s-inspired, retro-futuristic world, Marvel's First Family is forced to balance their roles as heroes with the strength of their family bond, while defending Earth from a ravenous space god called Galactus and his enigmatic Herald, Silver Surfer.",Science Fiction,primary_release_date.desc|popularity.desc
Sci-Fi,26,1061474,Superman,2025,2025-07-09,40.4454,7.339,4931,https://image.tmdb.org/t/p/w500/ldyfo0BKmz5rWtJJKCvwaNS4cJT.jpg,"Superman, a journalist in Metropolis, embarks on a journey to reconcile his Kryptonian heritage with his human upbringing as Clark Kent.",Science Fiction,primary_release_date.desc|popularity.desc
Sci-Fi,27,1071585,M3GAN 2.0,2025,2025-06-25,10.3895,7.199,1374,https://image.tmdb.org/t/p/w500/oekamLQrwlJjRNmfaBE4llIvkir.jpg,"After the underlying tech for M3GAN is stolen and misused by a powerful defense contractor to create a military-grade weapon known as Amelia, M3GAN's creator Gemma realizes that the only option is to resurrect M3GAN and give her a few upgrades, making her faster, stronger, and more lethal.",Science Fiction,primary_release_date.desc
Sci-Fi,28,1234821,Jurassic World Rebirth,2025,2025-06-23,28.7907,6.27,3446,https://image.tmdb.org/t/p/w500/1RICxzeoNCAO5NpcRMIgg1XT6fm.jpg,"Five years after the events of Jurassic World Dominion, covert operations expert Zora Bennett is contracted to lead a skilled team on a top-secret mission to secure genetic material from the world's three most massive dinosaurs. When Zora's operation intersects with a civilian family whose boating expedition was capsized, they all find themselves stranded on an island where they come face-to-face with a sinister, shocking discovery that's been hidden from the world for decades.",Science Fiction,primary_release_date.desc|popularity.desc
Sci-Fi,29,1022787,Elio,2025,2025-06-18,14.8195,6.9,1014,https://image.tmdb.org/t/p/w500/7z8jDiTZZco9moIKpTUImFtTy7o.jpg,"Elio, a space fanatic with an active imagination, finds himself on a cosmic misadventure where he must form new bonds with eccentric alien lifeforms, navigate a crisis of intergalactic proportions and somehow discover who he is truly meant to be.",Science Fiction,primary_release_date.desc|popularity.desc
Sci-Fi,30,1100988,28 Years Later,2025,2025-06-18,13.6939,6.611,2618,https://image.tmdb.org/t/p/w500/n5FygjEppOvac6yEaowi26nTyw3.jpg,"Twenty-eight years after the Rage virus outbreak, a heavily-defended island survives connected to the mainland by a single causeway. When one of the group leaves the island into the dark heart of the mainland, he discovers secrets, wonders, and horrors that have mutated not only the infected but other survivors as well.",Science Fiction,primary_release_date.desc
Sci-Fi,31,1376434,Predator: Killer of Killers,2025,2025-06-05,6.3336,7.8,1218,https://image.tmdb.org/t/p/w500/2XDQa6EmFHSA37j1t0w88vpWqj9.jpg,"While three of the fiercest warriors in human history—a Viking raider, a ninja in feudal Japan, and a WWII pilot—are killers in their own right, they are merely prey for their new opponent: the ultimate killer of killers.",Science Fiction,primary_release_date.desc|vote_average.desc
Sci-Fi,32,552524,Lilo & Stitch,2025,2025-05-17,18.786,7.2,2180,https://image.tmdb.org/t/p/w500/ckQzKpQJO4ZQDCN5evdpKcfm7Ys.jpg,The wildly funny and touching story of a lonely Hawaiian girl and the fugitive alien who helps to mend her broken family.,Science Fiction,primary_release_date.desc|popularity.desc
Sci-Fi,33,986056,Thunderbolts*,2025,2025-04-30,17.2189,7.291,3601,https://image.tmdb.org/t/p/w500/hqcexYHbiTBfDIdDWxrxPtVndBX.jpg,"After finding themselves ensnared in a death trap, seven disillusioned castoffs must embark on a dangerous mission that will force them to confront the darkest corners of their pasts.",Science Fiction,primary_release_date.desc|popularity.desc
Sci-Fi,34,1317088,The Assessment,2025,2025-03-21,3.1142,6.8,440,https://image.tmdb.org/t/p/w500/o1K7be85FAauSbVPzCQ0GjOXUqu.jpg,"In a climate change-ravaged world, a utopian society optimizes life, including parenthood assessments. A successful couple faces scrutiny by an evaluator over seven days to determine their fitness for childbearing.",Science Fiction,primary_release_date.desc
Sci-Fi,35,777443,The Electric State,2025,2025-03-07,6.5065,6.499,1676,https://image.tmdb.org/t/p/w500/sI2NiMU8o65hmIMY0JI9CjJ0p7f.jpg,"An orphaned teen hits the road with a mysterious robot to find her long-lost brother, teaming up with a smuggler and his wisecracking sidekick.",Science Fiction,primary_release_date.desc
Sci-Fi,36,696506,Mickey 17,2025,2025-02-28,12.721,6.836,3627,https://image.tmdb.org/t/p/w500/edKpE9B5qN3e559OuMCLZdW1iBZ.jpg,"Unlikely hero Mickey Barnes finds himself in the extraordinary circumstance of working for an employer who demands the ultimate commitment to the job… to die, for a living.",Science Fiction,primary_release_date.desc
Sci-Fi,37,950396,The Gorge,2025,2025-02-13,22.779,7.656,3828,https://image.tmdb.org/t/p/w500/7iMBZzVZtG0oBug4TfqDb9ZxAOa.jpg,"Two highly trained operatives grow close from a distance after being sent to guard opposite sides of a mysterious gorge. When an evil below emerges, they must work together to survive what lies within.",Science Fiction,primary_release_date.desc|popularity.desc|vote_average.desc
Sci-Fi,38,1084199,Companion,2025,2025-01-22,10.636,7.017,2347,https://image.tmdb.org/t/p/w500/oCoTgC3UyWGfyQ9thE10ulWR7bn.jpg,"During a weekend getaway at a secluded lakeside estate, a group of friends finds themselves entangled in a web of secrets, deception, and advanced technology. As tensions rise and loyalties are tested, they uncover unsettling truths about themselves and the world around them.",Science Fiction,primary_release_date.desc
Sci-Fi,39,926670,Henry Danger: The Movie,2025,2025-01-17,4.3641,7.625,263,https://image.tmdb.org/t/p/w500/dFWj2rOGsqSIX1PHFghbCBgpMnk.jpg,"Henry Hart meets a superfan—eager to fight crime with Kid Danger—who comes into possession of a device that can open up alternate realities. Facing a wild ride, Henry will need his best friend Jasper and his new superfan sidekick to find his way out or be stuck in another dimension forever.",Science Fiction,primary_release_date.desc
Sci-Fi,40,939243,Sonic the Hedgehog 3,2024,2024-12-19,23.8662,7.614,3316,https://image.tmdb.org/t/p/w500/d8Ryb8AunYAuycVKDp5HpdWPKgC.jpg,"Sonic, Knuckles, and Tails reunite against a powerful new adversary, Shadow, a mysterious villain with powers unlike anything they have faced before. With their abilities outmatched in every way, Team Sonic must seek out an unlikely alliance in hopes of stopping Shadow and protecting the planet.",Science Fiction,primary_release_date.desc|popularity.desc
Sci-Fi,41,929204,Wallace & Gromit: Vengeance Most Fowl,2024,2024-12-18,4.0546,7.454,661,https://image.tmdb.org/t/p/w500/jUWFSBxTOiCinPdTOh3IDUXVemZ.jpg,"Gromit’s concern that Wallace is becoming too dependent on his inventions proves justified, when Wallace invents a “smart” gnome that seems to develop a mind of its own. When it emerges that a vengeful figure from the past might be masterminding things, it falls to Gromit to battle sinister forces and save his master… or Wallace may never be able to invent again!",Science Fiction,primary_release_date.desc
Sci-Fi,42,863873,Caddo Lake,2024,2024-11-28,5.6164,7.226,512,https://image.tmdb.org/t/p/w500/r1h1YltM7bwzlWE330izIgQSwkj.jpg,"When an 8-year-old girl mysteriously vanishes on Caddo Lake, a series of past deaths and disappearances begin to link together, forever altering a broken family’s history.",Science Fiction,primary_release_date.desc
Sci-Fi,43,1035048,Elevation,2024,2024-11-07,7.4142,6.414,998,https://image.tmdb.org/t/p/w500/tnfc0NJ3BzhJrGJhkkEd6MHBdq5.jpg,"Post-apocalyptic survivors find refuge in the Rocky Mountains to hide from giant, insect-like creatures that can't live above 8,000 feet. However, when one of them needs life-saving supplies, they risk it all to venture into the danger zone.",Science Fiction,primary_release_date.desc
Sci-Fi,44,912649,Venom: The Last Dance,2024,2024-10-22,21.1733,6.676,4272,https://image.tmdb.org/t/p/w500/vGXptEdgZIhPg3cGlc7e8sNPC2e.jpg,"Eddie and Venom are on the run. Hunted by both of their worlds and with the net closing in, the duo are forced into a devastating decision that will bring the curtains down on Venom and Eddie's last dance.",Science Fiction,primary_release_date.desc|popularity.desc
Sci-Fi,45,1190868,V/H/S/Beyond,2024,2024-09-20,2.7842,6.6,306,https://image.tmdb.org/t/p/w500/wXaf6VGNHIGU7qivapGOF7o4o4N.jpg,"The infinite playground of forbidden worlds and dangerous lifeforms offered by the sci-fi horror genre will lead to the biggest, maddest, bloodiest V/H/S ever.",Science Fiction,primary_release_date.desc
Sci-Fi,46,1184918,The Wild Robot,2024,2024-09-12,31.891,8.3,6187,https://image.tmdb.org/t/p/w500/eG9lz41mJqsI4J6ubMtVqD26q2J.jpg,"After a shipwreck, an intelligent robot called Roz is stranded on an uninhabited island. To survive the harsh environment, Roz bonds with the island's animals and cares for an orphaned baby goose.",Science Fiction,primary_release_date.desc|popularity.desc|vote_average.desc
Sci-Fi,47,698687,Transformers One,2024,2024-09-11,9.667,8.0,1649,https://image.tmdb.org/t/p/w500/iRCgqpdVE4wyLQvGYU3ZP7pAtUc.jpg,"The untold origin story of Optimus Prime and Megatron, better known as sworn enemies, but once were friends bonded like brothers who changed the fate of Cybertron forever.",Science Fiction,primary_release_date.desc|vote_average.desc
Sci-Fi,48,933260,The Substance,2024,2024-09-07,24.0244,7.132,6096,https://image.tmdb.org/t/p/w500/lqoMzCcZYEFK729d6qzt349fB4o.jpg,"A fading celebrity decides to use a black market drug, a cell-replicating substance that temporarily creates a younger, better version of herself.",Science Fiction,primary_release_date.desc|popularity.desc
Sci-Fi,49,916728,Slingshot,2024,2024-08-30,1.8003,6.1,251,https://image.tmdb.org/t/p/w500/e6cCBe7DQOn9OFdFJ0eyVwSC8hR.jpg,"An elite trio of astronauts aboard a years-long, possibly compromised mission to Saturn's moon, Titan, gears up for a highly dangerous slingshot manoeuvre that will either catapult them to Titan or into deep space.",Science Fiction,primary_release_date.desc
Sci-Fi,50,1064028,Subservience,2024,2024-08-15,25.7764,6.605,1022,https://image.tmdb.org/t/p/w500/gBenxR01Uy0Ev9RTIw6dVBPoyQU.jpg,"With his wife out sick, a struggling father brings home a lifelike AI, only to have his self-aware new help want everything her new family has to offer... Like the affection of her owner and she'll kill to get it.",Science Fiction,primary_release_date.desc|popularity.desc
Thriller,1,1380291,Tom Clancy's Jack Ryan: Ghost War,2026,2026-05-20,92.0072,7.041,611,https://image.tmdb.org/t/p/w500/8ehYxUh5MWE41AeE9gkHE8DKzvB.jpg,"Jack Ryan is reluctantly pulled back into espionage when an international covert mission unravels a deadly conspiracy. Racing against time, he joins CIA allies Mike November & James Greer and sharp MI6 officer Emma Marlowe to battle a rogue black-ops unit in a high-stakes, deeply personal fight.",Thriller,primary_release_date.desc|popularity.desc
Thriller,2,1339713,Obsession,2026,2026-05-13,498.2651,7.9,986,https://image.tmdb.org/t/p/w500/bRwnj8WEKBCvmfeUNOukJPwB43K.jpg,"After breaking the mysterious ""One Wish Willow"" to win his crush's heart, a hopeless romantic finds himself getting exactly what he asked for but soon discovers that some desires come at a dark, sinister price.",Thriller,primary_release_date.desc|popularity.desc|vote_average.desc
Thriller,3,1122573,In the Grey,2026,2026-05-13,111.0813,6.642,272,https://image.tmdb.org/t/p/w500/dQgIcW6Th08kMRf2HBoYWoFE6OD.jpg,"A covert team of elite operatives are living in the shadows. When a ruthless despot steals a billion-dollar fortune, they're sent to take it back—an impossible heist that erupts into a deadly game of strategy, deception and survival.",Thriller,primary_release_date.desc|popularity.desc
Thriller,4,1318447,Apex,2026,2026-04-24,65.9215,6.82,1528,https://image.tmdb.org/t/p/w500/eTp7gSPkSF3Aw79mNx1NkBP1PZT.jpg,A grieving woman pushing her limits on a solo adventure in the Australian wild is ensnared in a twisted game with a cunning killer who thinks she's prey.,Thriller,primary_release_date.desc|popularity.desc
Thriller,5,1290417,Thrash,2026,2026-04-10,22.1278,6.062,661,https://image.tmdb.org/t/p/w500/adk8weka3O5648g3de4z3y4aE7G.jpg,"When a Category 5 hurricane decimates a coastal town, the storm surge brings devastation, chaos, and something far more frightening onto shore: hungry sharks.",Thriller,primary_release_date.desc|popularity.desc
Thriller,6,1266127,Ready or Not: Here I Come,2026,2026-03-19,29.8413,7.703,1107,https://image.tmdb.org/t/p/w500/13ZcJzSGEqVgDSqsS9U5EkQwPkV.jpg,"Moments after surviving an all-out attack from the Le Domas family, Grace discovers she’s reached the next level of the nightmarish game — and this time with her estranged sister Faith at her side. Grace has one chance to survive, keep her sister alive, and claim the High Seat of the Council that controls the world. Four rival families are hunting her for the throne, and whoever wins rules it all.",Thriller,primary_release_date.desc|popularity.desc
Thriller,7,1390300,Over Your Dead Body,2026,2026-03-14,44.6143,6.561,337,https://image.tmdb.org/t/p/w500/kZCauMzAt9eMAhLMopCqnFw1Q5k.jpg,"A dysfunctional couple head to a remote cabin to ""reconnect"", but each has secret intentions to kill the other.",Thriller,primary_release_date.desc|popularity.desc
Thriller,8,1084187,Pretty Lethal,2026,2026-03-13,35.9619,6.769,422,https://image.tmdb.org/t/p/w500/znTPnXCK3lEQJgqXCvP7e5FUz6f.jpg,A troupe of ballerinas find themselves fighting for survival as they attempt to escape from a remote inn after their bus breaks down on the way to a dance competition.,Thriller,primary_release_date.desc|popularity.desc
Thriller,9,1613798,Vengeance,2026,2026-02-26,43.712,7.49,262,https://image.tmdb.org/t/p/w500/ygWXPL0RS91JyJPNOfK34eV3bRE.jpg,"The brutal murder of the wife of “Toro,” a military hero in the special forces, turns him into a man with a single purpose: revenge. After a stroke of fate makes him a millionaire, Carlos transforms his fortune into an arsenal and, together with his closest soldiers, sets out to hunt down those responsible.",Thriller,primary_release_date.desc|popularity.desc
Thriller,10,1383731,Instinto protector,2026,2026-02-20,25.5743,8.548,356,https://image.tmdb.org/t/p/w500/icOZpnGuH9YrEaW3wrw5GJaXGih.jpg,"Nikki's life is shattered when her daughter is kidnapped. Thrust into the criminal underworld while hunted by cops and military, she must fight to rescue her child.",Thriller,primary_release_date.desc|popularity.desc|vote_average.desc
Thriller,11,467905,How to Make a Killing,2026,2026-02-16,17.0168,6.994,489,https://image.tmdb.org/t/p/w500/kw7x5mSmHhoeeqwXLwXTBsofD1N.jpg,"Disowned at birth by his obscenely wealthy family, blue-collar Becket Redfellow will stop at nothing to reclaim his inheritance, no matter how many relatives stand in his way.",Thriller,primary_release_date.desc|popularity.desc
Thriller,12,1265609,War Machine,2026,2026-02-12,39.2447,7.405,1965,https://image.tmdb.org/t/p/w500/rFhKkXhk7ClU03jQ5rHIApJDwev.jpg,"On one last grueling mission during Army Ranger training, a combat engineer must lead his unit in a fight against a giant otherworldly killing machine.",Thriller,primary_release_date.desc|popularity.desc
Thriller,13,1171145,Crime 101,2026,2026-02-11,37.8193,6.997,1105,https://image.tmdb.org/t/p/w500/tVvpFIoteRHNnoZMhdnwIVwJpCA.jpg,"When an elusive thief whose high-stakes heists unfold along the iconic 101 freeway in Los Angeles eyes the score of a lifetime, with hopes of this being his final job, his path collides with a disillusioned insurance broker who is facing her own crossroads. Determined to crack the case, a relentless detective closes in on the operation, raising the stakes even higher.",Thriller,primary_release_date.desc|popularity.desc
Thriller,14,1290821,Shelter,2026,2026-01-28,43.8481,7.681,1304,https://image.tmdb.org/t/p/w500/buPFnHZ3xQy6vZEHxbHgL1Pc6CR.jpg,"A man living in self-imposed exile on a remote island rescues a young girl from a violent storm, setting off a chain of events that forces him out of seclusion to protect her from enemies tied to his past.",Thriller,primary_release_date.desc|popularity.desc
Thriller,15,1198994,Send Help,2026,2026-01-22,37.8821,7.04,1830,https://image.tmdb.org/t/p/w500/zbJWVHOtj3ljBzWgL1P8pxP03Up.jpg,"Two colleagues become stranded on a deserted island, the only survivors of a plane crash. On the island, they must overcome past grievances and work together to survive, but ultimately, it's a battle of wills and wits to make it out alive.",Thriller,primary_release_date.desc|popularity.desc
Thriller,16,1236153,Mercy,2026,2026-01-19,18.5319,7.06,1422,https://image.tmdb.org/t/p/w500/pyok1kZJCfyuFapYXzHcy7BLlQa.jpg,"In the near future, a detective stands on trial accused of murdering his wife. He has ninety minutes to prove his innocence to the advanced AI Judge he once championed, before it determines his fate.",Thriller,primary_release_date.desc|popularity.desc
Thriller,17,1272837,28 Years Later: The Bone Temple,2026,2026-01-14,28.9364,7.134,1329,https://image.tmdb.org/t/p/w500/kK1BGkG3KAvWB0WMV1DfOx9yTMZ.jpg,Dr. Kelson finds himself in a shocking new relationship - with consequences that could change the world as they know it - and Spike's encounter with Jimmy Crystal becomes a nightmare he can't escape.,Thriller,primary_release_date.desc|popularity.desc
Thriller,18,1306368,The Rip,2026,2026-01-13,20.9822,7.088,1693,https://image.tmdb.org/t/p/w500/4wsYWH73Hb1B6noGIFaRQSAkuXj.jpg,"Trust frays when a team of Miami cops discovers millions in cash inside a run-down stash house, calling everyone — and everything — into question.",Thriller,primary_release_date.desc|popularity.desc
Thriller,19,840464,Greenland 2: Migration,2026,2026-01-07,56.5065,6.437,1244,https://image.tmdb.org/t/p/w500/z2tqCJLsw6uEJ8nJV8BsQXGa3dr.jpg,"Having found the safety of the Greenland bunker after the comet Clarke decimated the Earth, the Garrity family must now risk everything to embark on a perilous journey across the wasteland of Europe to find a new home.",Thriller,primary_release_date.desc|popularity.desc
Thriller,20,1198984,We Bury the Dead,2026,2026-01-01,8.957,6.062,267,https://image.tmdb.org/t/p/w500/xZqo0yPARmyF8TACVNyaOACkYWG.jpg,"After a catastrophic military disaster reanimates the dead, Ava searches for her missing husband amidst an increasingly hostile world.",Thriller,primary_release_date.desc
Thriller,21,1317288,Marty Supreme,2025,2025-12-19,15.2286,7.384,1879,https://image.tmdb.org/t/p/w500/lYWEXbQgRTR4ZQleSXAgRbxAjvq.jpg,"Marty Mauser, a young man with a dream no one respects, goes to hell and back in pursuit of greatness.",Thriller,primary_release_date.desc|popularity.desc
Thriller,22,1368166,The Housemaid,2025,2025-12-18,53.8426,7.267,2498,https://image.tmdb.org/t/p/w500/cWsBscZzwu5brg9YjNkGewRUvJX.jpg,"Trying to escape her past, Millie Calloway accepts a job as a live-in housemaid for the wealthy Nina and Andrew Winchester. But what begins as a dream job quickly unravels into something far more dangerous—a sexy, seductive game of secrets, scandal, and power.",Thriller,primary_release_date.desc|popularity.desc
Thriller,23,1291608,Dhurandhar,2025,2025-12-05,59.8702,7.274,312,https://image.tmdb.org/t/p/w500/snBOuXDdhmTvlzMUvP9Em3Pp1u1.jpg,"A mysterious traveler slips into the heart of Karachi's underbelly and rises through its ranks with lethal precision, only to tear the notorious ISI-Underworld nexus apart from within.",Thriller,primary_release_date.desc|popularity.desc
Thriller,24,1387382,Hunting Season,2025,2025-12-05,13.906,6.974,253,https://image.tmdb.org/t/p/w500/cbryTyaWdqrKpQCw6K7zm2jrB5v.jpg,"When a reclusive survivalist and his daughter rescue a mysterious, wounded woman from a river, they become entangled in a deadly web of violence and revenge, forcing them to confront a brutal criminal to survive.",Thriller,primary_release_date.desc|popularity.desc
Thriller,25,1228246,Five Nights at Freddy's 2,2025,2025-12-03,18.9124,6.636,1002,https://image.tmdb.org/t/p/w500/udAxQEORq2I5wxI97N2TEqdhzBE.jpg,"One year since the supernatural nightmare at Freddy Fazbear's Pizza, the stories about what transpired there have been twisted into a campy local legend, inspiring the town's first ever Fazfest. With the truth kept from her, Abby sneaks out to reconnect with Freddy, Bonnie, Chica, and Foxy, setting into motion a terrifying series of events that will reveal dark secrets about the real origin of Freddy's, and unleash a decades-hidden horror.",Thriller,primary_release_date.desc|popularity.desc
Thriller,26,1180831,Troll 2,2025,2025-11-30,7.1074,6.381,485,https://image.tmdb.org/t/p/w500/p6xAExLNFbHcLfvSuvLPoM8aqZU.jpg,"When a dangerous new troll unleashes devastation across their homeland, Nora, Andreas and Major Kris embark on their most perilous mission yet.",Thriller,primary_release_date.desc
Thriller,27,812583,Wake Up Dead Man: A Knives Out Mystery,2025,2025-11-26,10.4972,7.206,2565,https://image.tmdb.org/t/p/w500/qCOGGi8JBVEZMc3DVby8rUivyXz.jpg,"When young priest Jud Duplenticy is sent to assist charismatic firebrand Monsignor Jefferson Wicks, it’s clear that all is not well in the pews. After a sudden and seemingly impossible murder rocks the town, the lack of an obvious suspect prompts local police chief Geraldine Scott to join forces with renowned detective Benoit Blanc to unravel a mystery that defies all logic.",Thriller,primary_release_date.desc
Thriller,28,628847,Trap House,2025,2025-11-14,8.509,6.593,281,https://image.tmdb.org/t/p/w500/6tpAPeuuqbVnYWWPoOLEDLSBU7a.jpg,"An undercover DEA agent and his partner embark on a game of cat and mouse with an audacious, and surprising group of thieves – their own rebellious teenagers, who have begun robbing from a dangerous cartel, using their parents' tactics and top-secret intel to do it.",Thriller,primary_release_date.desc
Thriller,29,425274,Now You See Me: Now You Don't,2025,2025-11-12,25.5161,6.496,1590,https://image.tmdb.org/t/p/w500/oD3Eey4e4Z259XLm3eD3WGcoJAh.jpg,"The original Four Horsemen reunite with a new generation of illusionists to take on powerful diamond heiress Veronika Vanderberg, who leads a criminal empire built on money laundering and trafficking. The new and old magicians must overcome their differences to work together on their most ambitious heist yet.",Thriller,primary_release_date.desc|popularity.desc
Thriller,30,798645,The Running Man,2025,2025-11-11,15.212,6.781,1659,https://image.tmdb.org/t/p/w500/dKL78O9zxczVgjtNcQ9UkbYLzqX.jpg,"Desperate to save his sick daughter, working-class Ben Richards is convinced by The Running Man's charming but ruthless producer to enter the deadly competition game as a last resort. But Ben's defiance, instincts, and grit turn him into an unexpected fan favorite — and a threat to the entire system. As ratings skyrocket, so does the danger, and Ben must outwit not just the Hunters, but a nation addicted to watching him fall.",Thriller,primary_release_date.desc|popularity.desc
Thriller,31,701387,Bugonia,2025,2025-10-23,9.6388,7.315,2017,https://image.tmdb.org/t/p/w500/oxgsAQDAAxA92mFGYCZllgWkH9J.jpg,"Two conspiracy obsessed young men kidnap the high-powered CEO of a major company, convinced that she is an alien intent on destroying planet Earth.",Thriller,primary_release_date.desc
Thriller,32,1223601,Sisu: Road to Revenge,2025,2025-10-21,13.3357,7.311,803,https://image.tmdb.org/t/p/w500/roCMOuMQ55Z2TxVx1vZZTevlo0n.jpg,"Returning to the house where his family was brutally murdered during the war, ""the man who refuses to die"" dismantles it, loads it on a truck, and is determined to rebuild it somewhere safe in their honor. When the commander who killed his family comes back hellbent on finishing the job, a relentless, eye-popping cross-country chase ensues.",Thriller,primary_release_date.desc|popularity.desc
Thriller,33,1197137,Black Phone 2,2025,2025-10-15,13.1392,6.698,1167,https://image.tmdb.org/t/p/w500/gFddBLQ8wj9M9O82iPzgX5KVNHz.jpg,"Four years after defeating The Grabber, Finney Blake is struggling with life after captivity. When his younger sister Gwen begins receiving calls in her dreams from the Black Phone and seeing disturbing visions of three boys being stalked at a winter camp, the siblings become determined to solve the mystery and confront a killer who has grown more powerful in death and more significant to them than either could imagine.",Thriller,primary_release_date.desc|popularity.desc
Thriller,34,1266798,Dog 51,2025,2025-10-15,4.6837,6.1,312,https://image.tmdb.org/t/p/w500/olMvhbCRuhTbf6EMKxKGHi2on3L.jpg,"In the near future, Paris is divided into three zones that separate social classes, and no one can escape ALMA, a predictive AI that has revolutionized law enforcement. When ALMA’s creator is assassinated, Salia, a top agent, and Zem, a jaded cop, are forced to work together to solve a murder that may expose the dark secrets of the system they serve.",Thriller,primary_release_date.desc
Thriller,35,1290879,The Woman in Cabin 10,2025,2025-10-09,3.929,6.185,1046,https://image.tmdb.org/t/p/w500/4kpdyePOlcELQQJcxXPF5GB1Adw.jpg,"On a lavish yacht for an assignment, a journalist sees a passenger go overboard. But when no one believes her, she risks her life to uncover the truth.",Thriller,primary_release_date.desc
Thriller,36,1290159,A House of Dynamite,2025,2025-10-02,4.5622,6.401,1273,https://image.tmdb.org/t/p/w500/AiJ8L90ftPAwVf3SDx7Fj9IMZoy.jpg,"When a single, unattributed missile is launched at the United States, a race begins to determine who is responsible and how to respond.",Thriller,primary_release_date.desc
Thriller,37,1456349,It Was Just an Accident,2025,2025-10-01,4.1211,7.146,587,https://image.tmdb.org/t/p/w500/eNYGj2DG3n8OrVPTfYunpPW9uas.jpg,An unassuming mechanic is reminded of his time in an Iranian prison when he encounters a man he suspects to be his sadistic jailhouse captor.,Thriller,primary_release_date.desc
Thriller,38,941109,Play Dirty,2025,2025-09-30,10.9208,6.566,641,https://image.tmdb.org/t/p/w500/ovZ0zq0NwRghtWI1oLaM0lWuoEw.jpg,"Expert thief Parker gets a shot at a major heist, but to pull it off he and his team must outsmart a South American dictator, the New York mob, and the world's richest man.",Thriller,primary_release_date.desc
Thriller,39,1086260,The Astronaut,2025,2025-09-26,6.4539,6.123,383,https://image.tmdb.org/t/p/w500/souvvkJHYhztC1UqZ8lEVUiJa3J.jpg,"After returning from her first space mission, astronaut Sam Walker is placed under NASA’s care at a high security house for rehabilitation and medical testing. However, when disturbing occurrences begin happening around the property, she fears that something extraterrestrial has followed her back to Earth",Thriller,primary_release_date.desc
Thriller,40,1010756,The Strangers: Chapter 2,2025,2025-09-25,6.1582,6.064,345,https://image.tmdb.org/t/p/w500/pqADzs5SJvI2jC0DThPVMuNJcWS.jpg,"After learning that one of their victims, Maya, is still alive, The Strangers return to finish the job. With nowhere to run and no one to trust, Maya soon finds herself in a brutal fight for survival against psychopaths more than willing to kill anyone who stands in their way.",Thriller,primary_release_date.desc
Thriller,41,639988,No Other Choice,2025,2025-09-24,8.6926,7.5,1115,https://image.tmdb.org/t/p/w500/vc2S0dvgpsM0XfSiXZDMVkRCSSU.jpg,"After being laid off and humiliated by a ruthless job market, a veteran paper mill manager descends into violence in a desperate bid to reclaim his dignity.",Thriller,primary_release_date.desc
Thriller,42,1054867,One Battle After Another,2025,2025-09-23,16.1172,7.35,3828,https://image.tmdb.org/t/p/w500/lbBWwxBht4JFP5PsuJ5onpMqugW.jpg,"Washed-up revolutionary Bob exists in a state of stoned paranoia, surviving off-grid with his spirited, self-reliant daughter, Willa. When his evil nemesis resurfaces after 16 years and she goes missing, the former radical scrambles to find her, father and daughter both battling the consequences of his past.",Thriller,primary_release_date.desc|popularity.desc
Thriller,43,1235746,Dead of Winter,2025,2025-09-23,9.5579,6.382,376,https://image.tmdb.org/t/p/w500/5DcrN62sGAiRJxt8rXSRlSRLwIE.jpg,"A widowed fisherwoman, travelling alone through snowbound northern Minnesota, interrupts the kidnapping of a teenage girl. Hours from the nearest town and with no phone service, she realizes that she is the young girl's only hope.",Thriller,primary_release_date.desc
Thriller,44,1236470,The Lost Bus,2025,2025-09-19,4.7282,7.035,742,https://image.tmdb.org/t/p/w500/4IPxzGlE17fJAwUTMul4opMeutA.jpg,A determined father risks everything to rescue a dedicated teacher and her students from a raging wildfire.,Thriller,primary_release_date.desc
Thriller,45,604079,The Long Walk,2025,2025-09-10,14.1435,6.9,1582,https://image.tmdb.org/t/p/w500/wobVTa99eW0ht6c1rNNzLkazPtR.jpg,"In a dystopian 1970s America, fifty teenage boys take part in a deadly annual walking contest, forced to maintain a minimum pace or be executed, until only one survivor remains.",Thriller,primary_release_date.desc
Thriller,46,1245993,Caught Stealing,2025,2025-08-26,4.3868,6.863,1001,https://image.tmdb.org/t/p/w500/cvda8s5J8YaHjTyEyXQpvD6f3iV.jpg,"Burned-out ex-baseball player Hank Thompson unexpectedly finds himself embroiled in a dangerous struggle for survival amidst the criminal underbelly of late 1990s New York City, forced to navigate a treacherous underworld he never imagined.",Thriller,primary_release_date.desc
Thriller,47,1088166,Relay,2025,2025-08-21,3.5793,6.973,445,https://image.tmdb.org/t/p/w500/mpwccO2L8LUVtVTJTdgUVgoQqAo.jpg,A broker of lucrative payoffs between corrupt corporations and the individuals who threaten them breaks his own rules when a new client seeks his protection to stay alive.,Thriller,primary_release_date.desc
Thriller,48,1419406,The Shadow's Edge,2025,2025-08-16,89.0269,7.813,900,https://image.tmdb.org/t/p/w500/cHKo3m8N1fwvEy2ZEr0xGmmMODV.jpg,Macau Police brings the tracking expert police officer out of retirement to help catch a dangerous group of professional thieves.,Thriller,primary_release_date.desc|popularity.desc|vote_average.desc
Thriller,49,1254624,Night Always Comes,2025,2025-08-15,2.5547,6.1,275,https://image.tmdb.org/t/p/w500/1jDo1nG7rtjaaQGpr6e73x9i9Xp.jpg,"Facing eviction in a city her family can no longer afford, a woman plunges into a desperate and increasingly dangerous all-night search to raise $25,000.",Thriller,primary_release_date.desc
Thriller,50,1007734,Nobody 2,2025,2025-08-13,12.5556,6.93,1620,https://image.tmdb.org/t/p/w500/svXVRoRSu6zzFtCzkRsjZS7Lqpd.jpg,"Former assassin Hutch Mansell takes his family on a nostalgic vacation to a small-town theme park, only to be pulled back into violence when they clash with a corrupt operator, a crooked sheriff, and a ruthless crime boss.",Thriller,primary_release_date.desc
War,1,1223601,Sisu: Road to Revenge,2025,2025-10-21,13.3357,7.311,803,https://image.tmdb.org/t/p/w500/roCMOuMQ55Z2TxVx1vZZTevlo0n.jpg,"Returning to the house where his family was brutally murdered during the war, ""the man who refuses to die"" dismantles it, loads it on a truck, and is determined to rebuild it somewhere safe in their honor. When the commander who killed his family comes back hellbent on finishing the job, a relentless, eye-popping cross-country chase ensues.",War,primary_release_date.desc|popularity.desc
War,2,1252037,The Tank,2025,2025-09-18,9.6463,7.1,444,https://image.tmdb.org/t/p/w500/65Jr1JAgWlu9em8zHhAfrNJJQBt.jpg,"A German Tiger tank crew is sent on a dangerous mission to rescue the missing officer Paul von Hardenburg from a top-secret bunker behind enemy lines. As they make their way through the lethal no-man's land, they must confront not only the enemy, but also their own fears and inner demons. Fueled by the Wehrmacht's methamphetamine, their mission increasingly becomes a journey into the heart of darkness.",War,primary_release_date.desc|popularity.desc
War,3,1257009,Primitive War,2025,2025-08-21,13.2896,6.648,366,https://image.tmdb.org/t/p/w500/noujgznyJIaurEinZhcSVzTmkLo.jpg,"During the Vietnam War, a recon unit ventures to an isolated jungle valley to uncover the fate of a missing platoon. They soon find themselves in a fight for their lives against an unexpected enemy — prehistoric dinosaurs.",War,primary_release_date.desc|popularity.desc
War,4,1241436,Warfare,2025,2025-04-09,9.5279,7.082,1476,https://image.tmdb.org/t/p/w500/l39TlELomwysfsr37vrvCV6rmaQ.jpg,"A platoon of Navy SEALs embarks on a dangerous mission in Ramadi, Iraq, with the chaos and brotherhood of war retold through their memories of the event.",War,primary_release_date.desc|popularity.desc
War,5,1043905,Dirty Angels,2024,2024-12-11,4.9108,6.1,382,https://image.tmdb.org/t/p/w500/1y3TG8N8zwwMxqh0qzdyDs3IyCq.jpg,"During the United States' 2021 withdrawal from Afghanistan, a group of female soldiers posing as medical relief are sent back in to rescue a group of kidnapped teenagers caught between ISIS and the Taliban.",War,primary_release_date.desc|popularity.desc
War,6,1061699,The Six Triple Eight,2024,2024-12-06,4.7305,7.537,685,https://image.tmdb.org/t/p/w500/7tvAnzZj9e9AjdoHaN9jshm2Cjw.jpg,"During World War II, the US Army's only all-Black, all-women battalion takes on an impossible mission: sorting through a three-year backlog of 17 million pieces of mail that hadn't been delivered to American soldiers and finish within six months.",War,primary_release_date.desc|vote_average.desc
War,7,927342,Amaran,2024,2024-10-31,3.4059,7.359,256,https://image.tmdb.org/t/p/w500/eCB06m1KUGilEOlIzb40nkQhVY0.jpg,"A heroic true story of Major Mukund Varadarajan, an Indian Army officer who displayed extraordinary bravery during a counterterrorism mission in Kashmir’s Shopian district. The film captures his courage in protecting his nation and the devotion of his wife Indhu Rebecaa Varghese.",War,primary_release_date.desc
War,8,1222248,Number 24,2024,2024-10-30,2.1043,7.1,368,https://image.tmdb.org/t/p/w500/qv7crkk9fzMrvj3WqWU6PiFm12f.jpg,"On the brink of the Second World War, a young Norwegian man's drive to resist the Nazis sets a new course for his future – and the future of his country.",War,primary_release_date.desc
War,9,832964,Lee,2024,2024-09-12,3.2055,6.972,641,https://image.tmdb.org/t/p/w500/zdNWyuim8gpJHe1LtKaDrs43dWz.jpg,"The true story of photographer Elizabeth ""Lee"" Miller, a fashion model who became an acclaimed war correspondent for Vogue magazine during World War II.",War,primary_release_date.desc
War,10,799583,The Ministry of Ungentlemanly Warfare,2024,2024-04-18,6.4042,7.015,1909,https://image.tmdb.org/t/p/w500/8aF0iAKH9MJMYAZdi0Slg77RYa2.jpg,"During World War II, the British Army assigns a group of competent soldiers to carry out a mission against the Nazi forces behind enemy lines... A true story about a secret British WWII organization — the Special Operations Executive. Founded by Winston Churchill, their irregular warfare against the Germans helped to change the course of the war, and gave birth to modern black operations.",War,primary_release_date.desc|popularity.desc
War,11,929590,Civil War,2024,2024-04-10,11.4264,6.859,4362,https://image.tmdb.org/t/p/w500/sh7Rg8Er3tFcN9BpKIPOMvALgZd.jpg,"In the near future, a group of war journalists attempt to survive while reporting the truth as the United States stands on the brink of civil war.",War,primary_release_date.desc|popularity.desc
War,12,969492,Land of Bad,2024,2024-02-09,10.6903,7.256,1506,https://image.tmdb.org/t/p/w500/h3jYanWMEJq6JJsCopy1h7cT2Hs.jpg,"When a Delta Force special ops mission goes terribly wrong, Air Force drone pilot Reaper has 48 hours to remedy what has devolved into a wild rescue operation. With no weapons and no communication other than the drone above, the ground mission suddenly becomes a full-scale battle when the team is discovered by the enemy.",War,primary_release_date.desc|popularity.desc
War,13,467244,The Zone of Interest,2023,2023-12-15,5.9743,7.01,2636,https://image.tmdb.org/t/p/w500/hUu9zyZmDd8VZegKi1iK1Vk0RYS.jpg,"The commandant of Auschwitz, Rudolf Höss, and his wife Hedwig, strive to build a dream life for their family in a house and garden next to the camp.",War,primary_release_date.desc|popularity.desc
War,14,753342,Napoleon,2023,2023-11-22,6.5093,6.303,3115,https://image.tmdb.org/t/p/w500/ytFOXyghxLzAM4KZyazDdEkM66q.jpg,"An epic that details the checkered rise and fall of French Emperor Napoleon Bonaparte and his relentless journey to power through the prism of his addictive, volatile relationship with his wife, Josephine.",War,primary_release_date.desc|popularity.desc
War,15,856289,Creation of the Gods I: Kingdom of Storms,2023,2023-07-15,6.7409,7.077,483,https://image.tmdb.org/t/p/w500/6VOV2wU3WEyN0H1QtrbAS6whXPc.jpg,"Based on the most well-known classical fantasy novel of China, Fengshenyanyi, the trilogy is a magnificent eastern high fantasy epic that recreates the prolonged mythical wars between humans, immortals and monsters, which happened more than three thousand years ago.",War,primary_release_date.desc|popularity.desc
War,16,1058616,20 Days in Mariupol,2023,2023-07-14,1.2209,8.1,291,https://image.tmdb.org/t/p/w500/zIRp1IeuPh4GgqFCH3y0DQuY9xP.jpg,"As the Russian invasion begins, a team of Ukrainian journalists trapped in the besieged city of Mariupol struggle to continue their work documenting the war's atrocities.",War,primary_release_date.desc|vote_average.desc
War,17,1076487,Warhorse One,2023,2023-06-30,3.5759,7.212,335,https://image.tmdb.org/t/p/w500/1WYSPpjZ0zKr65yQes03QTPCrUh.jpg,A gunned down Navy SEAL Master Chief must guide a child to safety through a gauntlet of hostile Taliban insurgents and survive the brutal Afghanistan wilderness.,War,primary_release_date.desc
War,18,717930,Kandahar,2023,2023-05-25,4.0059,6.787,1257,https://image.tmdb.org/t/p/w500/lCanGgsqF4xD2WA5NF8PWeT3IXd.jpg,"After his mission is exposed, an undercover CIA operative stuck deep in hostile territory in Afghanistan must fight his way out, alongside his Afghan translator, to an extraction point in Kandahar, all whilst avoiding elite enemy forces and foreign spies tasked with hunting them down.",War,primary_release_date.desc|popularity.desc
War,19,1098110,Blood & Gold,2023,2023-04-21,2.1211,6.7,414,https://image.tmdb.org/t/p/w500/oLRQP5cEjiT1DxeIHUYEV96Ijum.jpg,"At the end of World War II, a German soldier is looking for his daughter while an SS troop is looking for a Jewish treasure.",War,primary_release_date.desc
War,20,882569,Guy Ritchie's The Covenant,2023,2023-04-19,12.6339,7.719,3215,https://image.tmdb.org/t/p/w500/kVG8zFFYrpyYLoHChuEeOGAd6Ru.jpg,"After an ambush, Afghan interpreter Ahmed goes to Herculean lengths to save US Army Sergeant John Kinley's life. When Kinley learns that Ahmed and his family were not given safe passage to America as promised, he must return to the war zone and repay his debt.",War,primary_release_date.desc|popularity.desc|vote_average.desc
War,21,948713,The Last Kingdom: Seven Kings Must Die,2023,2023-04-14,5.1819,7.224,838,https://image.tmdb.org/t/p/w500/qcNDxDzd5OW9wE3c8nWxCBQoBrM.jpg,"In the wake of King Edward's death, Uhtred of Bebbanburg and his comrades adventure across a fractured kingdom in the hopes of uniting England at last.",War,primary_release_date.desc|popularity.desc
War,22,967874,Father & Soldier,2023,2023-01-04,0.9018,6.0,258,https://image.tmdb.org/t/p/w500/3xi52A7e1ZjEyLiXxanEyOdR8ma.jpg,"1917. Bakary Diallo enlists in the French army to join his 17-year-old son, Thierno, who has been forcibly recruited. Sent to the front, they will have to face the war together. While Thierno learns to become a man, Bakary will do everything to bring him back safely.",War,primary_release_date.desc
War,23,619930,Narvik,2022,2022-12-25,1.8919,6.775,447,https://image.tmdb.org/t/p/w500/iTqTgxTNs1AIaSmxh0zD3RMaFNn.jpg,"April, 1940. The eyes of the world are on Narvik, a small town in northern Norway, a source of the iron ore needed for Hitler's war machine. Through two months of fierce winter warfare, the German leader is dealt with his first defeat.",War,primary_release_date.desc
War,24,715931,Emancipation,2022,2022-12-02,3.2235,7.76,1267,https://image.tmdb.org/t/p/w500/AkdNXEquLf4GIkwh1dcSB7j0FTY.jpg,"Inspired by the gripping true story of a man who would do anything for his family—and for freedom. When Peter, an enslaved man, risks his life to escape and return to his family, he embarks on a perilous journey of love and endurance.",War,primary_release_date.desc|vote_average.desc
War,25,653851,Devotion,2022,2022-11-23,2.8117,7.1,823,https://image.tmdb.org/t/p/w500/26yQPXymbWeCLKwcmyL8dRjAzth.jpg,The harrowing true story of two elite US Navy fighter pilots during the Korean War. Their heroic sacrifices would ultimately make them the Navy's most celebrated wingmen.,War,primary_release_date.desc
War,26,49046,All Quiet on the Western Front,2022,2022-10-07,8.9807,7.7,4713,https://image.tmdb.org/t/p/w500/2IRjbi9cADuDMKmHdLK7LaqQDKA.jpg,"Paul Baumer and his friends Albert and Muller, egged on by romantic dreams of heroism, voluntarily enlist in the German army. Full of excitement and patriotic fervour, the boys enthusiastically march into a war they believe in. But once on the Western Front, they discover the soul-destroying horror of World War I.",War,primary_release_date.desc|popularity.desc|vote_average.desc
War,27,597922,The Greatest Beer Run Ever,2022,2022-09-23,2.8319,7.507,909,https://image.tmdb.org/t/p/w500/ggf37TpcKaxwguhvtNn6MQpyqBn.jpg,"Chickie wants to support his friends fighting in Vietnam, so he does something wild—personally bring them American beer. What starts as a well-meaning journey quickly changes Chickie's life and perspective.",War,primary_release_date.desc|vote_average.desc
War,28,724495,The Woman King,2022,2022-09-16,6.2227,7.589,2374,https://image.tmdb.org/t/p/w500/438QXt1E3WJWb3PqNniK0tAE5c1.jpg,"The story of the Agojie, the all-female unit of warriors who protected the African Kingdom of Dahomey in the 1800s with skills and a fierceness unlike anything the world has ever seen, and General Nanisca as she trains the next generation of recruits and readies them for battle against an enemy determined to destroy their way of life.",War,primary_release_date.desc|popularity.desc|vote_average.desc
War,29,840326,Sisu,2022,2022-09-09,7.1062,7.409,2851,https://image.tmdb.org/t/p/w500/xgb30M1wL4nibyFvlHh3w4XlDYq.jpg,"When an ex-soldier who discovers gold in the Lapland wilderness tries to take the loot into the city, German soldiers led by a brutal SS officer battle him.",War,primary_release_date.desc|popularity.desc
War,30,966220,Sniper: The White Raven,2022,2022-05-03,5.1642,7.692,918,https://image.tmdb.org/t/p/w500/lZOODJzwuQo0etJJyBBZJOSdZcW.jpg,"Mykola is an eccentric pacifist who wants to be useful to humanity. When the war begins in Donbas, Mykola’s naive world is collapsing as the militants kill his pregnant wife and burn his home to the ground. Recovered, he makes a cardinal decision and gets enlisted in a sniper company. Having met his wife’s killers, he emotionally breaks down and arranges “sniper terror” for the enemy.",War,primary_release_date.desc|popularity.desc|vote_average.desc
War,31,661231,Operation Mincemeat,2022,2022-04-01,1.9588,6.521,804,https://image.tmdb.org/t/p/w500/tfdfh1mK24VujxT5z11732asxdR.jpg,"In 1943, two British intelligence officers concoct Operation Mincemeat, wherein their plan to drop a corpse with false papers off the coast of Spain would fool Nazi spies into believing the Allied forces were planning to attack by way of Greece rather than Sicily.",War,primary_release_date.desc
War,32,811592,One Shot,2021,2021-11-05,2.8586,6.704,915,https://image.tmdb.org/t/p/w500/3OXiTjU30gWtqxmx4BU9RVp2OTv.jpg,"An elite squad of Navy SEALs, on a covert mission to transport a prisoner off a CIA black site island prison, are trapped when insurgents attack while trying to rescue the same prisoner.",War,primary_release_date.desc
War,33,650031,The Shadow in My Eye,2021,2021-10-28,2.1989,7.811,550,https://image.tmdb.org/t/p/w500/jCKvbH3a4V5IPoRAG85eDaniNqO.jpg,"On March 21st, 1945, the British Royal Air Force set out on a mission to bomb Gestapo's headquarters in Copenhagen. The raid had fatal consequences as some of the bombers accidentally targeted a school and more than 120 people were killed, 86 of whom were children.",War,primary_release_date.desc|vote_average.desc
War,34,788045,My Best Friend Anne Frank,2021,2021-10-07,1.0172,6.793,276,https://image.tmdb.org/t/p/w500/6codIHEKVYwbQ9Ey6CNoqWA9yxD.jpg,"Based on the real-life friendship between Anne Frank and Hannah Goslar, from Nazi-occupied Amsterdam to their harrowing reunion in a concentration camp.",War,primary_release_date.desc
War,35,633515,The Forgotten Battle,2021,2021-06-05,1.8076,7.1,774,https://image.tmdb.org/t/p/w500/wU8ijITXE2ZgoXJexTQByJiHCbp.jpg,"During WWII's crucial Battle of the Scheldt, the lives of a glider pilot, a Nazi soldier and a reluctant Resistance recruit tragically intersect.",War,primary_release_date.desc
War,36,567189,Tom Clancy's Without Remorse,2021,2021-04-30,3.857,6.9,2739,https://image.tmdb.org/t/p/w500/6OnlqShdRinhJwV1uGiRE70lD63.jpg,An elite Navy SEAL uncovers an international conspiracy while seeking justice for the murder of his pregnant wife.,War,primary_release_date.desc
War,37,736069,Justice Society: World War II,2021,2021-04-27,2.5584,7.383,607,https://image.tmdb.org/t/p/w500/tOUJvmdjppmPYZOoykWmerSspMT.jpg,"When the Flash finds himself dropped into the middle of World War II, he joins forces with Wonder Woman and her top-secret team known as the Justice Society of America.",War,primary_release_date.desc
War,38,728118,"Quo Vadis, Aida?",2021,2021-02-26,0.9672,7.651,476,https://image.tmdb.org/t/p/w500/eQy2Tgvmx0FkK8vMMqMW4aX5UXQ.jpg,"Bosnia, July 1995. Aida is a translator for the UN in the small town of Srebrenica. When the Serbian army takes over the town, her family is among the thousands of citizens looking for shelter in the UN camp. As an insider to the negotiations Aida has access to crucial information that she needs to interpret. What is at the horizon for her family and people – rescue or death? Which move should she take?",War,primary_release_date.desc|vote_average.desc
War,39,613093,Valley of the Dead,2020,2020-10-08,1.1224,6.233,328,https://image.tmdb.org/t/p/w500/avokvOwhjVR9GgISsSSgb2A343G.jpg,"During the Spanish Civil War, sworn enemies must work together when they encounter flesh-eating zombies created in a Nazi experiment.",War,primary_release_date.desc
War,40,508935,The Eight Hundred,2020,2020-08-14,5.4018,7.034,338,https://image.tmdb.org/t/p/w500/gWKYKGDLEMCSAyjQ1e0rpBSoRMD.jpg,"In 1937, eight hundred Chinese soldiers fight under siege from a warehouse in the middle of the Shanghai battlefield, completely surrounded by the Japanese army.",War,primary_release_date.desc|popularity.desc
War,41,516486,Greyhound,2020,2020-07-09,7.7628,7.419,3331,https://image.tmdb.org/t/p/w500/kjMbDciooTbJPofVXgAoFjfX8Of.jpg,"A first-time captain leads a convoy of allied ships carrying thousands of soldiers across the treacherous waters of the ""Black Pit"" to the front lines of WWII. With no air cover protection for 5 days, the captain and his convoy must battle the surrounding enemy Nazi U-boats in order to give the allies a chance to win the war.",War,primary_release_date.desc|popularity.desc
War,42,608195,Ghosts of War,2020,2020-07-03,1.7322,6.244,587,https://image.tmdb.org/t/p/w500/jR2SSICqmyaVV4lcR3PfNldJBPc.jpg,A group of World War II American soldiers encounter a supernatural enemy as they occupy a French castle previously under Nazi control.,War,primary_release_date.desc
War,43,531876,The Outpost,2020,2020-06-24,5.4325,6.874,1178,https://image.tmdb.org/t/p/w500/saN1UywIQMQNXYx2ag9j2tPwaVl.jpg,"A small unit of U.S. soldiers, alone at the remote Combat Outpost Keating, located deep in the valley of three mountains in Afghanistan, battles to defend against an overwhelming force of Taliban fighters in a coordinated attack. The Battle of Kamdesh, as it was known, was the bloodiest American engagement of the Afghan War in 2009 and Bravo Troop 3-61 CAV became one of the most decorated units of the 19-year conflict.",War,primary_release_date.desc|popularity.desc
War,44,581859,Da 5 Bloods,2020,2020-06-12,2.3636,6.436,1172,https://image.tmdb.org/t/p/w500/yx4cp1ljJMDSFeEex0Zjv45b55E.jpg,Four African-American Vietnam veterans return to Vietnam. They are in search of the remains of their fallen squad leader and the promise of buried treasure. These heroes battle forces of humanity and nature while confronted by the lasting ravages of the immorality of the Vietnam War.,War,primary_release_date.desc
War,45,581577,Persian Lessons,2020,2020-04-17,4.5132,7.5,483,https://image.tmdb.org/t/p/w500/ppReRGszmdZC2194keN4cGoLIPQ.jpg,"Occupied France, 1942. Gilles is arrested by SS soldiers alongside other Jews and sent to a camp in Germany. He narrowly avoids sudden execution by swearing to the guards that he is not Jewish, but Persian. This lie temporarily saves him, but Gilles gets assigned a life-or-death mission: to teach Farsi to Head of Camp Koch, who dreams of opening a restaurant in Iran once the war is over. Through an ingenious trick, Gilles manages to survive by inventing words of ""Farsi"" every day and teaching them to Koch.",War,primary_release_date.desc|vote_average.desc
War,46,491926,Resistance,2020,2020-03-27,2.7157,6.929,473,https://image.tmdb.org/t/p/w500/As22MQ8G3ILsdzsSIv1u9qEz6hE.jpg,The story of mime Marcel Marceau as he works with a group of Jewish boy scouts and the French Resistance to save the lives of ten thousand orphans during World War II.,War,primary_release_date.desc
War,47,592279,Kalashnikov AK-47,2020,2020-02-20,2.4245,7.388,361,https://image.tmdb.org/t/p/w500/ApfjrFsGunqLo5MKYGtFMTSTaMq.jpg,"A Russian military propaganda film about the tank commander Kalashnikov, severely injured in battle in 1941. The accident leaves him incapacitated and unable to return to the front line. While recovering in the hospital, he begins creating the initial sketches of what will become one of the world’s most legendary weapons. A self-taught inventor is only 29 when he develops the now iconic assault riffle — the AK-47. Shot in occupied Crimea.",War,primary_release_date.desc
War,48,442065,The Last Full Measure,2020,2020-01-23,2.7127,7.279,499,https://image.tmdb.org/t/p/w500/bMG8c80lyEkBXVgyHVqsdQhjgf6.jpg,"The incredible true story of Vietnam War hero William H. Pitsenbarger, a U.S. Air Force Pararescuemen medic who personally saved over sixty men. Thirty-two years later, Pentagon staffer Scott Huffman investigates a Congressional Medal of Honor request for Pitsenbarger and uncovers a high-level conspiracy behind the decades-long denial of the medal, prompting Huffman to put his own career on the line to seek justice for the fallen airman.",War,primary_release_date.desc
War,49,530915,1917,2019,2019-12-25,10.1158,7.986,13600,https://image.tmdb.org/t/p/w500/iZf0KyrE25z1sage4SYFLCCrMi9.jpg,"At the height of the First World War, two young British soldiers must cross enemy territory and deliver a message that will stop a deadly attack on hundreds of soldiers.",War,primary_release_date.desc|popularity.desc|vote_average.desc
War,50,522162,Midway,2019,2019-11-06,5.6701,7.1,2729,https://image.tmdb.org/t/p/w500/hj8pyoNnynGeJTAbl7jcLZO8Uhx.jpg,"The story of the Battle of Midway, and the leaders and soldiers who used their instincts, fortitude and bravery to overcome massive odds.",War,primary_release_date.desc|popularity.desc
Western,1,648878,Eddington,2025,2025-07-16,4.3701,6.5,828,https://image.tmdb.org/t/p/w500/4GIqZUgPZ146BhibsPHMHef2nXX.jpg,"In May of 2020, a standoff between a small-town sheriff and mayor sparks a powder keg as neighbor is pitted against neighbor in Eddington, New Mexico.",Western,primary_release_date.desc|popularity.desc
Western,2,324544,In the Lost Lands,2025,2025-02-27,6.6635,6.368,826,https://image.tmdb.org/t/p/w500/dDlfjR7gllmr8HTeN6rfrYhTdwX.jpg,"A queen sends the powerful and feared sorceress Gray Alys to the ghostly wilderness of the Lost Lands in search of a magical power, where she and her guide, the drifter Boyce, must outwit and outfight both man and demon.",Western,primary_release_date.desc|popularity.desc
Western,3,932086,Horizon: An American Saga - Chapter 1,2024,2024-06-26,3.762,6.812,655,https://image.tmdb.org/t/p/w500/posWMQwX1HCIK26TGL3niJp5fg0.jpg,"In 1859, families discover the lure of the Old West as they settle in territories from Wyoming to Kansas. Meanwhile, a gruff cowboy finds himself on the run with a prostitute and a young boy after killing a fellow gunman.",Western,primary_release_date.desc|popularity.desc
Western,4,963765,Strange Way of Life,2023,2023-05-26,1.1016,6.282,381,https://image.tmdb.org/t/p/w500/uKOSFVplHUtvjtDEE5N4x8Hs9vL.jpg,"After 25 years, a former hired gun visits his old colleague, now a small-town sheriff. Their past relationship is explored, as is how they reflect on it in the present.",Western,primary_release_date.desc
Western,5,892153,Tom and Jerry Cowboy Up!,2022,2022-01-24,2.3084,6.895,449,https://image.tmdb.org/t/p/w500/muIaHotSaSUQr0KZCIJOYQEe7y2.jpg,"This time, the rivals team up to help a cowgirl and her brother save their homestead from a greedy land-grabber, and they’re going to need some help! Jerry’s three precocious nephews are all ready for action, and Tom is rounding up a posse of prairie dogs. But can a ragtag band of varmints defeat a deceitful desperado determined to deceive a damsel in distress? No matter what happens with Tom and Jerry in the saddle, it’ll be a rootin’ tootin’ good time!",Western,primary_release_date.desc|vote_average.desc
Western,6,698508,Redeeming Love,2022,2022-01-21,8.9251,7.851,750,https://image.tmdb.org/t/p/w500/2iu0lBF7sfAioLfSnSJtdKxlms6.jpg,"A young couple's relationship clashes with the harsh realities of the California Gold Rush of 1850. Angel, experiencing love for the first time and facing demons unsurmountable, runs from the new life she doesn't believe she deserves. When Michael sets out to find her, Angel discovers that she indeed has the power to choose the life she wants.",Western,primary_release_date.desc|popularity.desc|vote_average.desc
Western,7,600583,The Power of the Dog,2021,2021-10-25,4.2361,6.737,2969,https://image.tmdb.org/t/p/w500/kEy48iCzGnp0ao1cZbNeWR6yIhC.jpg,"A domineering but charismatic rancher wages a war of intimidation on his brother's new wife and her teen son, until long-hidden secrets come to light.",Western,primary_release_date.desc|popularity.desc
Western,8,618162,The Harder They Fall,2021,2021-10-22,2.4136,6.628,1212,https://image.tmdb.org/t/p/w500/su9WzL7lwUZPhjH6eZByAYFx2US.jpg,"Gunning for revenge, outlaw Nat Love saddles up with his gang to take down enemy Rufus Buck, a ruthless crime boss who just got sprung from prison.",Western,primary_release_date.desc|popularity.desc
Western,9,785663,Old Henry,2021,2021-10-01,2.5909,7.255,703,https://image.tmdb.org/t/p/w500/eE1SL0QoDsvAMqQly56IkRtlN1W.jpg,"A widowed farmer and his son warily take in a mysterious, injured man with a satchel of cash. When a posse of men claiming to be the law come for the money, the farmer must decide who to trust. Defending a siege of his homestead, the farmer reveals a talent for gun-slinging that surprises everyone calling his true identity into question.",Western,primary_release_date.desc|popularity.desc|vote_average.desc
Western,10,637693,Spirit Untamed,2021,2021-05-20,2.8382,7.249,571,https://image.tmdb.org/t/p/w500/fLE2mvuvhvzmSICOsqR9uE50Ave.jpg,Lucky Prescott's life is changed forever when she moves from her home in the city to a small frontier town and befriends a wild mustang named Spirit.,Western,primary_release_date.desc|popularity.desc|vote_average.desc
Western,11,506281,The World to Come,2021,2021-02-12,2.0874,6.99,402,https://image.tmdb.org/t/p/w500/6GJQXJ96FUbXtB01VXAdp854qOt.jpg,"In 1856, two women forge a close connection despite their isolation on the American frontier.",Western,primary_release_date.desc|vote_average.desc
Western,12,581032,News of the World,2020,2020-12-25,2.0391,6.921,1946,https://image.tmdb.org/t/p/w500/fYQCgVRsQTEfUrP7cW5iAFVYOlh.jpg,"A Texan traveling across the wild West bringing the news of the world to local townspeople, agrees to help rescue a young girl who was kidnapped.",Western,primary_release_date.desc|vote_average.desc
Western,13,596161,Let Him Go,2020,2020-11-05,3.4895,6.84,828,https://image.tmdb.org/t/p/w500/EsLZoT8oHhQlGd1QpdbnvnwTzO.jpg,"Following the loss of their son, a retired sheriff and his wife leave their Montana ranch to rescue their young grandson from the clutches of a dangerous family living off the grid in the Dakotas.",Western,primary_release_date.desc|popularity.desc|vote_average.desc
Western,14,558582,First Cow,2020,2020-03-06,2.5184,7.056,537,https://image.tmdb.org/t/p/w500/yS41crZ1i0fFxCQbuL7I1Y1VBwm.jpg,"In the 1820s, a taciturn loner and skilled cook travels west to Oregon Territory, where he meets a Chinese immigrant also seeking his fortune. Soon the two team up on a dangerous scheme to steal milk from the wealthy landowner’s prized Jersey cow—the first, and only, in the territory.",Western,primary_release_date.desc|vote_average.desc
Western,15,446159,Bacurau,2019,2019-08-29,1.9667,7.645,1147,https://image.tmdb.org/t/p/w500/tBa4zMGzZUco26XT3WfZZCwQ76i.jpg,"Bacurau, a small town in the Brazilian sertão, mourns the loss of its matriarch, Carmelita, who lived to be 94. Days later, its inhabitants notice that their community has vanished from most maps.",Western,primary_release_date.desc|vote_average.desc
Western,16,538225,Deadwood: The Movie,2019,2019-05-31,1.7907,6.739,454,https://image.tmdb.org/t/p/w500/fCQ13cqd02dop7Chkov0fPl4r3t.jpg,"Follow the 10-year reunion of the Deadwood camp to celebrate South Dakota's statehood. Former rivalries are reignited, alliances are tested and old wounds are reopened, as all are left to navigate the inevitable changes that modernity and time have wrought.",Western,primary_release_date.desc
Western,17,537996,The Ballad of Buster Scruggs,2018,2018-11-09,4.443,7.1,4444,https://image.tmdb.org/t/p/w500/voxl654m7p36y8FLu8oQD7dfwwK.jpg,"Vignettes weaving together the stories of six individuals in the old West at the end of the Civil War. Following the tales of a sharp-shooting songster, a wannabe bank robber, two weary traveling performers, a lone gold prospector, a woman traveling the West to an uncertain future, and a motley crew of strangers undertaking a carriage ride.",Western,primary_release_date.desc|popularity.desc|vote_average.desc
Western,18,400090,The Nightingale,2018,2018-09-23,2.6114,7.063,662,https://image.tmdb.org/t/p/w500/wEzqFiatOJSbGBu6pb8z5sQuZt1.jpg,"In 1825, Clare, a 21-year-old Irish convict, chases a British soldier through the rugged Tasmanian wilderness, bent on revenge for a terrible act of violence he committed against her family. She enlists the services of an Aboriginal tracker who is also marked by trauma from his own violence-filled past.",Western,primary_release_date.desc|popularity.desc|vote_average.desc
Western,19,440161,The Sisters Brothers,2018,2018-09-19,2.3007,6.832,2093,https://image.tmdb.org/t/p/w500/wTgomqYRTXT3BXQScnIo8uHDyWC.jpg,"Oregon, 1851. Hermann Kermit Warm, a chemist and aspiring gold prospector, keeps a profitable secret that the Commodore wants to know, so he sends the Sisters brothers, two notorious assassins, to capture him on his way to California.",Western,primary_release_date.desc
Western,20,453278,The Rider,2018,2018-03-28,1.5815,7.26,559,https://image.tmdb.org/t/p/w500/cFsrA0Is5xode2INrPj1VJcQ18n.jpg,"Once a rising star of the rodeo circuit, and a gifted horse trainer, young cowboy Brady is warned that his riding days are over after a horse crushed his skull at a rodeo. In an attempt to regain control of his own fate, Brady undertakes a search for a new identity and what it means to be a man in the heartland of the United States.",Western,primary_release_date.desc|vote_average.desc
Western,21,384680,Hostiles,2017,2017-12-22,3.8163,6.941,2512,https://image.tmdb.org/t/p/w500/rqoezyB51GfhiloOB5ZErg5HXas.jpg,A legendary Native American-hating Army captain nearing retirement in 1892 is given one last assignment: to escort a Cheyenne chief and his family through dangerous territory back to his Montana reservation.,Western,primary_release_date.desc|popularity.desc|vote_average.desc
Western,22,291356,In a Valley of Violence,2016,2016-10-21,1.6778,6.111,637,https://image.tmdb.org/t/p/w500/otuBE30CGhmIUznkX0AwkAQerMF.jpg,"The story of a drifter named Paul who arrives in a small town seeking revenge on the thugs who murdered his friend. Sisters Mary Anne and Ellen, who run the town's hotel, help Paul in his quest for vengeance.",Western,primary_release_date.desc
Western,23,333484,The Magnificent Seven,2016,2016-09-14,8.6886,6.493,6434,https://image.tmdb.org/t/p/w500/ezcS78TIjgr85pVdaPDd2rSPVNs.jpg,"Looking to mine for gold, greedy industrialist Bartholomew Bogue seizes control of the Old West town of Rose Creek. With their lives in jeopardy, Emma Cullen and other desperate residents turn to bounty hunter Sam Chisolm for help. Chisolm recruits an eclectic group of gunslingers to take on Bogue and his ruthless henchmen. With a deadly showdown on the horizon, the seven mercenaries soon find themselves fighting for more than just money once the bullets start to fly.",Western,primary_release_date.desc|popularity.desc
Western,24,338766,Hell or High Water,2016,2016-08-11,4.862,7.301,4884,https://image.tmdb.org/t/p/w500/ljRRxqy2aXIkIBXLmOVifcOR021.jpg,A divorced dad and his ex-con brother resort to a desperate scheme in order to save their family's farm in West Texas.,Western,primary_release_date.desc|popularity.desc|vote_average.desc
Western,25,324560,Brimstone,2016,2016-03-12,3.3774,7.15,1278,https://image.tmdb.org/t/p/w500/aNxU4eZrfiChOgCEtyKWSCExdEi.jpg,"In the menacing inferno of the old North-American West, Liz is a genuine survivor who is hunted by a vengeful preacher for a crime she didn’t commit.",Western,primary_release_date.desc|popularity.desc|vote_average.desc
Western,26,281957,The Revenant,2015,2015-12-25,11.7293,7.541,19377,https://image.tmdb.org/t/p/w500/ji3ecJphATlVgWNY0B0RVXZizdf.jpg,"In the 1820s, a frontiersman, Hugh Glass, sets out on a path of vengeance against those who left him for dead after a bear mauling.",Western,primary_release_date.desc|popularity.desc|vote_average.desc
Western,27,273248,The Hateful Eight,2015,2015-12-25,7.7248,7.757,15334,https://image.tmdb.org/t/p/w500/jIywvdPjia2t3eKYbjVTcwBQlG8.jpg,Bounty hunters seek shelter from a raging blizzard and get caught up in a plot of betrayal and deception.,Western,primary_release_date.desc|popularity.desc|vote_average.desc
Western,28,294963,Bone Tomahawk,2015,2015-10-23,3.8067,6.881,2544,https://image.tmdb.org/t/p/w500/4MmTHpn2Y8emqvBgvOjufImUmKZ.jpg,"During a shootout in a saloon, Sheriff Hunt injures a suspicious stranger. The doctor's assistant, wife of the local foreman, tends to him in prison. That night, the town is attacked and they both disappear—only the arrow of a cannibal tribe is found. Hunt and a few of his men go in search of the prisoner and the foreman's wife.",Western,primary_release_date.desc|popularity.desc|vote_average.desc
Western,29,354110,Forsaken,2015,2015-09-16,2.8703,6.203,387,https://image.tmdb.org/t/p/w500/fbTpSiqGn6ImqSAyawHlLf7goat.jpg,"John Henry returns to his hometown in hopes of repairing his relationship with his estranged father, but a local gang is terrorizing the town. John Henry is the only one who can stop them, however he has abandoned both his gun and reputation as a fearless quick-draw killer.",Western,primary_release_date.desc|popularity.desc
Western,30,223485,Slow West,2015,2015-05-15,2.3173,6.691,1059,https://image.tmdb.org/t/p/w500/j3PmbRZvf5KpNbapSjn8b0CpD6a.jpg,"In the Old West, a 17-year-old Scottish boy teams up with a mysterious gunman to find the woman with whom he is infatuated.",Western,primary_release_date.desc|popularity.desc
Western,31,188161,A Million Ways to Die in the West,2014,2014-05-22,4.072,6.049,4429,https://image.tmdb.org/t/p/w500/n9SicwnoNGWBwE75le27sUhCLMm.jpg,"As a cowardly farmer begins to fall for the mysterious new woman in town, he must put his new-found courage to the test when her husband, a notorious gun-slinger, announces his arrival.",Western,primary_release_date.desc|popularity.desc
Western,32,266285,The Salvation,2014,2014-05-22,3.0313,6.48,954,https://image.tmdb.org/t/p/w500/xQsv3OI8UT6s9Rn3C0WxO24bnEx.jpg,"In 1870s America, a peaceful American settler kills his family's murderer which unleashes the fury of a notorious gang leader. His cowardly fellow townspeople then betray him, forcing him to hunt down the outlaws alone.",Western,primary_release_date.desc|popularity.desc
Western,33,264656,The Homesman,2014,2014-05-18,2.6345,6.529,877,https://image.tmdb.org/t/p/w500/eGpuOhkm1wG2AxEJShazH5NVGAO.jpg,"When three women living on the edge of the American frontier are driven mad by harsh pioneer life, the task of saving them falls to the pious, independent-minded Mary Bee Cuddy. Transporting the women by covered wagon to Iowa, she soon realizes just how daunting the journey will be, and employs a low-life drifter, George Briggs, to join her. The unlikely pair and the three women head east, where a waiting minister and his wife have offered to take the women in. But the group first must traverse the harsh Nebraska Territories marked by stark beauty, psychological peril and constant threat.",Western,primary_release_date.desc|popularity.desc
Western,34,57201,The Lone Ranger,2013,2013-07-03,5.0802,6.126,6175,https://image.tmdb.org/t/p/w500/yDuJGq8biNMW7zM3w95UaDJv0KG.jpg,"The Texas Rangers chase down a gang of outlaws led by Butch Cavendish, but the gang ambushes the Rangers, seemingly killing them all. One survivor is found, however, by an American Indian named Tonto, who nurses him back to health. The Ranger, donning a mask and riding a white stallion named Silver, teams up with Tonto to bring the unscrupulous gang and others of that ilk to justice.",Western,primary_release_date.desc|popularity.desc
Western,35,152748,Ain't Them Bodies Saints,2013,2013-07-03,1.3618,6.094,462,https://image.tmdb.org/t/p/w500/xkGkVjeMcvEg7P3VxWy8wYBJ7Dv.jpg,"Bob Muldoon and Ruth Guthrie, an impassioned young outlaw couple on an extended crime spree, are finally apprehended by lawmen after a shootout in the Texas hills. Although Ruth wounds a local officer, Bob takes the blame. But four years later, Bob escapes from prison and sets out to find Ruth and their daughter, born during his incarceration.",Western,primary_release_date.desc
Western,36,68718,Django Unchained,2012,2012-12-25,13.4951,8.192,28131,https://image.tmdb.org/t/p/w500/7oWY8VDWW7thTzWh3OKYRkWUlD5.jpg,"With the help of a German bounty hunter, a freed slave sets out to rescue his wife from a brutal Mississippi plantation owner.",Western,primary_release_date.desc|popularity.desc|vote_average.desc
Western,37,82633,Lawless,2012,2012-08-29,4.5225,7.069,3350,https://image.tmdb.org/t/p/w500/Ahtzwts22ayviD3LEVslfL4nRWB.jpg,"In 1931, the Bondurant brothers of Franklin County, Virginia, run a multipurpose backwoods establishment that hides their true business — bootlegging. Middle brother Forrest is the brain of the operation; older Howard is the brawn, and younger Jack, the lookout. Though the local police have taken bribes and left the brothers alone, a violent war erupts when a sadistic lawman from Chicago arrives and tries to shut down the Bondurants operation.",Western,primary_release_date.desc|popularity.desc|vote_average.desc
Western,38,68818,Blackthorn,2011,2011-07-01,0.9383,6.622,291,https://image.tmdb.org/t/p/w500/3QtOCerjSPkS9fo8IBwDr7qAwoj.jpg,"In Bolivia, Butch Cassidy (now calling himself James Blackthorn) pines for one last sight of home, an adventure that aligns him with a young robber and makes the duo a target for gangs and lawmen alike.",Western,primary_release_date.desc
Western,39,57120,Meek's Cutoff,2011,2011-04-08,1.5697,6.5,303,https://image.tmdb.org/t/p/w500/oc28NmVqLx0x8epu3Ih3LvX4zE9.jpg,A group of settlers traveling through the Oregon High Desert in 1845 find themselves stranded in harsh conditions.,Western,primary_release_date.desc
Western,40,44896,Rango,2011,2011-03-02,13.1618,6.906,7145,https://image.tmdb.org/t/p/w500/A5MP1guV8pbruieG0tnpPIbaJtt.jpg,"When Rango, a lost family pet, accidentally winds up in the gritty, gun-slinging Western town of Dirt, the theater-loving lizard suddenly finds himself the newly appointed sheriff. Welcomed as the last hope the town has been waiting for, Rango is forced to play his new role to the hilt and uncover the truth behind a looming water crisis—before his act catches up with him.",Western,primary_release_date.desc|popularity.desc|vote_average.desc
Western,41,44264,True Grit,2010,2010-12-22,6.0643,7.306,5777,https://image.tmdb.org/t/p/w500/tCrB8pcjadZjsDk7rleGJaIv78k.jpg,"Following the murder of her father by a hired hand, a 14-year-old farm girl sets out to capture the killer. To aid her, she hires the toughest U.S. Marshal she can find—a man with 'true grit'—Reuben J. 'Rooster' Cogburn.",Western,primary_release_date.desc|popularity.desc|vote_average.desc
Western,42,46528,The Warrior's Way,2010,2010-12-01,1.8408,6.606,671,https://image.tmdb.org/t/p/w500/otjBqNDpZ3C9mzfDOI4kaiib3Qd.jpg,A warrior-assassin is forced to hide in a small town in the American Badlands after refusing a mission.,Western,primary_release_date.desc
Western,43,52629,El Infierno,2010,2010-09-03,6.4262,7.896,782,https://image.tmdb.org/t/p/w500/ar8BpJ5xAzTIw9bqD9Sra6TjBvw.jpg,"After being deported back to Mexico, a man has no choice but to join the vicious drug cartel that has corrupted his hometown in order to survive.",Western,primary_release_date.desc|popularity.desc|vote_average.desc
Western,44,12690,Appaloosa,2008,2008-09-19,1.8601,6.57,1092,https://image.tmdb.org/t/p/w500/kQB0uxR3RDS2tGTZtBuFow9SF1T.jpg,Two friends hired to police a small town that is suffering under the rule of a rancher find their job complicated by the arrival of a young widow.,Western,primary_release_date.desc
Western,45,15067,"The Good, the Bad, the Weird",2008,2008-07-16,3.0373,7.173,819,https://image.tmdb.org/t/p/w500/lbPZ0aNoF0cHisg6DubFO2eS8so.jpg,"The story of three Korean outlaws in 1930s Manchuria and their dealings with the Japanese army and Chinese and Russian bandits. The Good (a bounty hunter), the Bad (a hitman), and the Weird (a thief) battle the army and the bandits in a race to use a treasure map to uncover the riches of legend.",Western,primary_release_date.desc|popularity.desc|vote_average.desc
Western,46,6977,No Country for Old Men,2007,2007-11-09,14.7484,7.951,13389,https://image.tmdb.org/t/p/w500/6d5XOczc226jECq0LIX0siKtgHR.jpg,"Llewelyn Moss stumbles upon dead bodies, $2 million and a hoard of heroin in a Texas desert, but methodical killer Anton Chigurh comes looking for it, with local sheriff Ed Tom Bell hot on his trail. The roles of prey and predator blur as the violent pursuit of money and justice collide.",Western,primary_release_date.desc|popularity.desc|vote_average.desc
Western,47,4512,The Assassination of Jesse James by the Coward Robert Ford,2007,2007-09-20,3.542,7.054,2790,https://image.tmdb.org/t/p/w500/2d1S6fJS80fvseg6mJE8eq5o7Kx.jpg,"Outlaw Jesse James is rumored to be the 'fastest gun in the West'. An eager recruit into James' notorious gang, Robert Ford eventually grows jealous of the famed outlaw and, when Robert and his brother sense an opportunity to kill James, their murderous action elevates their target to near mythical status.",Western,primary_release_date.desc|popularity.desc|vote_average.desc
Western,48,13637,Sukiyaki Western Django,2007,2007-09-15,1.6284,6.187,364,https://image.tmdb.org/t/p/w500/tnB7lpBknu510z9ATWbfpamPKZa.jpg,"A nameless gunfighter arrives in a town ripped apart by rival gangs and, though courted by both to join, chooses his own path.",Western,primary_release_date.desc
Western,49,5176,3:10 to Yuma,2007,2007-09-06,4.5191,7.231,4039,https://image.tmdb.org/t/p/w500/voMB69AsLnPNmtfbrBl0lbeFKDH.jpg,"In Arizona in the late 1800s, infamous outlaw Ben Wade and his vicious gang of thieves and murderers have plagued the Southern Railroad. When Wade is captured, Civil War veteran Dan Evans, struggling to survive on his drought-plagued ranch, volunteers to deliver him alive to the ""3:10 to Yuma"", a train that will take the killer to trial.",Western,primary_release_date.desc|popularity.desc|vote_average.desc
Western,50,13249,Seraphim Falls,2007,2007-01-26,1.924,6.412,634,https://image.tmdb.org/t/p/w500/3WCcrCYq9mCyFGLpgx2IwhpURTe.jpg,"The Civil War has ended, but Colonel Morsman Carver is on one final mission – to kill Gideon, no matter what it takes. Launched by a gunshot and propelled by rage, the relentless pursuit takes the two men through frigid snow-capped mountains and arid deserts, far from the comforts and codes of civilisation, into the bloodiest recesses of their own souls.",Western,primary_release_date.desc
